name,address,province,city,district,business_scope,contact,phone,registered_capital,registered_capital_raw,business_status,industry_code,tech_keywords,credit_score,role,is_verified,verification_status,source,source_company_id,source_url,source_query,uscc,establishment_date,website,phones_count,crucial_count,tags,raw_industries,scraped_at
六安市慧智五金加工有限公司,安徽省六安市金安区孙岗镇黄小店村,安徽省,六安市,金安区,"五金加工,五金制品加工,塑料制品加工,金属制品零部件加工,包装材料,箱包加工,汽车配件零部件加工研磨,灯饰零部件加工,五金件压铸,注塑、研磨",金*,00000000000,500.0,500万人民币,存续,,"刀剪及类似日用金属工具制造,其他未列明制造业",80.0,enterprise,true,approved,tianxiagongchang.com,2424765,https://www.tianxiagongchang.com/detail/2424765_lu-an-shi-hui-zhi-wu-jin-jia-gong-you-xian-gong-si,五金加工,91341502MA2PD7L4XW,2017-09-26,,3,1,"存续,真实工厂","刀剪及类似日用金属工具制造,其他未列明制造业",2026-09-15T16:08:20.726521+00:00
重庆腾鸿五金加工有限公司,重庆市永川区陈食办事处王家岩村王家岩村民小组,重庆市,重庆市,永川区,五金加工、制造、销售,陈**,00000000000,60.0,60万人民币,存续,,"金属加工机械制造,其他金属制日用品制造",80.0,enterprise,true,approved,tianxiagongchang.com,1104370,https://www.tianxiagongchang.com/detail/1104370_chong-qing-teng-hong-wu-jin-jia-gong-you-xian-gong-si,五金加工,91500118MA608QMJ8K,2019-02-02,,1,1,"存续,真实工厂","金属加工机械制造,其他金属制日用品制造",2026-09-15T16:08:20.726521+00:00
南京信恒五金加工店,南京市江宁区东山街道高桥社区前潘村177号,江苏省,南京市,江宁区,五金加工,张*,00000000000,5.0,5万人民币,存续,,"其他金属加工机械制造,铸造机械制造",80.0,enterprise,true,approved,tianxiagongchang.com,268848,https://www.tianxiagongchang.com/detail/268848_nan-jing-xin-heng-wu-jin-jia-gong-dian,五金加工,92320115MA1QQ7206B,2009-05-04,,4,1,"存续,真实工厂","其他金属加工机械制造,铸造机械制造",2026-09-15T16:08:20.726521+00:00
惠州市仲恺高新区潼侨镇瑞和五金加工店,惠州市仲恺高新区陈江街道五一村委会五一利市围小组8号一楼厂房,广东省,惠州市,惠城区,五金加工（不含五金电镀）,叶**,00000000000,1.0,1万人民币,存续,,"金属结构制造,其他未列明制造业",80.0,enterprise,true,approved,tianxiagongchang.com,336686,https://www.tianxiagongchang.com/detail/336686_hui-zhou-shi-zhong-kai-gao-xin-qu-tong-qiao-zhen-rui-he-wu-jin-jia-gong-dian,五金加工,92441300L65132058C,2011-01-24,,1,1,"存续,真实工厂","金属结构制造,其他未列明制造业",2026-09-15T16:08:20.726521+00:00
泊头市峰云五金加工有限公司,河北省沧州市泊头市宋屯子村,河北省,沧州市,泊头市,五金加工**（依法须经批准的项目，经相关部门批准后方可开展经营活动）,王**,00000000000,10.0,10万人民币,存续,,"其他未列明金属制品制造,其他未列明制造业",80.0,enterprise,true,approved,tianxiagongchang.com,354763,https://www.tianxiagongchang.com/detail/354763_bo-tou-shi-feng-yun-wu-jin-jia-gong-you-xian-gong-si,五金加工,91130981MA07KFJE9L,2015-10-26,,3,3,"存续,真实工厂","其他未列明金属制品制造,其他未列明制造业",2026-09-15T16:08:20.726521+00:00
锡山区东亭康航五金加工场,锡山经济开发区凤威路128号,江苏省,无锡市,锡山区,五金加工,尹**,00000000000,2.0,2万人民币,存续,,"其他通用零部件制造,结构性金属制品制造",80.0,enterprise,true,approved,tianxiagongchang.com,371988,https://www.tianxiagongchang.com/detail/371988_xi-shan-qu-dong-ting-kang-hang-wu-jin-jia-gong-chang,五金加工,92320205MA1QXW7D0N,2011-08-17,,1,1,"存续,真实工厂","其他通用零部件制造,结构性金属制品制造",2026-09-15T16:08:20.726521+00:00
东莞贤稳五金加工有限公司,东莞市麻涌镇麻三村豪丰工业园翰光B座,广东省,东莞市,东莞市,"纸制品,五金加工及表面处理",林**,00000000000,30.0,30万人民币,存续,,金属表面处理及热处理加工,80.0,enterprise,true,approved,tianxiagongchang.com,427672,https://www.tianxiagongchang.com/detail/427672_dong-guan-xian-wen-wu-jin-jia-gong-you-xian-gong-si,五金加工,91441900097204666L,2014-04-09,,7,1,"存续,真实工厂",金属表面处理及热处理加工,2026-09-15T16:08:20.726521+00:00
东莞市东城利轩五金加工店,广东省东莞市东城街道文塔路125号之一104室,广东省,东莞市,东莞市,五金加工,刘**,00000000000,,,存续,,"金属结构制造,结构性金属制品制造",80.0,enterprise,true,approved,tianxiagongchang.com,550341,https://www.tianxiagongchang.com/detail/550341_dong-guan-shi-dong-cheng-li-xuan-wu-jin-jia-gong-dian,五金加工,92441900MA4WPA3C4Y,2016-08-29,,2,1,"存续,真实工厂","金属结构制造,结构性金属制品制造",2026-09-15T16:08:20.726521+00:00
惠州大亚湾美兴五金加工部,惠州大亚湾澳头岩前长青街三巷8号,广东省,惠州市,惠阳区,五金加工,蔡**,00000000000,5.0,5万人民币,存续,,"手工具制造,结构性金属制品制造",80.0,enterprise,true,approved,tianxiagongchang.com,599574,https://www.tianxiagongchang.com/detail/599574_hui-zhou-da-ya-wan-mei-xing-wu-jin-jia-gong-bu,五金加工,92441300MA4W8F542W,2015-07-15,,1,1,"存续,真实工厂","手工具制造,结构性金属制品制造",2026-09-15T16:08:20.726521+00:00
惠州大亚湾展宇五金加工店,惠州大亚湾澳头岩前村育英街四巷5号,广东省,惠州市,惠阳区,五金加工,黄**,00000000000,7.0,7万人民币,存续,,"手工具制造,金属表面处理及热处理加工",80.0,enterprise,true,approved,tianxiagongchang.com,599666,https://www.tianxiagongchang.com/detail/599666_hui-zhou-da-ya-wan-zhan-yu-wu-jin-jia-gong-dian,五金加工,92441300L771117993,2014-11-06,,3,1,"存续,真实工厂","手工具制造,金属表面处理及热处理加工",2026-09-15T16:08:20.726521+00:00
东莞市益满江精密注塑模具有限公司,广东省东莞市谢岗镇谢岗新城一路7号5栋101室,广东省,东莞市,东莞市,"注塑模具,塑胶制品,五金制品,电力电子元器件,电脑配件,金属材料,电子产品,数码产品,货物或技术进出口",张**,00000000000,50.0,50万人民币,存续,,塑料制品业,80.0,enterprise,true,approved,tianxiagongchang.com,2630485,https://www.tianxiagongchang.com/detail/2630485_dong-guan-shi-yi-man-jiang-jing-mi-zhu-su-mu-ju-you-xian-gong-si,注塑模具,91441900MA520YAA6F,2018-07-17,,2,1,"存续,真实工厂",塑料制品业,2026-09-15T16:08:20.726521+00:00
苍南县龙港啊坤注塑模具加工厂,苍南县龙港镇新渡街603号一层,浙江省,温州市,苍南县,注塑模具加工,王**,00000000000,8.0,8万人民币,存续,,"其他未列明金属制品制造,其他未列明制造业",80.0,enterprise,true,approved,tianxiagongchang.com,2707552,https://www.tianxiagongchang.com/detail/2707552_cang-nan-xian-long-gang-a-kun-zhu-su-mu-ju-jia-gong-chang,注塑模具,92330327MA2C5QRYXX,2013-09-12,,1,1,"存续,真实工厂","其他未列明金属制品制造,其他未列明制造业",2026-09-15T16:08:20.726521+00:00
中山市顺利注塑模具有限公司,中山市东凤镇小沥社区江凤路6号一楼（住所申报）,广东省,中山市,,"注塑模具,插头模具,模具配件",周**,00000000000,30.0,30万人民币,存续,,"专用设备制造业,化工、木材、非金属加工专用设备制造,模具制造",80.0,enterprise,true,approved,tianxiagongchang.com,4157601,https://www.tianxiagongchang.com/detail/4157601_zhong-shan-shi-shun-li-zhu-su-mu-ju-you-xian-gong-si,注塑模具,91442000MA52QM8W21,2019-01-07,,4,2,存续,"专用设备制造业,化工、木材、非金属加工专用设备制造,模具制造",2026-09-15T16:08:20.726521+00:00
苍南县龙港镇华谊注塑模具加工厂,苍南县龙港镇白河小区A幢101室一层,浙江省,温州市,苍南县,注塑模具加工,董**,00000000000,1.0,1万人民币,存续,,"塑料零件及其他塑料制品制造,电子和电工机械专用设备制造",80.0,enterprise,true,approved,tianxiagongchang.com,1858544,https://www.tianxiagongchang.com/detail/1858544_cang-nan-xian-long-gang-zhen-hua-yi-zhu-su-mu-ju-jia-gong-chang,注塑模具,92330327MA2C9UTT4N,2010-11-01,,6,0,"存续,真实工厂","塑料零件及其他塑料制品制造,电子和电工机械专用设备制造",2026-09-15T16:08:20.726521+00:00
中山励志发注塑模具有限公司,中山市三乡镇乌石村黄屋坑路36号A栋1楼B区,广东省,中山市,中山市,"非金属制品和夹具及其相关产品的进出口业务,多种注塑件,开发,精密型腔模,夹具,摩托车模具,精冲模,模具标准件,生产和销售自产的多种注塑件,非金属制品,汽车,摩托车模具和夹具",彭**,00000000000,150.0,150万人民币,存续,,"塑料零件及其他塑料制品制造,模具制造",80.0,enterprise,true,approved,tianxiagongchang.com,1591704,https://www.tianxiagongchang.com/detail/1591704_zhong-shan-li-zhi-fa-zhu-su-mu-ju-you-xian-gong-si,注塑模具,914404000767267136,2013-08-21,,5,1,"存续,真实工厂,曾用名,珠海励志发注塑模具有限公司","塑料零件及其他塑料制品制造,模具制造",2026-09-15T16:08:20.726521+00:00
广州市协尔成注塑模具有限公司,广州市白云区人和镇鹤亭村秀盛路自编100号,广东省,广州市,白云区,"精密模具制造,喷油丝印,产品开发与设计,模具注塑加工,产品注塑",杨**,00000000000,100.0,100万人民币,存续,,塑料零件及其他塑料制品制造,80.0,enterprise,true,approved,tianxiagongchang.com,1220656,https://www.tianxiagongchang.com/detail/1220656_guang-zhou-shi-xie-er-cheng-zhu-su-mu-ju-you-xian-gong-si,注塑模具,91440101671803808U,2008-01-18,,6,2,"存续,真实工厂",塑料零件及其他塑料制品制造,2026-09-15T16:08:20.726521+00:00
东莞市卡耐基注塑模具科技有限公司,东莞市清溪镇居民香芒西路296号A栋一楼一区,广东省,东莞市,东莞市,,刘**,00000000000,500.0,500万人民币,存续,,模具制造,80.0,enterprise,true,approved,tianxiagongchang.com,1969364,https://www.tianxiagongchang.com/detail/1969364_dong-guan-shi-ka-nai-ji-zhu-su-mu-ju-ke-ji-you-xian-gong-si,注塑模具,914419000621423545,2013-03-08,,2,1,"存续,真实工厂",模具制造,2026-09-15T16:08:20.726521+00:00
深圳市镒成达注塑模具有限公司,深圳市宝安区新桥街道万丰社区大朗山一路1-1号平房2一层,广东省,深圳市,宝安区,,张**,00000000000,50.0,50万人民币,存续,,"塑料零件及其他塑料制品制造,其他贸易经纪与代理",80.0,enterprise,true,approved,tianxiagongchang.com,1443317,https://www.tianxiagongchang.com/detail/1443317_shen-zhen-shi-yi-cheng-da-zhu-su-mu-ju-you-xian-gong-si,注塑模具,91440300MA5FG6JQ73,2019-01-25,,2,1,"存续,真实工厂","塑料零件及其他塑料制品制造,其他贸易经纪与代理",2026-09-15T16:08:20.726521+00:00
江门市江海区荣和注塑模具有限公司,江门市江海区礼乐向荣工业区（自编东A6）,广东省,江门市,江海区,,吴**,00000000000,10.0,10万人民币,存续,,"塑料零件及其他塑料制品制造,模具制造",80.0,enterprise,true,approved,tianxiagongchang.com,264523,https://www.tianxiagongchang.com/detail/264523_jiang-men-shi-jiang-hai-qu-rong-he-zhu-su-mu-ju-you-xian-gong-si,注塑模具,91440704564589180L,2010-11-25,,3,0,"存续,真实工厂","塑料零件及其他塑料制品制造,模具制造",2026-09-15T16:08:20.726521+00:00
菏泽市牡丹区鹏兴注塑模具加工厂,菏泽市牡丹区何楼办事处晁大庄,山东省,菏泽市,牡丹区,,许*,00000000000,0.0,0.002万人民币,存续,,其他未列明零售业,80.0,enterprise,true,approved,tianxiagongchang.com,384518,https://www.tianxiagongchang.com/detail/384518_he-ze-shi-mu-dan-qu-peng-xing-zhu-su-mu-ju-jia-gong-chang,注塑模具,92371702MA3HTKL71Y,2013-06-05,,1,0,"存续,真实工厂",其他未列明零售业,2026-09-15T16:08:20.726521+00:00
佛吉亚（重庆）汽车零部件有限公司,重庆市渝北区双凤桥街道空港大道1072号,重庆市,重庆市,渝北区,"汽车零部件,内饰,座椅,排气系统,汽车内饰部件",许**,00000000000,13000.0,13000万人民币,存续,,"汽车零部件及配件制造,非织造布制造",80.0,enterprise,true,approved,tianxiagongchang.com,188410,https://www.tianxiagongchang.com/detail/188410_fu-ji-ya-chong-qing-qi-che-ling-bu-jian-you-xian-gong-si,汽车零部件,91500112MA5U7DR41P,2016-08-23,http://faurecia.huibo.cn,16,1,"存续,真实工厂,曾用名,重庆佛吉亚长鹏汽车部件有限公司","汽车零部件及配件制造,非织造布制造",2026-09-15T16:08:20.726521+00:00
昆山达亚汽车零部件有限公司,巴城镇石牌工商管理区金凤凰路北侧,江苏省,苏州市,昆山市,"fanuc电焊机器人工作站,焊接加工,检具开发制造,焊接夹具的生产,货物及技术的进出口业务,总成焊接拼装,模具,焊接零部件,汽车零部件,检具,汽车车身上各种冲压,abb弧焊机器人工作站,大中小型件冲压,加工及销售",曹*,00000000000,119000.0,119000万人民币,存续,,"汽车零部件及配件制造,其他未列明通用设备制造业",80.0,enterprise,true,approved,tianxiagongchang.com,328030,https://www.tianxiagongchang.com/detail/328030_kun-shan-da-ya-qi-che-ling-bu-jian-you-xian-gong-si,汽车零部件,91320583557109353J,2010-06-12,,8,1,"存续,真实工厂","汽车零部件及配件制造,其他未列明通用设备制造业",2026-09-15T16:08:20.726521+00:00
成都华滋东江汽车零部件有限公司,四川省成都市龙泉驿区黄土镇长伍村7组130号,四川省,成都市,龙泉驿区,"货物进出口业务,未取得相关行政许可,销售及货物进出口业务,汽车零部件的设计,检具,不得开展经营活动],夹具,钢材,汽车零部件,经相关部门批准后方可开展经营活动,开发,钢材的加工及销售[依法须经批准的项目,生产,模具",邹**,00000000000,6150.0,6150万人民币,存续,,汽车零部件及配件制造,80.0,enterprise,true,approved,tianxiagongchang.com,345668,https://www.tianxiagongchang.com/detail/345668_cheng-du-hua-zi-dong-jiang-qi-che-ling-bu-jian-you-xian-gong-si,汽车零部件,91510112343041410M,2015-06-04,,12,1,"存续,真实工厂",汽车零部件及配件制造,2026-09-15T16:08:20.726521+00:00
陕西宏祥专用汽车零部件有限公司,陕西省咸阳市高新技术产业开发区高新大道十字东北角,陕西省,咸阳市,秦都区,"机械构件,汽车车厢的加工、安装,橡胶件加工,钢材、建材,金属材料,矿用机械,汽车（除小轿车外）及配件的销售,油田设备,水罐,油罐,野营房,钢结构,集装箱,活动板房,工程机械,汽车零部件",崔**,00000000000,10000.0,10000万人民币,存续,,"汽车零部件及配件制造,汽车整车制造",80.0,enterprise,true,approved,tianxiagongchang.com,406635,https://www.tianxiagongchang.com/detail/406635_shan-xi-hong-xiang-zhuan-yong-qi-che-ling-bu-jian-you-xian-gong-si,汽车零部件,91610481MA6XXU974C,2020-05-21,,2,2,"存续,真实工厂","汽车零部件及配件制造,汽车整车制造",2026-09-15T16:08:20.726521+00:00
湖北顺达汽车零部件有限公司,湖北省麻城经济开发区京广大道以北,湖北省,黄冈市,麻城市,"汽车零部件总成,别墅门锁,模具制造,家具拉手,电泳,油漆喷涂,普通货物运输,汽车冲压件及焊接件,智能锁具,家具配件,工程配套五金,金属表面处理及热处理加工,机动车零部件及总成",吴**,00000000000,10000.0,10000万人民币,存续,,汽车零部件及配件制造,80.0,enterprise,true,approved,tianxiagongchang.com,427857,https://www.tianxiagongchang.com/detail/427857_hu-bei-shun-da-qi-che-ling-bu-jian-you-xian-gong-si,汽车零部件,9142118155065659XN,2010-02-02,,7,1,"存续,真实工厂",汽车零部件及配件制造,2026-09-15T16:08:20.726521+00:00
沈阳市常春汽车零部件有限公司,沈阳市大东区建设路118号,辽宁省,沈阳市,大东区,"行李箱内饰总成,副仪表板总成,经相关部门批准后方可开展经营活动,汽车内外饰件开发,天窗遮阳板,汽车零部件制造,自有房屋租赁,设计,自营和代理各类商品和技术的进出口,仪表板,衣帽架总成,搬运装卸服务,依法须经批准的项目,但国家限定公司经营或禁止进出口的商品和技术除外,汽车制造厂配套门内护板总成",张*,00000000000,20200.0,20200万人民币,存续,,"汽车零部件及配件制造,汽车整车制造",80.0,enterprise,true,approved,tianxiagongchang.com,546982,https://www.tianxiagongchang.com/detail/546982_shen-yang-shi-chang-chun-qi-che-ling-bu-jian-you-xian-gong-si,汽车零部件,91210100564686220E,2011-01-17,,5,1,"存续,真实工厂","汽车零部件及配件制造,汽车整车制造",2026-09-15T16:08:20.726521+00:00
杭州金日汽车零部件有限公司,浙江省杭州市临平区塘栖镇康信路603-1号1幢,浙江省,杭州市,临平区,"汽车零部件,丰田仪表台,汽车仪表台,大众倒车镜,现代倒车镜,皮卡车盖,倒车镜,本田倒车镜,丰田倒车镜,尼桑倒车镜",唐**,00000000000,5250.0,5250万人民币,存续,,"汽车零部件及配件制造,有色金属合金制造",80.0,enterprise,true,approved,tianxiagongchang.com,553938,https://www.tianxiagongchang.com/detail/553938_hang-zhou-jin-ri-qi-che-ling-bu-jian-you-xian-gong-si,汽车零部件,91330110768220617K,2004-11-18,https://www.qxpautomirror.com,29,3,"存续,真实工厂","汽车零部件及配件制造,有色金属合金制造",2026-09-15T16:08:20.726521+00:00
常熟中隆汽车零部件有限公司,江苏省常熟经济技术开发区兴港路（东）3号,江苏省,苏州市,常熟市,"工装开发到实验验证,汽车车身冲压件,新车型白车身试制总成,并销售自产产品,生产,车身总成的研发,从事汽车零部件,汽车车身冲焊模块化总成的量产配套,质量培育",B**************,00000000000,11952.11,11952.113747万人民币,存续,,汽车零部件及配件制造,80.0,enterprise,true,approved,tianxiagongchang.com,619453,https://www.tianxiagongchang.com/detail/619453_chang-shu-zhong-long-qi-che-ling-bu-jian-you-xian-gong-si,汽车零部件,913205813216810974,2014-12-25,,7,1,"存续,真实工厂",汽车零部件及配件制造,2026-09-15T16:08:20.726521+00:00
浙江金晟汽车零部件股份有限公司,浙江省诸暨市陶朱街道文丰路13号,浙江省,绍兴市,诸暨市,"冲压件,其他汽车零部件,研究,稳定杆,销售：自产产品,汽车零部件及配件,生产：稳定杆,开发：汽车零部件及配件",金**,00000000000,5500.0,5500万人民币,存续,,汽车零部件及配件制造,80.0,enterprise,true,approved,tianxiagongchang.com,646374,https://www.tianxiagongchang.com/detail/646374_zhe-jiang-jin-cheng-qi-che-ling-bu-jian-gu-fen-you-xian-gong-si,汽车零部件,91330600313626426F,2014-09-03,,13,1,"存续,真实工厂",汽车零部件及配件制造,2026-09-15T16:08:20.726521+00:00
郑州敏惠汽车零部件有限公司,郑州经济技术开发区（郑州国际物流园区）龙飞街362号,河南省,郑州市,中牟县,"特种密封材料的生产,非金属制品模具的设计,专用高强度坚固件,驱动桥总成,制造,组合仪表,无机非金属材料及制品,货物或技术进出口,特种密封材料,加工,汽车零部件,非金属制品模具,加工汽车零部件,场地租赁,房屋租赁,销售本公司产品,生产",钟**,00000000000,9000.0,9000万人民币,存续,,"汽车零部件及配件制造,汽车车身、挂车制造",80.0,enterprise,true,approved,tianxiagongchang.com,831587,https://www.tianxiagongchang.com/detail/831587_zheng-zhou-min-hui-qi-che-ling-bu-jian-you-xian-gong-si,汽车零部件,91410100599129010Y,2012-07-10,,6,1,"存续,真实工厂","汽车零部件及配件制造,汽车车身、挂车制造",2026-09-15T16:08:20.726521+00:00
江西谐源电子元器件有限公司,江西省鄱阳县芦田工业园区宝鸿标准厂房3栋1楼,江西省,上饶市,鄱阳县,"电子元器件生产及销售,橡塑原材料销售",江*,00000000000,200.0,200万人民币,存续,,电力电子元器件制造,80.0,enterprise,true,approved,tianxiagongchang.com,4253174,https://www.tianxiagongchang.com/detail/4253174_jiang-xi-xie-yuan-dian-zi-yuan-qi-jian-you-xian-gong-si,电子元器件,91361128322539535B,2014-12-18,,4,2,"存续,真实工厂,曾用名,江西谐源科技有限公司",电力电子元器件制造,2026-09-15T16:08:20.726521+00:00
慈溪市文辉电子元器件厂,慈溪市崇寿镇傅福村傅福四区132号,浙江省,宁波市,慈溪市,"手机磁铁,电机磁钢,塑料制品,电动自行车配件,玩具磁铁,电子元器件,慈溪市文辉电子元器件,永磁材料",黄**,00000000000,,,存续,,"电阻电容电感元件制造,电力电子元器件制造",80.0,enterprise,true,approved,tianxiagongchang.com,661168,https://www.tianxiagongchang.com/detail/661168_ci-xi-shi-wen-hui-dian-zi-yuan-qi-jian-chang,电子元器件,92330282MA2EJJLU8B,2009-12-03,,6,1,"存续,真实工厂","电阻电容电感元件制造,电力电子元器件制造",2026-09-15T16:08:20.726521+00:00
惠州市宏业永隆电子元器件有限公司,惠州市惠城区汝湖镇虾村村七组408号,广东省,惠州市,惠城区,"保险丝座,五金制品,保险丝,货物及技术进出口,电子线材,永隆电子元器件,国内贸易,电子产品,温度开关,电子元器件,销售：电子产品,加工,塑胶制品,生产",陈*,00000000000,50.0,50万人民币,存续,,电力电子元器件制造,80.0,enterprise,true,approved,tianxiagongchang.com,704385,https://www.tianxiagongchang.com/detail/704385_hui-zhou-shi-hong-ye-yong-long-dian-zi-yuan-qi-jian-you-xian-gong-si,电子元器件,91441302MA4WJTQ52N,2017-05-16,,4,1,"存续,真实工厂",电力电子元器件制造,2026-09-15T16:08:20.726521+00:00
新乡市新晨电子元器件有限公司,河南省新乡市牧野区荣校东路559号竹馨居12号楼103-1室,河南省,新乡市,牧野区,"电力电子元器件制造,电子元器件零售,电子专用设备销售,电子专用材料销售,电子、机械设备维护（不含特种设备）,纸制品制造",王**,00000000000,50.0,50万人民币,存续,,电力电子元器件制造,80.0,enterprise,true,approved,tianxiagongchang.com,808029,https://www.tianxiagongchang.com/detail/808029_xin-xiang-shi-xin-chen-dian-zi-yuan-qi-jian-you-xian-gong-si,电子元器件,91410711MA9GNRHY3G,2021-04-20,,2,1,"存续,真实工厂",电力电子元器件制造,2026-09-15T16:08:20.726521+00:00
新北区三井中誉电子元器件加工厂,新北区三井街道玉龙中路28号,江苏省,常州市,新北区,电子元器件加工,张**,00000000000,10.0,10万人民币,存续,,"电力电子元器件制造,电子和电工机械专用设备制造",80.0,enterprise,true,approved,tianxiagongchang.com,2343354,https://www.tianxiagongchang.com/detail/2343354_xin-bei-qu-san-jing-zhong-yu-dian-zi-yuan-qi-jian-jia-gong-chang,电子元器件,92320411MA1XQ2K549,2019-01-03,,2,1,"存续,真实工厂","电力电子元器件制造,电子和电工机械专用设备制造",2026-09-15T16:08:20.726521+00:00
杭州临安同协电子元器件有限公司,浙江省杭州市临安区锦城街道畔湖路1100-201,浙江省,杭州市,临安区,"晶体管金属外壳,晶体管外壳管座管帽TO3TO66,电子元器件",韩**,00000000000,20.0,20万人民币,存续,,"其他电子元件制造,电气机械和器材制造业,输配电及控制设备制造,电力电子元器件制造",80.0,enterprise,true,approved,tianxiagongchang.com,3655000,https://www.tianxiagongchang.com/detail/3655000_hang-zhou-lin-an-tong-xie-dian-zi-yuan-qi-jian-you-xian-gong-si,电子元器件,913301856998026203,2010-01-07,,4,1,"存续,真实工厂,曾用名,临安同协电子元器件有限公司","其他电子元件制造,电气机械和器材制造业,输配电及控制设备制造,电力电子元器件制造",2026-09-15T16:08:20.726521+00:00
飞比达电子元器件（天津）有限公司,天津经济技术开发区第五大街31号,天津市,天津市,滨海新区,电子元器件,张**,00000000000,568.0,80万美元,存续,,"电子元器件与机电组件设备制造,智能消费设备制造",80.0,enterprise,true,approved,tianxiagongchang.com,1205483,https://www.tianxiagongchang.com/detail/1205483_fei-bi-da-dian-zi-yuan-qi-jian-tian-jin-you-xian-gong-si,电子元器件,911201167229545860,2000-05-08,,15,0,"存续,真实工厂","电子元器件与机电组件设备制造,智能消费设备制造",2026-09-15T16:08:20.726521+00:00
集贤县晟力电力电子元器件制造有限公司,黑龙江省双鸭山市集贤县福利镇福双路东1-3号1层,黑龙江省,双鸭山市,集贤县,电力电子元器件,黄*,00000000000,50.0,50万人民币,存续,,"其他电子设备制造,电力电子元器件制造",80.0,enterprise,true,approved,tianxiagongchang.com,1322491,https://www.tianxiagongchang.com/detail/1322491_ji-xian-xian-cheng-li-dian-li-dian-zi-yuan-qi-jian-zhi-zao-you-xian-gong-si,电子元器件,91230521MA1BL9Q465,2019-05-22,,1,0,"存续,真实工厂","其他电子设备制造,电力电子元器件制造",2026-09-15T16:08:20.726521+00:00
黄骅市国益电子元器件厂,河北省沧州市黄骅市吕桥镇陈庄子村,河北省,沧州市,黄骅市,电子元器件加工,李**,00000000000,0.0,0.001万人民币,存续,,"电力电子元器件制造,其他电子元件制造",80.0,enterprise,true,approved,tianxiagongchang.com,3128962,https://www.tianxiagongchang.com/detail/3128962_huang-hua-shi-guo-yi-dian-zi-yuan-qi-jian-chang,电子元器件,92130983MA0923AM80,2016-09-05,,2,0,"存续,真实工厂","电力电子元器件制造,其他电子元件制造",2026-09-15T16:08:20.726521+00:00
艾尔康电子元器件（韶关）有限公司,乐昌市乐昌产业转移工业园乐园大道19号办公楼二楼,广东省,韶关市,乐昌市,"从事开关,感应器,模具及其零配件,探针,五金模具,开关制,开关,塑胶,包装材料,接线端子,接插件,塑胶模具,货物或技术进出口,自动化生产测试设备及配件,电子元器件,自动化生产测试设备及配件的销售,批发,及相关电子元器件类产品的进出口,佣金代理,变压器产品,信息咨询服务,相关零配件,提供相关的配套服务,插座,五金制品",林**,00000000000,7000.0,7000万人民币,存续,,"仪器仪表制造业,计算机、通信和其他电子设备制造业,电子器件制造,其他电子器件制造",80.0,enterprise,true,approved,tianxiagongchang.com,3734648,https://www.tianxiagongchang.com/detail/3734648_ai-er-kang-dian-zi-yuan-qi-jian-shao-guan-you-xian-gong-si,电子元器件,914403007827580855,2006-05-19,https://www.ptr-hartmann.cn,20,1,"存续,真实工厂,曾用名,深圳艾尔康电子元器件有限公司","仪器仪表制造业,计算机、通信和其他电子设备制造业,电子器件制造,其他电子器件制造",2026-09-15T16:08:20.726521+00:00
发伟包装印刷（重庆）有限公司,重庆市奉节县移民生态园兴园路8号,重庆市,重庆市,奉节县,"出版物印刷,包装装潢印刷品印刷,包装印刷材料销售,塑胶、五金",张**,00000000000,2000.0,2000万人民币,存续,,"包装装潢及其他印刷,装订及印刷相关服务",80.0,enterprise,true,approved,tianxiagongchang.com,18143,https://www.tianxiagongchang.com/detail/18143_fa-wei-bao-zhuang-yin-shua-chong-qing-you-xian-gong-si,包装印刷,91500236MA60DK0T0M,2019-05-30,,5,2,"存续,真实工厂","包装装潢及其他印刷,装订及印刷相关服务",2026-09-15T16:08:20.726521+00:00
东莞百通包装印刷科技有限公司,广东省东莞市塘厦镇莆心湖商业街7号4栋402室,广东省,东莞市,东莞市,"包装印刷技术研发,包装装潢印刷品印刷,其他印刷品印刷,货物或技术进出口",罗**,00000000000,3000.0,3000万港元,存续,,"印刷,其他未列明制造业",80.0,enterprise,true,approved,tianxiagongchang.com,862587,https://www.tianxiagongchang.com/detail/862587_dong-guan-bai-tong-bao-zhuang-yin-shua-ke-ji-you-xian-gong-si,包装印刷,91441900MA52R21X7A,2019-01-09,,6,1,"存续,真实工厂","印刷,其他未列明制造业",2026-09-15T16:08:20.726521+00:00
东莞市九润包装印刷科技有限公司,广东省东莞市虎门镇树田团结南路1号,广东省,东莞市,东莞市,"货物或技术进出口,佣金代理,彩盒,彩卡,文具,产销：包装材料,五金制品,文具礼品,包装材料,文具制品,标签,包装印刷技术研发,玩具制品,玩具,塑胶制品,其他印刷品印刷,包装制品,纸制品,包装装璜印刷品印刷",冉**,00000000000,500.0,500万人民币,存续,,其他纸制品制造,80.0,enterprise,true,approved,tianxiagongchang.com,62787,https://www.tianxiagongchang.com/detail/62787_dong-guan-shi-jiu-run-bao-zhuang-yin-shua-ke-ji-you-xian-gong-si,包装印刷,91441900MA4UJYC39J,2015-11-20,,8,2,"存续,真实工厂,曾用名,东莞市九润包装材料有限公司",其他纸制品制造,2026-09-15T16:08:20.726521+00:00
丹阳市新艺包装印刷有限公司,丹阳市开发区大泊,江苏省,镇江市,丹阳市,"包计印刷,纸张,油墨销售,商标设计印刷,包装印刷,印刷,纸箱加工销售,零件印刷,光伏发电,普通货运,自营和代理各类商品及技术的进出口业务,商标设计",王**,00000000000,150.0,150万人民币,存续,,"包装装潢及其他印刷,印刷",80.0,enterprise,true,approved,tianxiagongchang.com,1656887,https://www.tianxiagongchang.com/detail/1656887_dan-yang-shi-xin-yi-bao-zhuang-yin-shua-you-xian-gong-si,包装印刷,9132118172869616X7,2001-06-01,,9,1,"存续,真实工厂","包装装潢及其他印刷,印刷",2026-09-15T16:08:20.726521+00:00
上海景远包装印刷有限公司,上海市宝山区新川沙路801号,上海市,上海市,宝山区,"包装用品制造加工,冷作,电器设备,通讯,其他印刷,复印,上光贴膜,纸制品,包装印刷,五金,电子,电器机械修理,通信",陆**,00000000000,200.0,200万人民币,存续,,"纸制品制造,印刷和记录媒介复制业,印刷,包装装潢及其他印刷",80.0,enterprise,true,approved,tianxiagongchang.com,3872919,https://www.tianxiagongchang.com/detail/3872919_shang-hai-jing-yuan-bao-zhuang-yin-shua-you-xian-gong-si,包装印刷,913101131334344005,1993-03-15,,5,1,"存续,真实工厂,曾用名,上海景远装潢纸品厂","纸制品制造,印刷和记录媒介复制业,印刷,包装装潢及其他印刷",2026-09-15T16:08:20.726521+00:00
沂水圣杰包装印刷有限公司,沂水县高桥镇沂北高速口北2千米路西,山东省,临沂市,沂水县,"包装装潢印刷品印刷,塑料制品,印刷材料,包装印刷,包装物资",冯*,00000000000,60.0,60万人民币,存续,,"印刷和记录媒介复制业,印刷,包装装潢及其他印刷",80.0,enterprise,true,approved,tianxiagongchang.com,3796806,https://www.tianxiagongchang.com/detail/3796806_yi-shui-sheng-jie-bao-zhuang-yin-shua-you-xian-gong-si,包装印刷,91371323MA3Q0EBQ7G,2019-06-14,,1,1,"存续,真实工厂","印刷和记录媒介复制业,印刷,包装装潢及其他印刷",2026-09-15T16:08:20.726521+00:00
佳木斯大鹏包装印刷有限公司,黑龙江省佳木斯市东风区安庆路,黑龙江省,佳木斯市,东风区,"科学包装,加工印刷各种塑料包装袋,减量包装,环保包装,食品塑料包装印刷,智能包装,安全包装,高档塑料印刷包装",王**,00000000000,10.0,10万人民币,存续,,包装装潢及其他印刷,80.0,enterprise,true,approved,tianxiagongchang.com,582110,https://www.tianxiagongchang.com/detail/582110_jia-mu-si-da-peng-bao-zhuang-yin-shua-you-xian-gong-si,包装印刷,9123080075239038XD,2003-09-23,,9,1,"存续,真实工厂",包装装潢及其他印刷,2026-09-15T16:08:20.726521+00:00
鸿博汇达(天津)包装印刷科技有限公司,天津市武清区梅厂镇福旺道6号增1号,天津市,天津市,,"包装印刷技术开发、咨询、转让,货物及技术进出口,包装装潢印刷品印刷,其他印刷品印刷,出版物批发兼零售",贾**,00000000000,10000.0,10000.00万元,存续,,"其他技术推广服务,技术推广服务,科技推广和应用服务业",80.0,enterprise,true,approved,tianxiagongchang.com,4370697,https://www.tianxiagongchang.com/detail/4370697_hong-bo-hui-da-(-tian-jin-)-bao-zhuang-yin-shua-ke-ji-you-xian-gong-si,包装印刷,91120222MA05RF2K68,2017-06-05,,5,0,存续,"其他技术推广服务,技术推广服务,科技推广和应用服务业",2026-09-15T16:08:20.726521+00:00
云南侨通包装印刷有限公司,中国云南省昭通市昭阳区盐津路198号,云南省,昭通市,昭阳区,"电子,通讯,“特醇福”,精品小熊猫”,纸制品包装印刷,高档纸包装产品的印刷,通信",沈**,00000000000,26980.0,3800万美元,存续,,包装装潢及其他印刷,80.0,enterprise,true,approved,tianxiagongchang.com,727422,https://www.tianxiagongchang.com/detail/727422_yun-nan-qiao-tong-bao-zhuang-yin-shua-you-xian-gong-si,包装印刷,915300006227130723,1993-05-05,http://www.qtprinting.com,16,0,"存续,真实工厂",包装装潢及其他印刷,2026-09-15T16:08:20.726521+00:00
苏州市苏星包装印刷有限公司,苏州市相城区黄埭镇东桥金龙村爱民路5号,江苏省,苏州市,相城区,"包装装潢印刷品印刷,其他印刷品印刷,纸箱,纸包装制品,包装印刷材料,自营和代理各类商品及技术的进出口业务",顾**,00000000000,150.0,150万人民币,存续,,包装装潢及其他印刷,80.0,enterprise,true,approved,tianxiagongchang.com,1859663,https://www.tianxiagongchang.com/detail/1859663_su-zhou-shi-su-xing-bao-zhuang-yin-shua-you-xian-gong-si,包装印刷,91320507798329007G,2007-02-13,,3,0,"存续,真实工厂",包装装潢及其他印刷,2026-09-15T16:08:20.726521+00:00
山东顺达纺织服装有限公司,山东省济南市莱芜区张家洼街道办事处鲁矿大街16号,山东省,济南市,莱芜区,"纱线,纺织面料,服装,地毯生产加工及销售,纺织品,服装及辅料,床上用品,服饰,纺织服装设备,零配件,办公用品,五金交电,化工产品,工艺品,皮革皮具,玻璃制品,钢材,建材,纸箱,纸管,服装用纸,编织袋的批发零售,纺织品、服装及辅料,床上用品,服饰,纺织服装设备及零配件,办公用品,五金交电,化工产品（不含危险化学品）,工艺品（不含文物）,皮革皮具,玻璃制品,钢材,建材,纸箱,纸管,服装用纸,编织袋的批发零售,自营和代理各类商品及技术的进出口业务",张**,00000000000,500.0,500万人民币,存续,,其他机织服装制造,80.0,enterprise,true,approved,tianxiagongchang.com,2575566,https://www.tianxiagongchang.com/detail/2575566_shan-dong-shun-da-fang-zhi-fu-zhuang-you-xian-gong-si,纺织服装,91371200MA3MJGMJ5F,2017-12-29,,3,1,"存续,真实工厂",其他机织服装制造,2026-09-15T16:08:20.726521+00:00
阜阳市恒佰利纺织服装有限公司,阜阳开发区经三路南纬八路东340#创新创业工业城5#楼,安徽省,阜阳市,颍州区,"销售,纺织服装生产,加工",黄**,00000000000,1000.0,1000万人民币,存续,,"服饰制造,纺织服装、服饰业,机织服装制造,其他机织服装制造",80.0,enterprise,true,approved,tianxiagongchang.com,3791038,https://www.tianxiagongchang.com/detail/3791038_fu-yang-shi-heng-bai-li-fang-zhi-fu-zhuang-you-xian-gong-si,纺织服装,91341200MA2MR40K2W,2015-12-02,,2,2,"存续,真实工厂","服饰制造,纺织服装、服饰业,机织服装制造,其他机织服装制造",2026-09-15T16:08:20.726521+00:00
赣州市富铠纺织服装有限公司,江西省赣州市于都县贡江镇上欧工业园区梦溪路以东、天工路以南、至善路以西、光启路以北170亩地9号标准厂房,江西省,赣州市,于都县,"纺织服装,服饰制造、加工、销售,货物进出口,技术进出口",廖***,00000000000,200.0,200万人民币,存续,,"纺织服装、服饰业,服饰制造",80.0,enterprise,true,approved,tianxiagongchang.com,3915085,https://www.tianxiagongchang.com/detail/3915085_gan-zhou-shi-fu-kai-fang-zhi-fu-zhuang-you-xian-gong-si,纺织服装,91360731MA38U36K3H,2019-09-06,,2,1,"存续,真实工厂","纺织服装、服饰业,服饰制造",2026-09-15T16:08:20.726521+00:00
河北迪威纺织服装有限公司,柏乡县柏镇路68号,河北省,邢台市,柏乡县,"纺织服装,无纺布及制品制造、销售,自营和代理各类服装,无纺布及制品的进出口业务",王**,00000000000,360.0,360万人民币,存续,,"其他机织服装制造,服饰制造",80.0,enterprise,true,approved,tianxiagongchang.com,1791752,https://www.tianxiagongchang.com/detail/1791752_he-bei-di-wei-fang-zhi-fu-zhuang-you-xian-gong-si,纺织服装,91130524673207858H,2008-03-24,http://www.cndewy.com,2,0,"存续,真实工厂","其他机织服装制造,服饰制造",2026-09-15T16:08:20.726521+00:00
五莲宇泰纺织服装有限公司,山东省日照市五莲县日照路48号,山东省,日照市,五莲县,"生产销售针织,纺织服装及棉纱,来料加工坯布,服装辅料,包装物,销售坯布,服装辅料,包装物,棉花、皮棉的收购,普通货物进出口",林**,00000000000,200.0,200万人民币,存续,,其他针织或钩针编织服装制造,80.0,enterprise,true,approved,tianxiagongchang.com,1868695,https://www.tianxiagongchang.com/detail/1868695_wu-lian-yu-tai-fang-zhi-fu-zhuang-you-xian-gong-si,纺织服装,91371121MA3M32P97N,2018-07-02,,2,0,"存续,真实工厂",其他针织或钩针编织服装制造,2026-09-15T16:08:20.726521+00:00
佛山市创亮纺织服装有限公司,佛山市顺德区北滘镇顺江居委会林港创业园华业路3号之一一楼之二（住所申报）,广东省,佛山市,顺德区,"女装,男装,童装,鞋、帽,印花布料,纺织服装配件,高档纺织物面料的织染及后整理加工,服装布料复合加工",张**,00000000000,100.0,100万人民币,存续,,"其他产业用纺织制成品制造,纺织服装、服饰业,机织服装制造,其他机织服装制造",80.0,enterprise,true,approved,tianxiagongchang.com,3754640,https://www.tianxiagongchang.com/detail/3754640_fo-shan-shi-chuang-liang-fang-zhi-fu-zhuang-you-xian-gong-si,纺织服装,91440606MA536KL26C,2019-04-26,,2,0,"存续,真实工厂","其他产业用纺织制成品制造,纺织服装、服饰业,机织服装制造,其他机织服装制造",2026-09-15T16:08:20.726521+00:00
际华三五零六纺织服装有限公司,东西湖区金银潭路135号,湖北省,武汉市,东西湖区,"工作装制服军需服装西服休闲服饰水洗服装,纺织服装制造,涤纶长丝包芯纱线,其他服装其他金属",张*,00000000000,20000.0,20000万人民币,存续,,其他机织服装制造,80.0,enterprise,true,approved,tianxiagongchang.com,822434,https://www.tianxiagongchang.com/detail/822434_ji-hua-san-wu-ling-liu-fang-zhi-fu-zhuang-you-xian-gong-si,纺织服装,9142010017771093XT,1990-05-26,http://3506.com.cn,53,1,"存续,真实工厂,曾用名,武汉三五零六纺织服装总厂 武汉长征被服厂",其他机织服装制造,2026-09-15T16:08:20.726521+00:00
衡阳骏铭纺织服装有限公司,湖南省衡阳市衡阳县西渡镇船山西路与洪山路交汇处东北角双创中心内厂房2#楼1.2.3.4层,湖南省,衡阳市,衡阳县,"纺织服装,服饰业",陈**,00000000000,1000.0,1000万人民币,存续,,"纺织服装、服饰业,服饰制造",80.0,enterprise,true,approved,tianxiagongchang.com,4101258,https://www.tianxiagongchang.com/detail/4101258_heng-yang-jun-ming-fang-zhi-fu-zhuang-you-xian-gong-si,纺织服装,91430421MACGF3TE2M,2023-05-04,,3,1,"存续,真实工厂,曾用名,衡阳芬乐新生活科技有限公司","纺织服装、服饰业,服饰制造",2026-09-15T16:08:20.726521+00:00
湖北慧美纺织服装有限公司,湖北省大冶市保安镇樊湖大道172号,湖北省,黄石市,大冶市,"印花,自营和代理服装的进出口贸易,代购代销,服装绣花,销售,零配件,经营本企业生产所需的原辅材料,纺织服装,服装生产,服饰业,纺织面料的生产,机械设备,加工",唐**,00000000000,200.0,200万人民币,存续,,"机织服装制造,服饰制造",80.0,enterprise,true,approved,tianxiagongchang.com,1619024,https://www.tianxiagongchang.com/detail/1619024_hu-bei-hui-mei-fang-zhi-fu-zhuang-you-xian-gong-si,纺织服装,91420281585497867F,2011-12-08,,8,1,"存续,真实工厂","机织服装制造,服饰制造",2026-09-15T16:08:20.726521+00:00
济宁青洋纺织服装有限公司,山东省济宁市汶上县义桥镇义和路045号,山东省,济宁市,汶上县,"纺织服装,服饰业",王**,00000000000,100.0,100万人民币,存续,,"服饰制造,纺织服装、服饰业,机织服装制造,其他机织服装制造",80.0,enterprise,true,approved,tianxiagongchang.com,3880842,https://www.tianxiagongchang.com/detail/3880842_ji-ning-qing-yang-fang-zhi-fu-zhuang-you-xian-gong-si,纺织服装,91370830MA3TX5R712,2020-09-03,,2,1,"存续,真实工厂","服饰制造,纺织服装、服饰业,机织服装制造,其他机织服装制造",2026-09-15T16:08:20.726521+00:00
无锡天创光电科技有限公司,无锡市新吴区新泰路8号江苏国际技术转移中心（中国无锡留学人员创业园B区）A楼2区402-2室,江苏省,无锡市,新吴区,"光纤通信系统,半导体材料,光电传感系统,视频监控系统,工业自动化系统的设计,光电传感器,生产,通信器材及设备的研发,销售及服务,光电子元器件,物联网系统,PCB电路板,集成销售及服务,自营和代理各类商品和技术的进出口,电力传感系统,国家限定公司经营或禁止进出口的商品和技术,计算机软件开发",徐**,00000000000,1000.0,1000万人民币,存续,,"光电子器件制造,电子器件制造",80.0,enterprise,true,approved,tianxiagongchang.com,2736050,https://www.tianxiagongchang.com/detail/2736050_wu-xi-tian-chuang-guang-dian-ke-ji-you-xian-gong-si,PCB电路板,91320214MA1N94MR09,2017-01-04,,5,1,"存续,真实工厂","光电子器件制造,电子器件制造",2026-09-15T16:08:20.726521+00:00
池州市贵恒电子科技有限公司,安徽省池州市经济技术开发区电子信息产业园12号厂房,安徽省,池州市,青阳县,"电子电路,PCB电路板设计、生产、销售",胡**,00000000000,1000.0,1000万人民币,存续,,"电子电路制造,计算机、通信和其他电子设备制造业,电子元件及电子专用材料制造,电子专用材料制造",80.0,enterprise,true,approved,tianxiagongchang.com,3797340,https://www.tianxiagongchang.com/detail/3797340_chi-zhou-shi-gui-heng-dian-zi-ke-ji-you-xian-gong-si,PCB电路板,91341700MA2PHDDD0C,2017-10-12,,3,1,"存续,真实工厂","电子电路制造,计算机、通信和其他电子设备制造业,电子元件及电子专用材料制造,电子专用材料制造",2026-09-15T16:08:20.726521+00:00
深圳市凯利精密电路有限公司,深圳市龙岗区坪地街道坪东社区同富路8号B4栋301,广东省,深圳市,龙岗区,"PCB电路板,国内贸易,GPS系统的销售,FPC柔性线路板,电子产品,其他,货物及技术进出口",周**,00000000000,200.0,200万人民币,存续,,"综合零售,批发业,机械设备、五金产品及电子产品批发,其他机械设备及电子产品批发",80.0,enterprise,true,approved,tianxiagongchang.com,3718767,https://www.tianxiagongchang.com/detail/3718767_shen-zhen-shi-kai-li-jing-mi-dian-lu-you-xian-gong-si,PCB电路板,91440300311954901R,2014-08-15,,6,2,"存续,真实工厂","综合零售,批发业,机械设备、五金产品及电子产品批发,其他机械设备及电子产品批发",2026-09-15T16:08:20.726521+00:00
密科丰微电子设备（苏州）有限公司,苏州工业园区苏桐路16号D幢,江苏省,苏州市,姑苏区,"售后服务,PCB电路板的测试,精密机械零部件和模具,生产半导体封装自动设备,加工业,维修服务",居**,00000000000,497.0,70万美元,存续,,"机械零部件加工,电子器件制造",80.0,enterprise,true,approved,tianxiagongchang.com,767206,https://www.tianxiagongchang.com/detail/767206_mi-ke-feng-wei-dian-zi-she-bei-su-zhou-you-xian-gong-si,PCB电路板,91320594608206736J,1994-12-20,,9,1,"存续,真实工厂,曾用名,上海马克丰精密机械有限公司","机械零部件加工,电子器件制造",2026-09-15T16:08:20.726521+00:00
深圳浦盛昌科技有限公司,深圳市宝安区燕罗街道塘下涌社区众福路69号B301,广东省,深圳市,宝安区,"二类医疗器械的销售批发及生产,电子电器产品,电子元件,电子配件,电声设备,耳机,蓝牙耳机,车载蓝牙,扩音器,线材,数据线,五金,钢铁,模具,塑胶,PCB电路板,货物及技术进出口,电子电器产品,电子元件,电子配件,电声设备,耳机,蓝牙耳机,车载蓝牙,扩音器,线材,数据线的生产,二类医疗器械",张*,00000000000,100.0,100万人民币,存续,,"其他电子器件制造,其他机械设备及电子产品批发",80.0,enterprise,true,approved,tianxiagongchang.com,2544509,https://www.tianxiagongchang.com/detail/2544509_shen-zhen-pu-sheng-chang-ke-ji-you-xian-gong-si,PCB电路板,91440300MA5ETG7M5E,2017-10-30,,3,1,"存续,真实工厂","其他电子器件制造,其他机械设备及电子产品批发",2026-09-15T16:08:20.726521+00:00
深圳市广通电子科技有限公司,深圳市宝安区沙井街道后亭社区第三工业区8号-1二层,广东省,深圳市,宝安区,"LED铝基板,刚性线路板,柔性线路板,电子产品,FPC线路板,线路板,PCB电路板,GPS系统,LlD灯板",王*,00000000000,50.0,50万人民币,存续,,"集成电路制造,通讯设备批发",80.0,enterprise,true,approved,tianxiagongchang.com,1268376,https://www.tianxiagongchang.com/detail/1268376_shen-zhen-shi-guang-tong-dian-zi-ke-ji-you-xian-gong-si,PCB电路板,91440300596796272T,2012-05-25,,24,2,"存续,真实工厂","集成电路制造,通讯设备批发",2026-09-15T16:08:20.726521+00:00
深圳市曼迪瑞科技有限公司,深圳市宝安区沙井街道沙头社区沙井路沙头工业区211号之5栋三层,广东省,深圳市,宝安区,"电子产品,电子元器件,FPC软板,柔性线路板,国内贸易,货物及技术进出口,生产经营双面线路板,多层线路板,柔性线路板,各类印刷电路板,PCB电路板的销售,FPC线路板的销售,PCB电路板的加工,FPC线路板",彭*,00000000000,50.0,50万人民币,存续,,其他电子元件制造,80.0,enterprise,true,approved,tianxiagongchang.com,4253634,https://www.tianxiagongchang.com/detail/4253634_shen-zhen-shi-man-di-rui-ke-ji-you-xian-gong-si,PCB电路板,914403003349287145,2015-04-23,http://www.mandirui.com,12,2,"存续,真实工厂",其他电子元件制造,2026-09-15T16:08:20.726521+00:00
深圳市建鸿峰科技有限公司,深圳市宝安区新桥街道上星社区南环路蚝市街13号三层,广东省,深圳市,宝安区,"PCB电路板,PCBA,钢网,SMT贴片的销售,电子产品,电子元器件,数码产品,集成电路,仪器,仪表,自动化设备,技术研发,国内贸易,货物进出口及技术进出口,PCB电路板,PCB电路板,PCBA、钢网,SMT贴片的销售,电子产品,电子元器件,数码产品,集成电路,仪器,仪表及自动化设备的销售,技术研发,国内贸易,货物进出口及技术进出口",钟**,00000000000,50.0,50万人民币,存续,,其他电子设备制造,80.0,enterprise,true,approved,tianxiagongchang.com,4303855,https://www.tianxiagongchang.com/detail/4303855_shen-zhen-shi-jian-hong-feng-ke-ji-you-xian-gong-si,PCB电路板,91440300MA5FAED99Q,2018-09-07,,2,1,"存续,真实工厂",其他电子设备制造,2026-09-15T16:08:20.726521+00:00
惠州市鸿祺电子科技有限公司,惠州市惠城区水口街道办事处统昇东路10号（厂房）,广东省,惠州市,惠城区,"开发,LED灯饰,国内贸易,FPC,生产,PCB电路板,销售：FPC,货物及技术进出口,照明器件,电子材料,销售：LED灯饰",余**,00000000000,800.0,800万人民币,存续,,"电子专用材料制造,照明器具生产专用设备制造",80.0,enterprise,true,approved,tianxiagongchang.com,703025,https://www.tianxiagongchang.com/detail/703025_hui-zhou-shi-hong-qi-dian-zi-ke-ji-you-xian-gong-si,PCB电路板,91441302MA4WA4W293,2017-03-13,,1,0,"存续,真实工厂","电子专用材料制造,照明器具生产专用设备制造",2026-09-15T16:08:20.726521+00:00
鑫之卓怀来科技发展有限公司,怀来县沙城经济开发区高新技术产业开发区怀来人工智能产业港1号楼2层北半部500平米,河北省,张家口市,怀来县,"电子科技开发,技术转让,技术服务,技术咨询,PCB电路板焊接,生产（取得环评后经营）,电子产品,智能物联网产品,电子元器件,五金交电,化工产品（危险化学品除外）,太阳能设备及配件销售",王**,00000000000,1000.0,1000万人民币,存续,,"其他电子器件制造,工程和技术研究和试验发展",80.0,enterprise,true,approved,tianxiagongchang.com,1551512,https://www.tianxiagongchang.com/detail/1551512_xin-zhi-zhuo-huai-lai-ke-ji-fa-zhan-you-xian-gong-si,PCB电路板,91130730MA09RGUR8L,2018-02-09,https://www.xinzhizhuo.com,2,0,"存续,真实工厂","其他电子器件制造,工程和技术研究和试验发展",2026-09-15T16:08:20.726521+00:00
亿信医疗器械股份有限公司,长垣市高科技医疗器械产业园,河南省,新乡市,长垣市,"各类管类产品,口罩纱布麻醉耗材卫材,麻醉面罩,医用喉罩,麻醉耗材产品,第三类医疗器械产品,一次性卫生材料",杨**,00000000000,5666.0,5666万人民币,存续,,"日用及医用橡胶制品制造,卫生材料及医药用品制造",80.0,enterprise,true,approved,tianxiagongchang.com,44919,https://www.tianxiagongchang.com/detail/44919_yi-xin-yi-liao-qi-xie-gu-fen-you-xian-gong-si,医疗器械,91410728397780577J,2014-06-17,http://www.e-soundmed.com,24,2,"存续,真实工厂,曾用名,河南省亿信医疗器械有限公司","日用及医用橡胶制品制造,卫生材料及医药用品制造",2026-09-15T16:08:20.726521+00:00
玮铭医疗器械（上海）有限公司,中国（上海）自由贸易试验区临港新片区正博路356号8幢4层,上海市,上海市,浦东新区,"第三类医疗器械经营,第三类医疗器械生产,第二类医疗器械生产,第一类医疗器械,第二类医疗器械的销售,技术服务,技术开发,技术咨询,技术交流,技术转让,技术推广,货物进出口,技术进出口",王**,00000000000,12000.0,12000万人民币,存续,,"其他医疗设备及器械制造,自然科学研究和试验发展",80.0,enterprise,true,approved,tianxiagongchang.com,77449,https://www.tianxiagongchang.com/detail/77449_wei-ming-yi-liao-qi-xie-shang-hai-you-xian-gong-si,医疗器械,91310120MA1HTKF29T,2019-09-11,,8,1,"存续,真实工厂","其他医疗设备及器械制造,自然科学研究和试验发展",2026-09-15T16:08:20.726521+00:00
贵州名凯医疗器械有限公司,贵州省遵义市绥阳县风华镇经济开发区珠江路中段左侧,贵州省,遵义市,绥阳县,"法律、法规,医疗器械一类、二类、三类生产及销售",帅**,00000000000,11800.0,11800万人民币,存续,,"日用及医用橡胶制品制造,其他医疗设备及器械制造",80.0,enterprise,true,approved,tianxiagongchang.com,216883,https://www.tianxiagongchang.com/detail/216883_gui-zhou-ming-kai-yi-liao-qi-xie-you-xian-gong-si,医疗器械,91520323MAAKA46R88,2021-02-01,http://www.gzmkyl.cn,6,1,"存续,真实工厂","日用及医用橡胶制品制造,其他医疗设备及器械制造",2026-09-15T16:08:20.726521+00:00
河南康平医疗器械有限公司,河南省新乡市长垣市张三寨镇飘安大道006号,河南省,新乡市,长垣市,"健身设备器材,金属柜,纱棉制品,塑料制品,中医理疗用品,棉纺织品,相关技术服务,文件柜,非织造布,纸盒,第l类,卫生用品,病历夹车,PE,袋子及纸塑制品,PP,环保设备,不锈钢制品,医疗器械,第Ⅱ医疗器械,输液椅,医用级纸箱,PVC新型环保材料制品,陪护椅",王**,00000000000,6600.0,6600万人民币,存续,,"机械治疗及病房护理设备制造,卫生材料及医药用品制造",80.0,enterprise,true,approved,tianxiagongchang.com,243692,https://www.tianxiagongchang.com/detail/243692_he-nan-kang-ping-yi-liao-qi-xie-you-xian-gong-si,医疗器械,914107280522555072,2012-08-08,,3,1,"存续,真实工厂","机械治疗及病房护理设备制造,卫生材料及医药用品制造",2026-09-15T16:08:20.726521+00:00
石家庄市满友医疗器械实业有限公司,石家庄市鹿泉区大河镇纸房头村,河北省,石家庄市,鹿泉区,"CAPP工艺软件,医疗器械,王牌机械吹塑机,医用车,病房护理,柔性医疗器械,护理推车,骨关节,骨科内固定",李**,00000000000,5100.0,5100万人民币,存续,,其他医疗设备及器械制造,80.0,enterprise,true,approved,tianxiagongchang.com,407151,https://www.tianxiagongchang.com/detail/407151_shi-jia-zhuang-shi-man-you-yi-liao-qi-xie-shi-ye-you-xian-gong-si,医疗器械,91130185601034978H,1996-01-04,http://www.sjz-manyou.com,37,1,"存续,真实工厂",其他医疗设备及器械制造,2026-09-15T16:08:20.726521+00:00
四川锦江电子医疗器械科技股份有限公司,四川省成都市武侯区武科东三路5号,四川省,成都市,武侯区,"高端心电介入治疗设备,医疗器械,生产,销售和服务,医疗设备精品,医疗设备的研发",李**,00000000000,7818.81,7818.8147万人民币,存续,,"医疗诊断、监护及治疗设备制造,其他电子设备制造",80.0,enterprise,true,approved,tianxiagongchang.com,411042,https://www.tianxiagongchang.com/detail/411042_si-chuan-jin-jiang-dian-zi-yi-liao-qi-xie-ke-ji-gu-fen-you-xian-gong-si,医疗器械,915101077348059327,2002-01-24,http://www.jjet.cn,26,1,"存续,真实工厂,曾用名,四川锦江电子科技有限公司","医疗诊断、监护及治疗设备制造,其他电子设备制造",2026-09-15T16:08:20.726521+00:00
山东亚泰医疗器械有限公司,山东省临沂市兰陵县卞庄街道兰陵西路528号,山东省,临沂市,兰陵县,"医疗器械研发,销售,无,生产,Ⅰ类医疗器械生产",朱**,00000000000,6500.0,6500万人民币,存续,,"医疗诊断、监护及治疗设备制造,药用辅料及包装材料制造",80.0,enterprise,true,approved,tianxiagongchang.com,600813,https://www.tianxiagongchang.com/detail/600813_shan-dong-ya-tai-yi-liao-qi-xie-you-xian-gong-si,医疗器械,91371324073020934C,2013-07-05,,4,1,"存续,真实工厂,曾用名,兰陵县亚泰医疗器械有限公司 苍山县亚泰医疗器械有限公司","医疗诊断、监护及治疗设备制造,药用辅料及包装材料制造",2026-09-15T16:08:20.726521+00:00
河北瑞鹤医疗器械有限公司,石家庄高新区秦岭大街599号,河北省,石家庄市,栾城区,"Lnventec,技术指导和详细的产品规划服务,威高,施乐辉,医疗器械,强生",巨**,00000000000,10000.0,10000万人民币,存续,,"医疗、外科及兽医用器械制造,医疗用品及器材批发",80.0,enterprise,true,approved,tianxiagongchang.com,604176,https://www.tianxiagongchang.com/detail/604176_he-bei-rui-he-yi-liao-qi-xie-you-xian-gong-si,医疗器械,91130101789833818T,2006-06-26,http://www.hbruihe.cn,17,1,"存续,真实工厂","医疗、外科及兽医用器械制造,医疗用品及器材批发",2026-09-15T16:08:20.726521+00:00
江西益康医疗器械集团有限公司,江西省南昌市进贤县李渡爱华大道188号,江西省,南昌市,进贤县,"无菌注射器,真空采血器,无菌医疗器械产品,无菌医疗器械,麻醉穿刺包,输液针,输血器,注射器输液器滴定管式输液器输血器,滴定管式输液器,分装输液器,一次性使用输液器,注射针",桂**,00000000000,34980.0,34980万人民币,存续,,"其他医疗设备及器械制造,卫生材料及医药用品制造",80.0,enterprise,true,approved,tianxiagongchang.com,663264,https://www.tianxiagongchang.com/detail/663264_jiang-xi-yi-kang-yi-liao-qi-xie-ji-tuan-you-xian-gong-si,医疗器械,91360124705600807F,1999-01-04,https://www.jxyikang.cn,40,2,"存续,真实工厂","其他医疗设备及器械制造,卫生材料及医药用品制造",2026-09-15T16:08:20.726521+00:00
江西科美医疗器械集团有限公司,江西省南昌市进贤县李渡镇阳光大道(南)217号,江西省,南昌市,进贤县,"一次性无菌医疗器械,一次性医用手套",周**,00000000000,9700.0,9700万人民币,存续,,"日用及医用橡胶制品制造,化学药品制剂制造",80.0,enterprise,true,approved,tianxiagongchang.com,687276,https://www.tianxiagongchang.com/detail/687276_jiang-xi-ke-mei-yi-liao-qi-xie-ji-tuan-you-xian-gong-si,医疗器械,913601246834681112,2009-01-09,http://www.jxkmjt.com,22,1,"存续,真实工厂,曾用名,江西科美医疗器械有限公司","日用及医用橡胶制品制造,化学药品制剂制造",2026-09-15T16:08:20.726521+00:00
安阳睿恒数控机床股份有限公司,河南省安阳市汤阴县韩庄乡工兴大道与岳庙街交叉口东南角01号,河南省,安阳市,汤阴县,"机械设备修理,高精密数控铣床,高精密通用数控车床,企业所经营项目的进出口业务,机械零配件加工,产品咨询,数控激光加工中心,机床和激光加工成套设备的研发,机床工具制造,数控立式加工中心,机床配件,数控机床,技术支持服务,制造,销售,激光加工成套设备",杜**,00000000000,7160.0,7160万人民币,存续,,金属切削机床制造,80.0,enterprise,true,approved,tianxiagongchang.com,2986328,https://www.tianxiagongchang.com/detail/2986328_an-yang-rui-heng-shu-kong-ji-chuang-gu-fen-you-xian-gong-si,数控机床,91410500568626348B,2011-01-18,www.ayrhcnc.com/index.asp,12,1,"存续,真实工厂,曾用名,安阳市睿恒数控机床有限公司",金属切削机床制造,2026-09-15T16:08:20.726521+00:00
江苏晨光数控机床有限公司,泰兴市城区工业园区龙河路66号,江苏省,泰州市,泰兴市,"高效专用机床,建材零售,高效专用机床及控制装置的制造,特种工程塑料制品,自动加工线,组合机床,机床维修及数控改造,科技咨询服务,金属材料,建材,家电维修,机电环保社备成套服务,化工原料的零售,机电环保设备成套服务,数控机床控制软件开发及销售,控制装置的制造,经营本企业自产产品及技术的出口业务",陈*,00000000000,3000.0,3000万人民币,存续,,"金属成形机床制造,石墨及碳素制品制造",80.0,enterprise,true,approved,tianxiagongchang.com,469915,https://www.tianxiagongchang.com/detail/469915_jiang-su-chen-guang-shu-kong-ji-chuang-you-xian-gong-si,数控机床,91321283730098185G,1996-09-27,https://www.cn-chenguang.com,24,3,"存续,真实工厂,曾用名,泰兴市晨光高新技术开发有限公司","金属成形机床制造,石墨及碳素制品制造",2026-09-15T16:08:20.726521+00:00
重庆宏钢数控机床有限公司,重庆市九龙坡区西彭镇森迪大道88号,重庆市,重庆市,九龙坡区,"制造和销售服务,专业高精密数控机床研发,制造",汪**,00000000000,3000.0,3000万人民币,存续,,"金属切削机床制造,金属成形机床制造",80.0,enterprise,true,approved,tianxiagongchang.com,714877,https://www.tianxiagongchang.com/detail/714877_chong-qing-hong-gang-shu-kong-ji-chuang-you-xian-gong-si,数控机床,91500107709422411R,2001-08-17,,15,1,"存续,真实工厂","金属切削机床制造,金属成形机床制造",2026-09-15T16:08:20.726521+00:00
山东山一数控机床制造有限公司,山东省济南市章丘区双山街道城东工业园,山东省,济南市,章丘区,"数控龙门钻床,数控龙门磨床,数控机床及专机的制造与销售,货物进出口,技术进出口,车铣复合,数控龙门铣床,加工中心",宋**,00000000000,2000.0,2000万人民币,存续,,"金属成形机床制造,炼油、化工生产专用设备制造",80.0,enterprise,true,approved,tianxiagongchang.com,886080,https://www.tianxiagongchang.com/detail/886080_shan-dong-shan-yi-shu-kong-ji-chuang-zhi-zao-you-xian-gong-si,数控机床,9137018168983627X4,2009-09-15,,14,1,"存续,真实工厂,曾用名,山东圣火重机制造有限公司","金属成形机床制造,炼油、化工生产专用设备制造",2026-09-15T16:08:20.726521+00:00
云锐精密数控机床有限公司,荥阳市贾峪镇祖始村,河南省,郑州市,荥阳市,"数控机床,智能自动化设备研发、制造与销售,机床零部件,汽车零部件,机床安装维修,机器人焊接工作站,焊接滚压线,工装,模具,非标线体设备,机电产品,货物和技术的进出口业务",张**,00000000000,5000.0,5000万人民币,存续,,"机械零部件加工,服务消费机器人制造",80.0,enterprise,true,approved,tianxiagongchang.com,887483,https://www.tianxiagongchang.com/detail/887483_yun-rui-jing-mi-shu-kong-ji-chuang-you-xian-gong-si,数控机床,91410182MA4106CG9T,2017-05-16,,2,1,"存续,真实工厂","机械零部件加工,服务消费机器人制造",2026-09-15T16:08:20.726521+00:00
河北佳华数控机床有限公司,河北省邢台市任泽区邢家湾镇邢家湾工业区186号,河北省,邢台市,任泽区,"生产,许可经营项目：数控机床及配件,一般经营项目：数控机床及配件,数控机床及配件,普通货物运输,销售",张**,00000000000,2000.0,2000万人民币,存续,,"其他通用设备制造业,其他未列明通用设备制造业,金属切削机床制造",80.0,enterprise,true,approved,tianxiagongchang.com,1122477,https://www.tianxiagongchang.com/detail/1122477_he-bei-jia-hua-shu-kong-ji-chuang-you-xian-gong-si,数控机床,91130528585405723W,2011-10-28,https://www.jhskcnc.com,10,2,"存续,真实工厂,曾用名,邢台佳华数控机床有限公司","其他通用设备制造业,其他未列明通用设备制造业,金属切削机床制造",2026-09-15T16:08:20.726521+00:00
沈阳华纳纬数控机床有限公司,沈阳市于洪区沈大路18-2号,辽宁省,沈阳市,于洪区,"经相关部门批准后方可开展经营活动,维护保养,调试,设计,数控车床,数控镗铣床大修理,零售,数控机床搬迁,技术培训,加工中心,技术咨询,机械设备,数控机床,数控机床维修,技术服务,环保设备及配件制造,数控机床专用设备制造,大型数控设备再制造,数控机床批发,车铣中心,数控镗铣床的大修理再制造,依法须经批准的项目,机械设备及配件,精度检验",邹**,00000000000,2000.0,2000万人民币,存续,,"金属成形机床制造,其他通用设备制造业",80.0,enterprise,true,approved,tianxiagongchang.com,1500385,https://www.tianxiagongchang.com/detail/1500385_shen-yang-hua-na-wei-shu-kong-ji-chuang-you-xian-gong-si,数控机床,91210114667191562P,2008-01-14,http://www.lnsyhnw.com,8,1,"存续,真实工厂","金属成形机床制造,其他通用设备制造业",2026-09-15T16:08:20.726521+00:00
威海华陆数控机床有限公司,威海市环翠区羊亭镇北小城村,山东省,威海市,环翠区,"机器人及配件,数控机床及零配件的销售,数控机床及配件的生产,安装,依法须经批准的项目,经相关部门批准后方可开展经营活动),自动化设备的研发,备案范围内的货物及技术进出口,制造,销售,维修,货物或技术进出口,数控机床及零配件的加工",张**,00000000000,1100.0,1100万人民币,存续,,金属切削机床制造,80.0,enterprise,true,approved,tianxiagongchang.com,1524152,https://www.tianxiagongchang.com/detail/1524152_wei-hai-hua-lu-shu-kong-ji-chuang-you-xian-gong-si,数控机床,913710025533932971,2010-04-08,http://www.hualucnc.com,6,2,"存续,真实工厂",金属切削机床制造,2026-09-15T16:08:20.726521+00:00
玉环佳欧数控机床制造有限公司,浙江省玉环市沙门镇滨港工业城海口东路26号1号楼4楼（自主申报）,浙江省,台州市,玉环市,"数控机床制造、加工,数控机床维修,数控机床及其配件销售",蒋*,00000000000,2000.0,2000万人民币,存续,,"增材制造装备制造,金属成形机床制造",80.0,enterprise,true,approved,tianxiagongchang.com,1628845,https://www.tianxiagongchang.com/detail/1628845_yu-huan-jia-ou-shu-kong-ji-chuang-zhi-zao-you-xian-gong-si,数控机床,91331021MA28GN6KXC,2016-08-23,https://jiaouzhizao.com,6,1,"存续,真实工厂","增材制造装备制造,金属成形机床制造",2026-09-15T16:08:20.726521+00:00
宁波锦华数控机床有限公司,宁波市奉化区经济开发区尚桥科技工业园,浙江省,宁波市,奉化区,"数控机床及零部件,加工,机械配件,电器配件制造",李*,00000000000,1500.0,1500万人民币,存续,,机床功能部件及附件制造,80.0,enterprise,true,approved,tianxiagongchang.com,1945572,https://www.tianxiagongchang.com/detail/1945572_ning-bo-jin-hua-shu-kong-ji-chuang-you-xian-gong-si,数控机床,913302835805482909,2011-09-26,,6,1,"存续,真实工厂",机床功能部件及附件制造,2026-09-15T16:08:20.726521+00:00
湖北宇壹精密加工有限公司,仙桃市解放东路6组96号,湖北省,省直辖县级行政区划,仙桃市,"机械机床的精密加工,钣金加工",吴*,00000000000,100.0,100万人民币,存续,,"机械零部件加工,其他未列明制造业",80.0,enterprise,true,approved,tianxiagongchang.com,2156356,https://www.tianxiagongchang.com/detail/2156356_hu-bei-yu-yi-jing-mi-jia-gong-you-xian-gong-si,精密加工,91429004MA49577118,2018-08-06,,3,2,"存续,真实工厂","机械零部件加工,其他未列明制造业",2026-09-15T16:08:20.726521+00:00
深圳东进五金机械精密加工有限公司,深圳市宝安区西乡街道龙珠社区伟信达工业区A栋后面平房101B区一楼,广东省,深圳市,宝安区,"自动化设备的加工,精密机械零部件的加工,自动化设备的生产,精密机械零部件",王*,00000000000,10.0,10万人民币,存续,,"金属结构制造,通用设备制造业,金属加工机械制造,其他金属加工机械制造",80.0,enterprise,true,approved,tianxiagongchang.com,3730028,https://www.tianxiagongchang.com/detail/3730028_shen-zhen-dong-jin-wu-jin-ji-xie-jing-mi-jia-gong-you-xian-gong-si,精密加工,91440300MA5EG6KMX7,2017-04-19,,3,1,"存续,真实工厂","金属结构制造,通用设备制造业,金属加工机械制造,其他金属加工机械制造",2026-09-15T16:08:20.726521+00:00
青岛三昌精密加工有限公司,山东省青岛市保税港区东京路48号厂房二楼三楼（A）,山东省,青岛市,黄岛区,"贸易项下加工整理,转口贸易,电器零部件产品的生产加工,仓储服务,精密部件,国际贸易,区内企业之间贸易,原材料,电子",米***,00000000000,532.5,75万美元,存续,,"电子元器件与机电组件设备制造,其他未列明制造业",80.0,enterprise,true,approved,tianxiagongchang.com,2303090,https://www.tianxiagongchang.com/detail/2303090_qing-dao-san-chang-jing-mi-jia-gong-you-xian-gong-si,精密加工,913702207278169914,2001-06-28,,8,0,"存续,真实工厂","电子元器件与机电组件设备制造,其他未列明制造业",2026-09-15T16:08:20.726521+00:00
无锡日矿富士精密加工有限公司,无锡市惠山区无锡金属表面处理科技工业园区,江苏省,无锡市,惠山区,"连续电镀,精密电镀,精密电镀之技术,精密电镀产品",孙**,00000000000,4604.0,4604.002万人民币,存续,,"金属表面处理及热处理加工,电力电子元器件制造",80.0,enterprise,true,approved,tianxiagongchang.com,44354,https://www.tianxiagongchang.com/detail/44354_wu-xi-ri-kuang-fu-shi-jing-mi-jia-gong-you-xian-gong-si,精密加工,91320200783369663M,2006-02-07,,8,1,"存续,真实工厂","金属表面处理及热处理加工,电力电子元器件制造",2026-09-15T16:08:20.726521+00:00
重庆市江津区长风精密加工有限责任公司,重庆市江津区德感街道石稻路19号,重庆市,重庆市,江津区,"五金交电,家用电器,货物,日杂,普通机械零配件,台湾车削中心,化工产品,汽车零配件,摩托车零配件,技术进出口业务",邬**,00000000000,2000.0,2000万人民币,存续,,"其他未列明金属制品制造,汽车零部件及配件制造",80.0,enterprise,true,approved,tianxiagongchang.com,1528715,https://www.tianxiagongchang.com/detail/1528715_chong-qing-shi-jiang-jin-qu-chang-feng-jing-mi-jia-gong-you-xian-ze-ren-gong-si,精密加工,915001167093957405,2001-06-21,http://www.cqcfjm.com,11,2,"存续,真实工厂,曾用名,江津市长风精密加工有限责任公司","其他未列明金属制品制造,汽车零部件及配件制造",2026-09-15T16:08:20.726521+00:00
南通肇依精密加工有限公司,启东市汇龙镇公园北路1261号,江苏省,南通市,启东市,,唐**,00000000000,500.0,500万人民币,存续,,"集成电路制造,电力电子元器件制造",80.0,enterprise,true,approved,tianxiagongchang.com,1727225,https://www.tianxiagongchang.com/detail/1727225_nan-tong-zhao-yi-jing-mi-jia-gong-you-xian-gong-si,精密加工,91320681MA1X398G1N,2018-08-23,,2,1,"存续,真实工厂","集成电路制造,电力电子元器件制造",2026-09-15T16:08:20.726521+00:00
湖北山浦精密加工技术有限公司,孝感市孝汉大道南侧银湖科技园18栋101、201、301、401号,湖北省,孝感市,孝南区,"五金制品,模具,冶具,汽车配件,通用机械设备及配件,医疗器械及配件的生产、加工及批发,货物及技术进出口",岳*,00000000000,1000.0,1000万人民币,存续,,"其他金属加工机械制造,工程和技术研究和试验发展",80.0,enterprise,true,approved,tianxiagongchang.com,3314091,https://www.tianxiagongchang.com/detail/3314091_hu-bei-shan-pu-jing-mi-jia-gong-ji-shu-you-xian-gong-si,精密加工,91420900MA494BWWXC,2018-05-31,,20,2,"存续,真实工厂","其他金属加工机械制造,工程和技术研究和试验发展",2026-09-15T16:08:20.726521+00:00
佛山市利凯达金属材料精密加工有限公司,佛山市顺德区陈村镇广隆工业园仙涌大道2号之一,广东省,佛山市,顺德区,,余**,00000000000,180.0,180万人民币,存续,,"金属结构制造,铸造及其他金属制品制造",80.0,enterprise,true,approved,tianxiagongchang.com,280847,https://www.tianxiagongchang.com/detail/280847_fo-shan-shi-li-kai-da-jin-shu-cai-liao-jing-mi-jia-gong-you-xian-gong-si,精密加工,91440606680612077U,2008-10-13,http://www.sslhd.com,7,1,"存续,真实工厂,曾用名,佛山市利凯达不锈钢有限公司","金属结构制造,铸造及其他金属制品制造",2026-09-15T16:08:20.726521+00:00
东莞市普莱德精密加工有限公司,东莞市东坑镇角社村,广东省,东莞市,东莞市,,金**,00000000000,100.0,100万人民币,存续,,其他电气机械及器材制造,80.0,enterprise,true,approved,tianxiagongchang.com,1853755,https://www.tianxiagongchang.com/detail/1853755_dong-guan-shi-pu-lai-de-jing-mi-jia-gong-you-xian-gong-si,精密加工,914419007385732192,2002-04-27,http://www.dgpride.cn,2,1,"存续,真实工厂",其他电气机械及器材制造,2026-09-15T16:08:20.726521+00:00
泰兴市波非特精密加工有限公司,泰兴市虹桥镇蒋华村闸西路14号北侧100米,江苏省,泰州市,泰兴市,"金属加工机械制造,金属密封件制造,金属密封件销售,配电开关控制设备制造,配电开关控制设备销售,轴承、齿轮和传动部件销售,轴承、齿轮和传动部件制造,锻件及粉末冶金制品制造",尹*,00000000000,100.0,100万人民币,存续,,机械零部件加工,80.0,enterprise,true,approved,tianxiagongchang.com,4273670,https://www.tianxiagongchang.com/detail/4273670_tai-xing-shi-bo-fei-te-jing-mi-jia-gong-you-xian-gong-si,精密加工,91321283MA25FJD79D,2021-03-19,,1,1,"存续,真实工厂",机械零部件加工,2026-09-15T16:08:20.726521+00:00
淄博盛世金达机械加工有限公司,山东省淄博市临淄区齐都镇谭家村村北凯创路西首,山东省,淄博市,临淄区,"机械加工及配件生产加工,压力管道元件制造、销售,木托盘,包装箱加工销售,石化配件,机械设备,金属填料,机械密封件,工业机泵,轴承螺栓,法兰弯头,过滤器,异形件,化工设备,钢材,金属材料,机电设备,仪器仪表,风机,钢材,木材,五金建材",孙**,00000000000,2000.0,2000万人民币,存续,,木制容器制造,80.0,enterprise,true,approved,tianxiagongchang.com,1580770,https://www.tianxiagongchang.com/detail/1580770_zi-bo-sheng-shi-jin-da-ji-xie-jia-gong-you-xian-gong-si,机械加工,91370305MA3PUL8C58,2019-05-27,,6,2,"存续,真实工厂",木制容器制造,2026-09-15T16:08:20.726521+00:00
锦州凯德机械加工有限公司,辽宁省锦州市太和区锦义街170号,辽宁省,锦州市,太和区,"建筑材料,机电设备安装工程,钢结构制作与安装,起重设备安装工程,房屋拆除,矿产品,办公用品销售,一般经营项目：机械加工,化工产品销售,许可经营项目：空白,机电产品,园林绿化工程专业承包,废黑色,煤炭,装卸搬运服务,机械加工,金属材料,有色金属收购,钢材,铁路专用器材,变压器",刘**,00000000000,680.0,680万人民币,存续,,"其他未列明金属制品制造,其他金属加工机械制造",80.0,enterprise,true,approved,tianxiagongchang.com,1553634,https://www.tianxiagongchang.com/detail/1553634_jin-zhou-kai-de-ji-xie-jia-gong-you-xian-gong-si,机械加工,91210711574295485L,2011-06-02,,2,1,"存续,真实工厂","其他未列明金属制品制造,其他金属加工机械制造",2026-09-15T16:08:20.726521+00:00
泊头市润洋机械加工有限公司,河北省沧州市泊头市郝村镇流澥寺村,河北省,沧州市,泊头市,"冲床,机床及附件,自动化设备,家具机械设备,机械加工",桑**,00000000000,500.0,500万人民币,存续,,"金属加工机械制造,其他金属加工机械制造",80.0,enterprise,true,approved,tianxiagongchang.com,1838376,https://www.tianxiagongchang.com/detail/1838376_bo-tou-shi-run-yang-ji-xie-jia-gong-you-xian-gong-si,机械加工,91130981MA0803JP8K,2016-12-01,,2,1,"存续,真实工厂","金属加工机械制造,其他金属加工机械制造",2026-09-15T16:08:20.726521+00:00
凤城市均唯精密机械加工有限公司,辽宁省丹东凤城市凤凰城区凤山路98-15号,辽宁省,丹东市,凤城市,"机械加工,经营货物及技术进出口,依法须经批准的项目,经相关部门批准后方可开展经营活动,增压器及配件,汽车配件制造,销售",佟**,00000000000,500.0,500万人民币,存续,,汽车零部件及配件制造,80.0,enterprise,true,approved,tianxiagongchang.com,2523271,https://www.tianxiagongchang.com/detail/2523271_feng-cheng-shi-jun-wei-jing-mi-ji-xie-jia-gong-you-xian-gong-si,机械加工,91210682399382396A,2014-05-26,,5,1,"存续,真实工厂,曾用名,凤城市均唯机械加工有限公司",汽车零部件及配件制造,2026-09-15T16:08:20.726521+00:00
陕西山同辛机械加工有限公司,西安市灞桥区洪庆镇赵东村一组,陕西省,西安市,灞桥区,"工业模具的加工,塑料制品的生产,机械加工,机床维修服务,机械设备的维修,制造,销售,零销,维护",刘**,00000000000,500.0,500万人民币,存续,,其他通用零部件制造,80.0,enterprise,true,approved,tianxiagongchang.com,2698603,https://www.tianxiagongchang.com/detail/2698603_shan-xi-shan-tong-xin-ji-xie-jia-gong-you-xian-gong-si,机械加工,916101112942002345,1996-08-26,,5,1,"存续,真实工厂,曾用名,陕西三新机械塑料加工厂",其他通用零部件制造,2026-09-15T16:08:20.726521+00:00
海城市兴和机械加工有限公司,海城市八里镇王家坎村16-232号,辽宁省,鞍山市,海城市,"机械加工、制造,矿山设备,破碎系统,耐火专用模具制造",王*,00000000000,700.0,700万人民币,存续,,"金属结构制造,专用设备制造业,电子和电工机械专用设备制造",80.0,enterprise,true,approved,tianxiagongchang.com,3511162,https://www.tianxiagongchang.com/detail/3511162_hai-cheng-shi-xing-he-ji-xie-jia-gong-you-xian-gong-si,机械加工,91210381689676712B,2009-06-25,,5,1,"存续,真实工厂","金属结构制造,专用设备制造业,电子和电工机械专用设备制造",2026-09-15T16:08:20.726521+00:00
张家口赫立机械加工有限公司,河北省张家口经济技术开发区沈家屯镇闫家屯村西110国道北侧四强仓储西六号,河北省,张家口市,经济开发区,"给排水工程,机电设备安装与维修,建筑工程,钣金,水电安装工程施工,通用设备,机械加工,管道安装与维修,铆焊,钢结构工程",郭**,00000000000,500.0,500万人民币,存续,,其他金属工具制造,80.0,enterprise,true,approved,tianxiagongchang.com,4322459,https://www.tianxiagongchang.com/detail/4322459_zhang-jia-kou-he-li-ji-xie-jia-gong-you-xian-gong-si,机械加工,91130701697552277M,2009-10-30,,3,1,"存续,真实工厂",其他金属工具制造,2026-09-15T16:08:20.726521+00:00
汉中腾博机械加工有限公司,陕西省汉中市城固县沙河营镇华利产业园区,陕西省,汉中市,城固县,"机械加工,机床销售及维修",王*,00000000000,300.0,300万人民币,存续,,"机械零部件加工,其他机械和设备修理业",80.0,enterprise,true,approved,tianxiagongchang.com,246780,https://www.tianxiagongchang.com/detail/246780_han-zhong-teng-bo-ji-xie-jia-gong-you-xian-gong-si,机械加工,916107225521982111,2010-05-04,,2,2,"存续,真实工厂","机械零部件加工,其他机械和设备修理业",2026-09-15T16:08:20.726521+00:00
神木市锦界亚钢机械加工制造有限公司,陕西省榆林市神木市锦界镇清明路,陕西省,榆林市,神木市,"机械加工、制造,管道安装,煤矿机电设备安装工程,输送设备,钢结构,工业厂房设计制造,工程机械设备制造,矿山机械,化工机械,钢材、五金,化工材料（危化品除外）,电仪销售,劳动服务,信息咨询",孟**,00000000000,200.0,200万人民币,存续,,"机械零部件加工,其他未列明零售业",80.0,enterprise,true,approved,tianxiagongchang.com,361723,https://www.tianxiagongchang.com/detail/361723_shen-mu-shi-jin-jie-ya-gang-ji-xie-jia-gong-zhi-zao-you-xian-gong-si,机械加工,91610821567124055T,2011-01-17,,1,1,"存续,真实工厂,曾用名,神木县锦界亚钢机械加工制造有限公司","机械零部件加工,其他未列明零售业",2026-09-15T16:08:20.726521+00:00
沧州金鸿源机械加工有限公司,河北省沧州市泊头市营子镇小徐郭村西,河北省,沧州市,泊头市,"生铁,货物进出口,球墨铸铁管件铸造加工,机械加工",及**,00000000000,255.0,255万人民币,存续,,"黑色金属铸造,其他未列明金属制品制造",80.0,enterprise,true,approved,tianxiagongchang.com,435068,https://www.tianxiagongchang.com/detail/435068_cang-zhou-jin-hong-yuan-ji-xie-jia-gong-you-xian-gong-si,机械加工,91130981308472813R,2014-05-29,,5,1,"存续,真实工厂","黑色金属铸造,其他未列明金属制品制造",2026-09-15T16:08:20.726521+00:00
西咸新区沣东新城雅德钣金加工部,陕西省西咸新区沣东新城三桥街道办事处蔺高村工业园南区19号,陕西省,西安市,长安区,"钣金加工及销售,仓储服务",梁**,00000000000,,,存续,,其他未列明零售业,80.0,enterprise,true,approved,tianxiagongchang.com,1186222,https://www.tianxiagongchang.com/detail/1186222_xi-xian-xin-qu-feng-dong-xin-cheng-ya-de-ban-jin-jia-gong-bu,钣金加工,92611105MA6TM9AF5D,2019-09-09,,1,1,"存续,真实工厂",其他未列明零售业,2026-09-15T16:08:20.726521+00:00
平阳县沃恒钣金加工有限公司,浙江省温州市平阳县万全镇轻工生产基地机械工业园B17-8地块第一层东面,浙江省,温州市,平阳县,"钣金加工经营服务, 联系人王彩丽",王**,00000000000,10.0,10万人民币,存续,,"金属结构制造,锻件及粉末冶金制品制造",80.0,enterprise,true,approved,tianxiagongchang.com,2028322,https://www.tianxiagongchang.com/detail/2028322_ping-yang-xian-wo-heng-ban-jin-jia-gong-you-xian-gong-si,钣金加工,91330381MA28582U59,2015-12-25,,2,0,"存续,真实工厂,曾用名,瑞安市沃恒钣金加工有限公司","金属结构制造,锻件及粉末冶金制品制造",2026-09-15T16:08:20.726521+00:00
武进区湖塘文革钣金加工店,武进区湖塘镇北庙桥村（北庙桥科创路19-3号）,江苏省,常州市,武进区,"钣金加工,气保焊,氩弧焊加工",杨**,00000000000,,,存续,,"金属加工机械制造,通用零部件制造",80.0,enterprise,true,approved,tianxiagongchang.com,2157404,https://www.tianxiagongchang.com/detail/2157404_wu-jin-qu-hu-tang-wen-ge-ban-jin-jia-gong-dian,钣金加工,92320412MA1R8JGF3B,2017-09-28,,2,0,"存续,真实工厂","金属加工机械制造,通用零部件制造",2026-09-15T16:08:20.726521+00:00
大连百超激光精密钣金加工有限公司,辽宁省大连市甘井子区大连湾镇毛茔子村北海工业园区,辽宁省,大连市,甘井子区,"开关柜,机箱,大型机械钣金结构件,电梯,家电设备外壳,控制箱,激光切割加工,精密钣金构件,生产机箱外壳,交接箱,精密钣金加工及激光切割,专业设计,电柜,配电柜",朱**,00000000000,100.0,100万人民币,存续,,其他未列明制造业,80.0,enterprise,true,approved,tianxiagongchang.com,1979370,https://www.tianxiagongchang.com/detail/1979370_da-lian-bai-chao-ji-guang-jing-mi-ban-jin-jia-gong-you-xian-gong-si,钣金加工,91210200554981058M,2010-06-25,,7,1,"存续,真实工厂",其他未列明制造业,2026-09-15T16:08:20.726521+00:00
诸暨市应店街镇楼江钣金加工服务部,诸暨市应店街镇丁徐村徐家湖,浙江省,绍兴市,诸暨市,"铝合金,加工：铝合金,钣金",张**,00000000000,,,存续,,"金属门窗制造,其他金属工具制造",80.0,enterprise,true,approved,tianxiagongchang.com,3420608,https://www.tianxiagongchang.com/detail/3420608_zhu-ji-shi-ying-dian-jie-zhen-lou-jiang-ban-jin-jia-gong-fu-wu-bu,钣金加工,92330681MA29E7UY3H,2001-07-06,,1,1,"存续,真实工厂","金属门窗制造,其他金属工具制造",2026-09-15T16:08:20.726521+00:00
东莞市石碣利丰钣金加工店,广东省东莞市石碣镇石碣滨江中路1号104室,广东省,东莞市,东莞市,"其他多元化钢铁制品,电力装置金属配件制品,电气箱,氩弧焊,10A-500A鳄鱼夹,日用品加工,电梯配件加工,加工中心外罩等制品,电池夹,刨坑,充电夹,二氧化碳焊加工,建设工程用钢铁制品,火车车厢金属制品,各类五金冲压制品,家具厂用五金产品,控制柜制品,玻璃纤维金属支架及配件,室内外配电箱,幕墙配件,钣金机箱,数控冲吼制品,钣金剪折,机器外壳,电焊",彭**,00000000000,,,存续,,"金属结构制造,计算机、通信和其他电子设备制造业,电子器件制造",80.0,enterprise,true,approved,tianxiagongchang.com,3744595,https://www.tianxiagongchang.com/detail/3744595_dong-guan-shi-dan-jie-li-feng-ban-jin-jia-gong-dian,钣金加工,92441900L83185030L,2015-06-16,,14,1,"存续,真实工厂","金属结构制造,计算机、通信和其他电子设备制造业,电子器件制造",2026-09-15T16:08:20.726521+00:00
大连益同钣金加工有限公司,辽宁省大连经济技术开发区先进装备制造业园区华贺路37-2号1-3层,辽宁省,大连市,金州区,"钣金件加工,技术进出口,经相关部门批准后方可开展经营活动,货物进出口,商业信息咨询,国内一般贸易,依法须经批准的项目",胡**,00000000000,680.0,680万人民币,存续,,"金属结构制造,其他农、林、牧、渔业机械制造",80.0,enterprise,true,approved,tianxiagongchang.com,74905,https://www.tianxiagongchang.com/detail/74905_da-lian-yi-tong-ban-jin-jia-gong-you-xian-gong-si,钣金加工,912102137969126027,2007-01-17,,10,0,"存续,真实工厂","金属结构制造,其他农、林、牧、渔业机械制造",2026-09-15T16:08:20.726521+00:00
云南金工通快钣金加工有限公司,中国（云南）自由贸易试验区昆明片区经开区洛羊街道办事处拓翔路243号4号厂房二楼,云南省,昆明市,呈贡区,,段**,00000000000,600.0,600万人民币,存续,,"其他未列明制造业,其他未列明金属制品制造",80.0,enterprise,true,approved,tianxiagongchang.com,3417016,https://www.tianxiagongchang.com/detail/3417016_yun-nan-jin-gong-tong-kuai-ban-jin-jia-gong-you-xian-gong-si,钣金加工,91530100678716707D,2008-08-21,,3,1,"存续,真实工厂","其他未列明制造业,其他未列明金属制品制造",2026-09-15T16:08:20.726521+00:00
无锡怡成精密钣金加工有限公司,无锡市新吴区长江南路35-201-1,江苏省,无锡市,新吴区,,王**,00000000000,60.0,60万人民币,存续,,其他通用设备制造业,80.0,enterprise,true,approved,tianxiagongchang.com,1531485,https://www.tianxiagongchang.com/detail/1531485_wu-xi-yi-cheng-jing-mi-ban-jin-jia-gong-you-xian-gong-si,钣金加工,91320211677644705Q,2008-07-14,,4,1,"存续,真实工厂",其他通用设备制造业,2026-09-15T16:08:20.726521+00:00
宁波市海曙洞桥陈亮钣金加工店,浙江省宁波市海曙区洞桥镇上水矸村,浙江省,宁波市,海曙区,,陈*,00000000000,,,存续,,"通用设备制造业,通用零部件制造,其他通用零部件制造",80.0,enterprise,true,approved,tianxiagongchang.com,3551647,https://www.tianxiagongchang.com/detail/3551647_ning-bo-shi-hai-shu-dong-qiao-chen-liang-ban-jin-jia-gong-dian,钣金加工,92330203MA2910DE1G,2015-04-14,,1,1,"存续,真实工厂,曾用名,宁波市鄞州洞桥陈亮钣金加工店","通用设备制造业,通用零部件制造,其他通用零部件制造",2026-09-15T16:08:20.726521+00:00
启东市海生冲压件有限公司,东海镇兴垦村,江苏省,南通市,启东市,"喷漆流水线,6,精密万能试验机,电链锯导板,油锯导板,小模数齿轮测量中心,钣金产品,专业ERP生产软件,冲压件产品,3-315T冲压设备,电动工具专业齿轮,冲压件铁风叶五金模具各类链锯导板,金相检测仪,五百米自动化表面喷塑,投影仪,各种规格电枢转子用铁风叶",吴**,00000000000,1050.0,1050万人民币,存续,,"其他通用零部件制造,畜牧机械制造",80.0,enterprise,true,approved,tianxiagongchang.com,574138,https://www.tianxiagongchang.com/detail/574138_qi-dong-shi-hai-sheng-chong-ya-jian-you-xian-gong-si,冲压件,91320681737051670H,2001-10-16,,10,2,"存续,真实工厂","其他通用零部件制造,畜牧机械制造",2026-09-15T16:08:20.726521+00:00
洛阳爱力德冲压件有限公司,洛阳空港产业集聚区（孟津县常袋镇鹏兴路9号）,河南省,洛阳市,孟津区,"金属薄板开卷剪切线2条,冲压件前桥后桥,模具制造设备10多台,2万套农机油箱,金属农机油箱,二保焊机20多台",赵**,00000000000,1000.0,1000万人民币,存续,,机械零部件加工,80.0,enterprise,true,approved,tianxiagongchang.com,1012168,https://www.tianxiagongchang.com/detail/1012168_luo-yang-ai-li-de-chong-ya-jian-you-xian-gong-si,冲压件,9141032279192644XW,2006-08-08,http://www.ailide.net,13,1,"存续,真实工厂",机械零部件加工,2026-09-15T16:08:20.726521+00:00
武汉潜航冲压件有限公司,潜江市园林办事处东荆大道86号,湖北省,省直辖县级行政区划,潜江市,"汽车冲压件及其它冲压产品的加工销售,其它冲压产品的加工销售,汽车冲压件",邹**,00000000000,822.6,822.6万人民币,存续,,"其他金属工具制造,汽车零部件及配件制造",80.0,enterprise,true,approved,tianxiagongchang.com,1193237,https://www.tianxiagongchang.com/detail/1193237_wu-han-qian-hang-chong-ya-jian-you-xian-gong-si,冲压件,914290057146702336,2000-01-13,,9,1,"存续,真实工厂,曾用名,潜江市东方冲压件厂","其他金属工具制造,汽车零部件及配件制造",2026-09-15T16:08:20.726521+00:00
长葛市博豪冲压件有限公司,河南省许昌市长葛市董村镇新王庄村6组,河南省,许昌市,长葛市,"冲压件,机械配件,幕墙配件加工销售",王**,00000000000,500.0,500万人民币,存续,,"其他建筑、安全用金属制品制造,其他通用零部件制造",80.0,enterprise,true,approved,tianxiagongchang.com,1861239,https://www.tianxiagongchang.com/detail/1861239_chang-ge-shi-bo-hao-chong-ya-jian-you-xian-gong-si,冲压件,91411082MA468A9T5N,2019-01-08,,3,1,"存续,真实工厂","其他建筑、安全用金属制品制造,其他通用零部件制造",2026-09-15T16:08:20.726521+00:00
南皮县瑞阳五金冲压件厂,南皮县冯家口镇后上桥村,河北省,沧州市,南皮县,"变压器,仪器仪表,通讯,医疗器械,汽车,摩托车,健身器材,影像器材,超市用品,金属冲压件",张**,00000000000,500.0,500万人民币,存续,,"金属结构制造,锻件及粉末冶金制品制造",80.0,enterprise,true,approved,tianxiagongchang.com,2073748,https://www.tianxiagongchang.com/detail/2073748_nan-pi-xian-rui-yang-wu-jin-chong-ya-jian-chang,冲压件,91130927766605273R,2004-08-30,http://www.nprywj.com,5,1,"存续,真实工厂","金属结构制造,锻件及粉末冶金制品制造",2026-09-15T16:08:20.726521+00:00
泰州市军源冲压件厂,姜堰区沈高镇天民村一组,江苏省,泰州市,姜堰区,"通用机械零部件加工,冲压件,销售",张**,00000000000,500.0,500万人民币,存续,,"机械零部件加工,其他未列明金属制品制造",80.0,enterprise,true,approved,tianxiagongchang.com,2477822,https://www.tianxiagongchang.com/detail/2477822_tai-zhou-shi-jun-yuan-chong-ya-jian-chang,冲压件,91321204596921598D,2012-05-25,,3,1,"存续,真实工厂,曾用名,姜堰市军源冲压件厂","机械零部件加工,其他未列明金属制品制造",2026-09-15T16:08:20.726521+00:00
上海鼓歌隆冲压件有限公司,上海市奉贤区柘林镇文曲路428号,上海市,上海市,奉贤区,"铁制品,零售,矽钢冲件,冲压件,金属制品加工,零,销售,铝制品批发",王**,00000000000,500.0,500万人民币,存续,,"电动机制造,金属制品业,金属工具制造,其他金属工具制造",80.0,enterprise,true,approved,tianxiagongchang.com,3869713,https://www.tianxiagongchang.com/detail/3869713_shang-hai-gu-ge-long-chong-ya-jian-you-xian-gong-si,冲压件,91310120795641636E,2006-11-15,,8,1,"存续,真实工厂","电动机制造,金属制品业,金属工具制造,其他金属工具制造",2026-09-15T16:08:20.726521+00:00
巨鹿县运吉冲压件有限公司,河北省邢台市巨鹿县巨鹿镇草迷杨庄村村西,河北省,邢台市,巨鹿县,"冲压件,金属件,骨架（密封件用）,异形件（密封件）的制造及销售",侯**,00000000000,300.0,300万人民币,存续,,"金属结构制造,汽车零部件及配件制造,金属密封件制造",80.0,enterprise,true,approved,tianxiagongchang.com,311665,https://www.tianxiagongchang.com/detail/311665_ju-lu-xian-yun-ji-chong-ya-jian-you-xian-gong-si,冲压件,91130529MA091AXJ3C,2017-09-05,http://www.yunjicyj.com,7,1,"存续,真实工厂","金属结构制造,汽车零部件及配件制造,金属密封件制造",2026-09-15T16:08:20.726521+00:00
靖江市兴越冲压件有限公司,靖江市西来镇泥桥村东十三圩埭65号,江苏省,泰州市,靖江市,"冲压件,汽车零部件,机械配件,船用配套设备,紧固件制造,加工,销售,金属材料,五金销售",秦**,00000000000,200.0,200万人民币,存续,,"汽车零部件及配件制造,锻件及粉末冶金制品制造",80.0,enterprise,true,approved,tianxiagongchang.com,434082,https://www.tianxiagongchang.com/detail/434082_jing-jiang-shi-xing-yue-chong-ya-jian-you-xian-gong-si,冲压件,91321282MA1NCAA655,2017-01-25,,1,1,"存续,真实工厂","汽车零部件及配件制造,锻件及粉末冶金制品制造",2026-09-15T16:08:20.726521+00:00
新乡市古龙冲压件厂,牧野区前进路中段,河南省,新乡市,牧野区,"冲压件,机械加工",路**,00000000000,134.25,134.25万人民币,存续,,"金属结构制造,金属表面处理及热处理加工",80.0,enterprise,true,approved,tianxiagongchang.com,776510,https://www.tianxiagongchang.com/detail/776510_xin-xiang-shi-gu-long-chong-ya-jian-chang,冲压件,914107111731301379,1995-11-03,,5,1,"存续,真实工厂","金属结构制造,金属表面处理及热处理加工",2026-09-15T16:08:20.726521+00:00
丹阳市创品精密注塑件有限公司,丹阳市丹北镇新桥（木桥工业园区）,江苏省,镇江市,,"模具销售,精密注塑件,五金工具制造",李**,00000000000,160.0,160.00万元,存续,,"塑料制品业,橡胶和塑料制品业",80.0,enterprise,true,approved,tianxiagongchang.com,4376415,https://www.tianxiagongchang.com/detail/4376415_dan-yang-shi-chuang-pin-jing-mi-zhu-su-jian-you-xian-gong-si,注塑件,91321181MA1WCLPMXW,2018-04-13,,3,2,存续,"塑料制品业,橡胶和塑料制品业",2026-09-15T16:08:20.726521+00:00
丹阳市红源注塑件厂,丹阳市皇塘镇大南庄摇林村,江苏省,镇江市,丹阳市,"五金配件生产,塑料注塑件,通讯,电子,塑铝装饰材料,销售,通信",荆**,00000000000,40.0,40万人民币,存续,,塑料零件及其他塑料制品制造,80.0,enterprise,true,approved,tianxiagongchang.com,257949,https://www.tianxiagongchang.com/detail/257949_dan-yang-shi-hong-yuan-zhu-su-jian-chang,注塑件,913211817437083682,2002-11-14,,13,1,"存续,真实工厂",塑料零件及其他塑料制品制造,2026-09-15T16:08:20.726521+00:00
广宗县金楼注塑件加工厂,河北省邢台市广宗县广宗镇李家村,河北省,邢台市,广宗县,注塑件加工零售,李**,00000000000,9.0,9万人民币,存续,,"塑料零件及其他塑料制品制造,塑料包装箱及容器制造",80.0,enterprise,true,approved,tianxiagongchang.com,1130092,https://www.tianxiagongchang.com/detail/1130092_guang-zong-xian-jin-lou-zhu-su-jian-jia-gong-chang,注塑件,92130531MA0BDHLD4L,2014-04-22,,3,1,"存续,真实工厂","塑料零件及其他塑料制品制造,塑料包装箱及容器制造",2026-09-15T16:08:20.726521+00:00
上海正雄汽车注塑件有限公司,上海市宝山区富联三路2号,上海市,上海市,宝山区,"电容控制器,电子产品,针纺织品,服装,注塑件,汽车零配件,压铸件,原材料及其他,塑料制品",郁**,00000000000,300.0,300万人民币,存续,,"其他未列明金属制品制造,橡胶和塑料制品业,塑料制品业,塑料零件及其他塑料制品制造",80.0,enterprise,true,approved,tianxiagongchang.com,3871611,https://www.tianxiagongchang.com/detail/3871611_shang-hai-zheng-xiong-qi-che-zhu-su-jian-you-xian-gong-si,注塑件,913101131334057309,1989-12-12,,10,1,"存续,真实工厂,曾用名,上海正雄汽车注塑件厂","其他未列明金属制品制造,橡胶和塑料制品业,塑料制品业,塑料零件及其他塑料制品制造",2026-09-15T16:08:20.726521+00:00
常州市武进区横林林林注塑件厂,武进区横林镇横玉路383号,江苏省,常州市,武进区,"家居塑料配件电脑笔记桌配件,注塑件加工",周*,00000000000,,,存续,,"塑料零件及其他塑料制品制造,塑料制品业",80.0,enterprise,true,approved,tianxiagongchang.com,2321306,https://www.tianxiagongchang.com/detail/2321306_chang-zhou-shi-wu-jin-qu-heng-lin-lin-lin-zhu-su-jian-chang,注塑件,92320412MA1TGLU000,2004-03-09,,6,1,"存续,真实工厂","塑料零件及其他塑料制品制造,塑料制品业",2026-09-15T16:08:20.726521+00:00
青岛盛强精密注塑件有限公司,青岛胶州市马店镇王家河头村,山东省,青岛市,胶州市,"注塑件,销售,发泡胶枪,针织品,电磁铁,纺织品加工,密封件",王**,00000000000,20.0,20万人民币,存续,,塑料零件及其他塑料制品制造,80.0,enterprise,true,approved,tianxiagongchang.com,2846803,https://www.tianxiagongchang.com/detail/2846803_qing-dao-sheng-qiang-jing-mi-zhu-su-jian-you-xian-gong-si,注塑件,91370281667866224D,2007-11-13,,6,2,"存续,真实工厂",塑料零件及其他塑料制品制造,2026-09-15T16:08:20.726521+00:00
扬州双春注塑件厂,李典镇小乾村恒丰组,江苏省,扬州市,广陵区,,丁**,00000000000,100.0,100万人民币,存续,,"塑料零件及其他塑料制品制造,塑料制品业",80.0,enterprise,true,approved,tianxiagongchang.com,3465930,https://www.tianxiagongchang.com/detail/3465930_yang-zhou-shuang-chun-zhu-su-jian-chang,注塑件,9132100206455079XW,2013-03-25,,3,1,"存续,真实工厂","塑料零件及其他塑料制品制造,塑料制品业",2026-09-15T16:08:20.726521+00:00
上海纬斯伯模具注塑件有限公司,上海市浦东新区秀浦路2388号10幢3层,上海市,上海市,浦东新区,,周*,00000000000,525.68,525.68万人民币,存续,,塑料零件及其他塑料制品制造,80.0,enterprise,true,approved,tianxiagongchang.com,808865,https://www.tianxiagongchang.com/detail/808865_shang-hai-wei-si-bo-mu-ju-zhu-su-jian-you-xian-gong-si,注塑件,913101157492928691,2003-05-14,,6,0,"存续,真实工厂",塑料零件及其他塑料制品制造,2026-09-15T16:08:20.726521+00:00
上海纬斯伯模具注塑件有限公司无锡分公司,无锡市滨湖区胡埭镇富润路8号,江苏省,无锡市,滨湖区,,席**,00000000000,,,存续,,塑料零件及其他塑料制品制造,80.0,enterprise,true,approved,tianxiagongchang.com,808866,https://www.tianxiagongchang.com/detail/808866_shang-hai-wei-si-bo-mu-ju-zhu-su-jian-you-xian-gong-si-wu-xi-fen-gong-si,注塑件,91320211MA1X14B48C,2018-08-08,,2,0,"存续,真实工厂",塑料零件及其他塑料制品制造,2026-09-15T16:08:20.726521+00:00
余姚市鼎展嵌件注塑有限公司,浙江省宁波市余姚市兰江街道钱家路12号,浙江省,宁波市,余姚市,"净水快速接头用内爪,精密冲压件,电子元器件,自营和代理货物,冲压五金件,塑料注塑件,零售,精密嵌件注塑,技术的进出口,模具,净水器配件,净水配件",许**,00000000000,300.0,300万人民币,存续,,"其他通用仪器制造,塑料板、管、型材制造",80.0,enterprise,true,approved,tianxiagongchang.com,1578747,https://www.tianxiagongchang.com/detail/1578747_yu-yao-shi-ding-zhan-qian-jian-zhu-su-you-xian-gong-si,注塑件,913302810714832144,2013-07-10,https://www.dzfitnb.com,10,2,"存续,真实工厂","其他通用仪器制造,塑料板、管、型材制造",2026-09-15T16:08:20.726521+00:00
无锡锦绣压铸件有限公司,无锡市惠山区玉祁街道曙光村,江苏省,无锡市,惠山区,"汽车座椅,汽车水泵,电路箱,汽车转向器,电动机,销售本公司产品,生产机械压铸件,游艇推进器,工业门配件,油泵,LED灯罩,铝锌机械压铸件,塑料机械,风力发电机",尤**,00000000000,610.0,610万人民币,存续,,"金属结构制造,有色金属压延加工",80.0,enterprise,true,approved,tianxiagongchang.com,190236,https://www.tianxiagongchang.com/detail/190236_wu-xi-jin-xiu-ya-zhu-jian-you-xian-gong-si,压铸件,91320200703546843E,1992-06-27,,8,1,"存续,真实工厂","金属结构制造,有色金属压延加工",2026-09-15T16:08:20.726521+00:00
重庆联绵铝压铸件加工有限公司,重庆市沙坪坝区回龙坝镇西溪桥村福绿坝社,重庆市,重庆市,沙坪坝区,"铝合金压铸件,行政法规规定须经批准的项目,行政法规禁止的不得经营,铝合金压铸件研发,法律,销售,金属材料销售,应当依法经过批准后方可经营],加工,[经营范围中法律",唐**,00000000000,120.0,120万人民币,存续,,"汽车零部件及配件制造,其他未列明制造业",80.0,enterprise,true,approved,tianxiagongchang.com,1579571,https://www.tianxiagongchang.com/detail/1579571_chong-qing-lian-mian-lv-ya-zhu-jian-jia-gong-you-xian-gong-si,压铸件,91500109068272520J,2013-05-27,,3,1,"存续,真实工厂","汽车零部件及配件制造,其他未列明制造业",2026-09-15T16:08:20.726521+00:00
武汉炎荣压铸件有限公司,武汉市蔡甸区奓山街星光同兴工业园5号厂房,湖北省,武汉市,蔡甸区,"压铸件的生产、批发零售,货物进出口,机械设备及配件,电子产品,五金交电,金属制品,塑料制品,汽车,摩托车零配件,五金机电,通讯器材及配件,金属结构件,模具,检具,钢结构制品,批零兼营,钣金加工,批零兼营",龚*,00000000000,240.0,240万人民币,存续,,其他未列明制造业,80.0,enterprise,true,approved,tianxiagongchang.com,2136016,https://www.tianxiagongchang.com/detail/2136016_wu-han-yan-rong-ya-zhu-jian-you-xian-gong-si,压铸件,91420100MA4KNLCL3M,2016-09-26,,8,2,"存续,真实工厂",其他未列明制造业,2026-09-15T16:08:20.726521+00:00
宜兴市诚驰压铸件有限公司,宜兴市周铁镇分水村,江苏省,无锡市,宜兴市,"拉链,锌合金压铸件,销售,制造,商务服务,机械模具的加工,锌合金拉链头",胡**,00000000000,120.0,120万人民币,存续,,"其他日用杂品制造,锻件及粉末冶金制品制造",80.0,enterprise,true,approved,tianxiagongchang.com,2500891,https://www.tianxiagongchang.com/detail/2500891_yi-xing-shi-cheng-chi-ya-zhu-jian-you-xian-gong-si,压铸件,9132028266006785X1,2007-04-12,,7,2,"存续,真实工厂","其他日用杂品制造,锻件及粉末冶金制品制造",2026-09-15T16:08:20.726521+00:00
靖江市恒富金属压铸件厂,靖江市东兴镇海镇村南七队东首（老收花站内）,江苏省,泰州市,靖江市,"销售,模具加工,汽车配件制造,金属压铸件",许**,00000000000,200.0,200万人民币,存续,,"金属制品业,铸造及其他金属制品制造,有色金属铸造",80.0,enterprise,true,approved,tianxiagongchang.com,3751338,https://www.tianxiagongchang.com/detail/3751338_jing-jiang-shi-heng-fu-jin-shu-ya-zhu-jian-chang,压铸件,91321282669606733N,2007-11-21,,3,1,"存续,真实工厂","金属制品业,铸造及其他金属制品制造,有色金属铸造",2026-09-15T16:08:20.726521+00:00
文安县鑫达铝压铸件有限公司,文安县刘么乡王曲堤村,河北省,廊坊市,文安县,"铝压铸件,铝合金液压管夹电机壳体系列汽车马达壳体系列,冷冲模及热压模具,塑料模,锌压铸件",赵**,00000000000,60.0,60万人民币,存续,,"铝压延加工,金属制品业,铸造及其他金属制品制造,有色金属铸造",80.0,enterprise,true,approved,tianxiagongchang.com,3674340,https://www.tianxiagongchang.com/detail/3674340_wen-an-xian-xin-da-lv-ya-zhu-jian-you-xian-gong-si,压铸件,91131026663653491T,2007-06-08,,11,2,"存续,真实工厂,曾用名,文安县鑫达压铸铝有限公司","铝压延加工,金属制品业,铸造及其他金属制品制造,有色金属铸造",2026-09-15T16:08:20.726521+00:00
旅顺泰鹏金属压铸件厂,辽宁省大连市旅顺口区三涧堡镇石灰窑村,辽宁省,大连市,旅顺口区,"锌合金压铸件,冲压模,压铸模,铝合金压铸件,部件加工",刘**,00000000000,3.0,3万人民币,存续,,"有色金属铸造,黑色金属铸造",80.0,enterprise,true,approved,tianxiagongchang.com,48916,https://www.tianxiagongchang.com/detail/48916_lv-shun-tai-peng-jin-shu-ya-zhu-jian-chang,压铸件,912102121186219960,1998-02-18,,5,1,"存续,真实工厂","有色金属铸造,黑色金属铸造",2026-09-15T16:08:20.726521+00:00
无锡市堰桥鑫丰压铸件厂,无锡市惠山区堰桥街道堰盛路39,江苏省,无锡市,惠山区,"五金,铝压铸件,机械配件的制造加工",潘**,00000000000,50.0,50万人民币,存续,,"有色金属铸造,黑色金属铸造",80.0,enterprise,true,approved,tianxiagongchang.com,221091,https://www.tianxiagongchang.com/detail/221091_wu-xi-shi-yan-qiao-xin-feng-ya-zhu-jian-chang,压铸件,913202067244292835,2000-12-05,,6,1,"存续,真实工厂,曾用名,锡山市堰桥鑫丰压铸件厂","有色金属铸造,黑色金属铸造",2026-09-15T16:08:20.726521+00:00
金华市汇丰压铸件厂,金华市金东区孝顺镇下街村1幢,浙江省,金华市,金东区,"美工刀,窗帘杆,毛巾架,挂球,救生锤,锌\铝压铸件,衣帽钩,锁门器,门封条,挂钩,开瓶器,冰箱夹",俞**,00000000000,10.0,10万人民币,存续,,"刀剪及类似日用金属工具制造,手工具制造",80.0,enterprise,true,approved,tianxiagongchang.com,1187584,https://www.tianxiagongchang.com/detail/1187584_jin-hua-shi-hui-feng-ya-zhu-jian-chang,压铸件,913307037045440067,1999-06-28,,10,1,"存续,真实工厂,曾用名,金华县汇丰压铸件厂","刀剪及类似日用金属工具制造,手工具制造",2026-09-15T16:08:20.726521+00:00
桐庐有色金属压铸件厂,桐庐县江南镇小潘村,浙江省,杭州市,桐庐县,"有色金属压铸件,常用有色金属压延加工",方**,00000000000,26.0,26万人民币,存续,,"金属切割及焊接设备制造,有色金属铸造",80.0,enterprise,true,approved,tianxiagongchang.com,1340500,https://www.tianxiagongchang.com/detail/1340500_tong-lu-you-se-jin-shu-ya-zhu-jian-chang,压铸件,913301221436318030,1997-01-23,,5,1,"存续,真实工厂","金属切割及焊接设备制造,有色金属铸造",2026-09-15T16:08:20.726521+00:00
天长市宁马不锈钢铸造件科技有限公司,天长市冶山镇工业园区,安徽省,滁州市,,"不锈钢铸造件,铸铁件,钢材,木材,地板砖,五金件销售",朱**,00000000000,100.0,100万人民币,存续,,"其他未列明金属制品制造,金属制品业,铸造及其他金属制品制造",80.0,enterprise,true,approved,tianxiagongchang.com,4172255,https://www.tianxiagongchang.com/detail/4172255_tian-chang-shi-ning-ma-bu-xiu-gang-zhu-zao-jian-ke-ji-you-xian-gong-si,铸造件,91341181MA2T0U5006,2018-08-23,,2,1,存续,"其他未列明金属制品制造,金属制品业,铸造及其他金属制品制造",2026-09-15T16:08:20.726521+00:00
徐州巨环铸造件有限公司,徐州市鼓楼区下淀路170号徐州物资市场24号楼10号（E）,江苏省,徐州市,,"电气设备,计算机,铸造件,个人劳动安全防护用品销售,矿山机械设备,五金产品,电子元器件,通讯设备仪器仪表销售,电子产品,化工产品家用电器,个人劳动安全防护用品,软件及辅助设备",张**,00000000000,50.0,50.00万元,存续,,"批发业,机械设备、五金产品及电子产品批发",80.0,enterprise,true,approved,tianxiagongchang.com,4191966,https://www.tianxiagongchang.com/detail/4191966_xu-zhou-ju-huan-zhu-zao-jian-you-xian-gong-si,铸造件,91320302MA1MJWPT6H,2016-04-25,,5,1,存续,"批发业,机械设备、五金产品及电子产品批发",2026-09-15T16:08:20.726521+00:00
潍坊乐港贸易有限公司铸造件厂,昌乐县朱刘镇东圈村,山东省,潍坊市,昌乐县,"铸件,铸造件加工,销售",唐**,00000000000,,,存续,,"黑色金属铸造,铸造机械制造",80.0,enterprise,true,approved,tianxiagongchang.com,65811,https://www.tianxiagongchang.com/detail/65811_wei-fang-le-gang-mao-yi-you-xian-gong-si-zhu-zao-jian-chang,铸造件,913707257609605301,2004-03-31,,2,0,"存续,真实工厂","黑色金属铸造,铸造机械制造",2026-09-15T16:08:20.726521+00:00
宁乡县花明楼铸造件厂,宁乡县花明楼镇花明楼村连子潭组23号,湖南省,长沙市,,"铜,铝等铸造,注塑,线路板制造销售",龙**,00000000000,150.0,150万人民币,存续,,"金属制品业,铸造及其他金属制品制造,黑色金属铸造",80.0,enterprise,true,approved,tianxiagongchang.com,4186375,https://www.tianxiagongchang.com/detail/4186375_ning-xiang-xian-hua-ming-lou-zhu-zao-jian-chang,铸造件,91430124768039068D,2004-10-11,,5,1,存续,"金属制品业,铸造及其他金属制品制造,黑色金属铸造",2026-09-15T16:08:20.726521+00:00
饶阳县乐兴钢铁铸造件有限公司,饶阳县合方管理区东尹村七区55号,河北省,衡水市,,"铸钢件,铸铁件,脚手架扣件及配件,生产,玛钢,钢铁结构部件",尹**,00000000000,100.0,100万人民币,存续,,"有色金属铸造,金属制品业,铸造及其他金属制品制造",80.0,enterprise,true,approved,tianxiagongchang.com,4175742,https://www.tianxiagongchang.com/detail/4175742_rao-yang-xian-le-xing-gang-tie-zhu-zao-jian-you-xian-gong-si,铸造件,91131124593550779D,2012-03-29,,2,0,"存续,曾用名,饶阳县乐兴玛钢销售有限公司","有色金属铸造,金属制品业,铸造及其他金属制品制造",2026-09-15T16:08:20.726521+00:00
嘉峪关市申龙选矿耐磨铸造件有限责任公司,嘉峪关市嘉北工业园区,甘肃省,嘉峪关市,嘉峪关市,"矿山铸钢件,铸铁件,机械加工件,铜瓦,高锰钢衬板,铬合金铸球,五金结构件,铁艺围栏,矿产品,钢压延的加工",徐**,00000000000,50.0,50万人民币,存续,,"黑色金属铸造,锻件及粉末冶金制品制造",80.0,enterprise,true,approved,tianxiagongchang.com,327487,https://www.tianxiagongchang.com/detail/327487_jia-yu-guan-shi-shen-long-xuan-kuang-nai-mo-zhu-zao-jian-you-xian-ze-ren-gong-si,铸造件,916202007948789304,2007-01-11,,4,0,"存续,真实工厂","黑色金属铸造,锻件及粉末冶金制品制造",2026-09-15T16:08:20.726521+00:00
辽宁奥合机械铸造件有限公司,辽宁省朝阳市朝阳北票经济开发区环保装备产业园区（C区）,辽宁省,朝阳市,北票市,"玛钢管件,沟槽管件,建筑扣件,汽车配件,机床配件,机械配件,消防器材配件,废旧钢铁回收、破碎、压块、加工、销售,覆膜砂制造、销售,自营和代理各类商品和技术的进出口业务",李**,00000000000,3000.0,3000万人民币,存续,,黑色金属铸造,80.0,enterprise,true,approved,tianxiagongchang.com,19967,https://www.tianxiagongchang.com/detail/19967_liao-ning-ao-he-ji-xie-zhu-zao-jian-you-xian-gong-si,铸造件,91211381MA10784C2X,2020-03-01,,7,1,"存续,真实工厂",黑色金属铸造,2026-09-15T16:08:20.726521+00:00
盐城市大丰开拓机械铸造件有限公司,江苏省盐城市大丰区南阳镇翻身街56号2幢2层201室,江苏省,盐城市,大丰区,,张**,00000000000,50.0,50万人民币,存续,,"黑色金属铸造,机械零部件加工",80.0,enterprise,true,approved,tianxiagongchang.com,599685,https://www.tianxiagongchang.com/detail/599685_yan-cheng-shi-da-feng-kai-tuo-ji-xie-zhu-zao-jian-you-xian-gong-si,铸造件,91320982093433402G,2014-04-14,,6,2,"存续,真实工厂,曾用名,大丰市开拓机械铸造件有限公司","黑色金属铸造,机械零部件加工",2026-09-15T16:08:20.726521+00:00
射阳恒发精密铸造件加工厂,射阳县盘湾镇南沃村六组（原华新小学）,江苏省,盐城市,,"通用机械设备,环保设备,涂装设备,其他机械设备配件制造、销售与维修,五金工具销售,废旧钢材及其他废旧金属制品（国家有专项规定的除外）,废旧纸制品,废旧塑料制品,废旧机械设备,建筑材料,五金制品,家用电器,塑料制品销售",侯*,00000000000,150.0,150万人民币,存续,,通用设备制造业,80.0,enterprise,true,approved,tianxiagongchang.com,4188334,https://www.tianxiagongchang.com/detail/4188334_she-yang-heng-fa-jing-mi-zhu-zao-jian-jia-gong-chang,铸造件,91320924MA1X1XK01K,2018-08-14,,4,0,"存续,曾用名,射阳崇泰机械设备加工厂",通用设备制造业,2026-09-15T16:08:20.726521+00:00
兴化市陆加兵机械铸造件经营部（个体工商户）,兴化巿临城街道曹瓦村621号,江苏省,泰州市,,,陆**,00000000000,60.0,60万人民币,存续,,通用设备制造业,80.0,enterprise,true,approved,tianxiagongchang.com,4189010,https://www.tianxiagongchang.com/detail/4189010_xing-hua-shi-lu-jia-bing-ji-xie-zhu-zao-jian-jing-ying-bu-（-ge-ti-gong-shang-hu-）,铸造件,92321281MAELUN0752,2025-06-06,,1,0,存续,通用设备制造业,2026-09-15T16:08:20.726521+00:00
辉县市朝阳锻造件有限公司,辉县市常村镇沿东村村东北地,河南省,新乡市,辉县市,锻造件加工销售,王**,00000000000,50.0,50万人民币,存续,,锻件及粉末冶金制品制造,80.0,enterprise,true,approved,tianxiagongchang.com,875548,https://www.tianxiagongchang.com/detail/875548_hui-xian-shi-zhao-yang-duan-zao-jian-you-xian-gong-si,锻造件,91410782MA45F1AR8Y,2018-06-28,,3,0,"存续,真实工厂",锻件及粉末冶金制品制造,2026-09-15T16:08:20.726521+00:00
宁波市奉化雅星五金锻造件厂,浙江省宁波市奉化区莼湖街道牌门头村莼白线86号,浙江省,宁波市,奉化区,,周**,00000000000,,,存续,,"机械零部件加工,金属制品业,金属工具制造,其他金属工具制造",80.0,enterprise,true,approved,tianxiagongchang.com,3542677,https://www.tianxiagongchang.com/detail/3542677_ning-bo-shi-feng-hua-ya-xing-wu-jin-duan-zao-jian-chang,锻造件,92330283MA293X0K9H,2007-11-14,,1,0,"存续,真实工厂,曾用名,奉化江口雅星五金锻造件厂","机械零部件加工,金属制品业,金属工具制造,其他金属工具制造",2026-09-15T16:08:20.726521+00:00
临海市连盘机械锻件厂,临海市桃渚镇连盘村,浙江省,台州市,临海市,"铝合金锻造,齿轮锻造,螺栓类及轴套产品,花键锻造,轴类锻件,碳钢锻造,汽摩零配件锻造,机械通用配件毛坯锻造,星形套,钛合金锻造,各类车型的内外球笼,保持架,连盘锻造,压力液压产品,铜合金锻造,轴套锻件,锻造锻件锻造件锻造加工,高强度螺母",郑**,00000000000,20.0,20万人民币,存续,,"汽车零部件及配件制造,金属制品业,铸造及其他金属制品制造,黑色金属铸造",80.0,enterprise,true,approved,tianxiagongchang.com,3639094,https://www.tianxiagongchang.com/detail/3639094_lin-hai-shi-lian-pan-ji-xie-duan-jian-chang,锻造件,91331082704743961L,2013-06-26,,6,0,"存续,真实工厂,曾用名,临海市连盘机械配件厂","汽车零部件及配件制造,金属制品业,铸造及其他金属制品制造,黑色金属铸造",2026-09-15T16:08:20.726521+00:00
中实洛阳重工有限公司,洛阳市涧西区衡山路99号,河南省,洛阳市,涧西区,"橡胶制品,石油化工,建材,铸造件,电力机械,冶金,货物的进出口业务,机械配件,锻造件的销售,矿山,耐磨材料,液压设备的制造,国际货物运输服务,工程塑料产品设计开发,工程塑料,普通货物道路运输,电气产品,从事货物的进出口业务,机械设备安装,机械产品,电气自动化",赵**,00000000000,26000.0,26000万人民币,存续,,"矿山机械制造,环境保护专用设备制造",80.0,enterprise,true,approved,tianxiagongchang.com,1305616,https://www.tianxiagongchang.com/detail/1305616_zhong-shi-luo-yang-zhong-gong-you-xian-gong-si,锻造件,91410300574950005F,2011-05-10,https://www.cichmc.com,10,2,"存续,真实工厂","矿山机械制造,环境保护专用设备制造",2026-09-15T16:08:20.726521+00:00
扬州地标金属制品有限公司,仪征市陈集镇工业集中区南侧,江苏省,扬州市,仪征市,"销售,金属制品制造,金属锻造件销售",夏**,00000000000,1800.0,1800万人民币,存续,,"金属结构制造,金属及金属矿批发",80.0,enterprise,true,approved,tianxiagongchang.com,436787,https://www.tianxiagongchang.com/detail/436787_yang-zhou-di-biao-jin-shu-zhi-pin-you-xian-gong-si,锻造件,91321081089390024T,2014-01-16,http://www.yzdibiao.cn,5,1,"存续,真实工厂,曾用名,扬州地标金属锻造有限公司","金属结构制造,金属及金属矿批发",2026-09-15T16:08:20.726521+00:00
安徽麦克威链传动制造有限公司,安徽省宣城市绩溪县生态工业园区清凉峰路12号,安徽省,宣城市,绩溪县,"链传动系列产品,输送设备及配件,锻造件的制造、加工、研发、销售,自营和代理各类商品和技术的进出口",叶**,00000000000,2000.0,2000万人民币,存续,,"其他传动部件制造,皮革、毛皮及其制品加工专用设备制造",80.0,enterprise,true,approved,tianxiagongchang.com,716790,https://www.tianxiagongchang.com/detail/716790_an-hui-mai-ke-wei-lian-chuan-dong-zhi-zao-you-xian-gong-si,锻造件,91341824MA2RUCX28X,2018-06-28,,6,1,"存续,真实工厂","其他传动部件制造,皮革、毛皮及其制品加工专用设备制造",2026-09-15T16:08:20.726521+00:00
常熟市重力机械锻造有限公司,常熟市虞山镇国泰路33号,江苏省,苏州市,常熟市,"机械设备制造,锻造件,加工",沈*,00000000000,2550.0,2550万人民币,存续,,其他通用设备制造业,80.0,enterprise,true,approved,tianxiagongchang.com,1175972,https://www.tianxiagongchang.com/detail/1175972_chang-shu-shi-zhong-li-ji-xie-duan-zao-you-xian-gong-si,锻造件,91320581662700479W,2007-05-29,,9,1,"存续,真实工厂",其他通用设备制造业,2026-09-15T16:08:20.726521+00:00
山东云海汽车零配件有限公司,山东省泰安市新泰市经济开发区滨河大道516号,山东省,泰安市,新泰市,"汽车零配件,通用机械配件的研发、制造、销售,锻造件,焊接件,冲压件的制造、销售,汽车（不含九座以下乘用车）,电子产品,钢材,建材,家具,五金,机电产品,仪器仪表,橡胶制品,润滑油,机床设备销售",韩**,00000000000,2000.0,2000万人民币,存续,,汽车零部件及配件制造,80.0,enterprise,true,approved,tianxiagongchang.com,1446929,https://www.tianxiagongchang.com/detail/1446929_shan-dong-yun-hai-qi-che-ling-pei-jian-you-xian-gong-si,锻造件,91370982MA3PPK4Q44,2019-05-08,,3,1,"存续,真实工厂",汽车零部件及配件制造,2026-09-15T16:08:20.726521+00:00
山东鲲鹏海洋工程设备有限公司,山东省聊城市东昌府区嘉明经济开发区嘉和路17号万通楼304室,山东省,聊城市,东昌府区,"海洋工程设备,海运交通设施及材料,船舶推进系统工程的成套装备,黑色及有色金属船用产品锻造件,钢材、钢管,高分子耐磨材料,工程塑料合金销售,技术咨询服务,自营和代理各类商品和技术的进出口服务",郭**,00000000000,2000.0,2000万人民币,存续,,"建筑工程用机械制造,其他机械设备及电子产品批发",80.0,enterprise,true,approved,tianxiagongchang.com,2539117,https://www.tianxiagongchang.com/detail/2539117_shan-dong-kun-peng-hai-yang-gong-cheng-she-bei-you-xian-gong-si,锻造件,91371502MA3EK52A2L,2017-09-18,,3,1,"存续,真实工厂","建筑工程用机械制造,其他机械设备及电子产品批发",2026-09-15T16:08:20.726521+00:00
湖北万路通机电设备制造有限公司,仙桃市郑场镇花园村大队部,湖北省,省直辖县级行政区划,仙桃市,"铁路专用汽车及零部件,汽车零部件,锻造件,冲压件,金属结构件的制造及销售,塑料制品,橡胶制品,玻璃制品,无线设备,信号设备设计与制造",卢**,00000000000,1200.0,1200万人民币,存续,,"其他金属加工机械制造,其他机械和设备修理业",80.0,enterprise,true,approved,tianxiagongchang.com,2721269,https://www.tianxiagongchang.com/detail/2721269_hu-bei-wan-lu-tong-ji-dian-she-bei-zhi-zao-you-xian-gong-si,锻造件,91429004MA49B3DT0J,2019-09-19,,1,1,"存续,真实工厂","其他金属加工机械制造,其他机械和设备修理业",2026-09-15T16:08:20.726521+00:00
滁州市鑫鼎机械模具制造有限公司,安徽省滁州市何郢路178号,安徽省,滁州市,琅琊区,机械模具制造及销售,杨**,00000000000,1200.0,1200万人民币,存续,,模具制造,80.0,enterprise,true,approved,tianxiagongchang.com,913961,https://www.tianxiagongchang.com/detail/913961_chu-zhou-shi-xin-ding-ji-xie-mu-ju-zhi-zao-you-xian-gong-si,模具制造,91341100557804452U,2010-06-18,http://www.xdjxmj.com,6,1,"存续,真实工厂",模具制造,2026-09-15T16:08:20.726521+00:00
新洋模具制造有限公司,福建省泉州市安溪县龙门镇2025产业园A-20地块,福建省,泉州市,安溪县,"模具制造、销售,金属制品,塑胶制品加工、销售",王**,00000000000,5000.0,5000万人民币,存续,,模具制造,80.0,enterprise,true,approved,tianxiagongchang.com,953283,https://www.tianxiagongchang.com/detail/953283_xin-yang-mu-ju-zhi-zao-you-xian-gong-si,模具制造,91350524MA33D4FTXP,2019-11-18,,7,2,"存续,真实工厂",模具制造,2026-09-15T16:08:20.726521+00:00
山东高密建豪模具制造有限公司,山东省潍坊市高密市醴泉街道盛泉街3069号1幢1号办公用房,山东省,潍坊市,高密市,"汽车模具,模具销售,模具制造,零部件加工,汽车零部件研发,制造销售轮胎模具,汽车零配件批发,汽车零部件,机械配件,汽车零部件及配件制造,货物进出口,经营国家允许范围内的货物进出口业务,机械零件",高*,00000000000,1640.0,1640万人民币,存续,,模具制造,80.0,enterprise,true,approved,tianxiagongchang.com,1955926,https://www.tianxiagongchang.com/detail/1955926_shan-dong-gao-mi-jian-hao-mu-ju-zhi-zao-you-xian-gong-si,模具制造,91370785MA3CATYL59,2016-05-19,,3,1,"存续,真实工厂",模具制造,2026-09-15T16:08:20.726521+00:00
保定聚鼎塑料模具制造有限公司,保定市清苑区闫庄乡南闫庄村,河北省,保定市,清苑区,"钢模具制造,沟盖板模具,销售,机械设备,建筑材料销售,路牙石模具,五金产品,护坡模具,塑料模具,盖板模具",尹**,00000000000,1200.0,1200万人民币,存续,,模具制造,80.0,enterprise,true,approved,tianxiagongchang.com,2096533,https://www.tianxiagongchang.com/detail/2096533_bao-ding-ju-ding-su-liao-mu-ju-zhi-zao-you-xian-gong-si,模具制造,911306080774741672,2013-09-04,,9,1,"存续,真实工厂",模具制造,2026-09-15T16:08:20.726521+00:00
四川省盛美模具制造有限责任公司,四川省南充市营山县营山县城南镇三星工业集中区,四川省,南充市,营山县,"模具制造,汽车零部件及配件制造,餐厨废弃物无害化处理技术装备制造,建筑工程用机械制造,污泥无害化处理技术装备制造,建筑材料生产专用机械制造,销售建筑材料,生物农业、生物能源、生物制品,生物医药,生物环保,技术开发、转让、咨询、服务及产品研发、制造,销售汽车及零配件",肖*,00000000000,3000.0,3000万人民币,存续,,"专用设备制造业,化工、木材、非金属加工专用设备制造,模具制造",80.0,enterprise,true,approved,tianxiagongchang.com,3841591,https://www.tianxiagongchang.com/detail/3841591_si-chuan-sheng-sheng-mei-mu-ju-zhi-zao-you-xian-ze-ren-gong-si,模具制造,91511322337806245K,2015-05-28,,7,2,"存续,真实工厂","专用设备制造业,化工、木材、非金属加工专用设备制造,模具制造",2026-09-15T16:08:20.726521+00:00
彰武金路旺汽车模具制造有限公司,辽宁省阜新市彰武县政通街6号,辽宁省,阜新市,彰武县,"刀剑工艺品制造,金属材料制造，钢、铁冶炼,铁合金冶炼,钢压延加工,常用有色金属冶炼,有色金属合金制造,有色金属压延加工,金属切削加工服务,金属工具制造,金属结构制造,金属包装容器及材料制造,建筑用金属配件制造,建筑装饰,水暖管道零件,其他建筑用金属制品制造,安全、消防用金属制品制造,有色金属铸造,黑色金属铸造,锻件及粉末冶金制品制造,金属制日用品制造,金属链条及其他金属制品制造,交通及公共管理用金属标牌制造,淬火加工,轴承钢材产品生产,汽车轮毂制造,金属切削机床制造,铸造机械制造,金属加工机械制造,轴承制造,金属密封件制造,机械零件,零部件加工,模具制造,模具销售,金属成形机床制造,汽车零部件及配件制造,汽车零配件批发,建筑用金属配件销售,农林牧渔机械配件销售,机械零件、零部件销售,铁路机车车辆配件制造,摩托车零配件制造,高铁设备、配件制造,非公路休闲车及零配件制造,助动自行车、代步车及零配件销售,摩托车及零配件零售,汽车零配件零售,普通阀门和旋塞制造(不含特种设备制造）,轴承、齿轮和传动部件制造,通用零部件制造,通用设备制造（不含特种设备制造）,五金产品制造,五金产品零售,阀门和旋塞销售,有色金属合金销售,金属工具销售,金属包装容器及材料销售,金属表面处理及热处理加工,生产性废旧金属回收,矿山机械制造,锻件及粉末冶金制品销售,金属制品研发,汽车零部件研发,阀门和旋塞研发,机床功能部件及附件制造,金属密封件销售,金属材料销售,金属制品销售,机床功能部件及附件销售,石油钻采专用设备制造,合成材料制造（不含危险化学品）,环境保护专用设备制造,高性能有色金属及合金材料销售,塑料制品制造,轨道交通工程机械及部件销售,高铁设备,配件销售",姚**,00000000000,1000.0,1000万人民币,存续,,"黑色金属铸造,模具制造",80.0,enterprise,true,approved,tianxiagongchang.com,206991,https://www.tianxiagongchang.com/detail/206991_zhang-wu-jin-lu-wang-qi-che-mu-ju-zhi-zao-you-xian-gong-si,模具制造,91210922MA0UB8RU3A,2017-07-14,,3,1,"存续,真实工厂","黑色金属铸造,模具制造",2026-09-15T16:08:20.726521+00:00
宁波市圣威模具制造有限公司,宁波市北仑区大碶育王山路55号1幢1号；2幢1号,浙江省,宁波市,北仑区,"模具制造,汽车零部件及配件制造,塑料制品制造,五金产品制造,金属材料制造,有色金属铸造,有色金属合金制造,货物进出口,技术进出口,进出口代理",陆**,00000000000,1000.0,1000万人民币,存续,,"有色金属铸造,模具制造",80.0,enterprise,true,approved,tianxiagongchang.com,361718,https://www.tianxiagongchang.com/detail/361718_ning-bo-shi-sheng-wei-mu-ju-zhi-zao-you-xian-gong-si,模具制造,91330206691355651Y,2009-07-02,https://www.sanwavemould.com,5,1,"存续,真实工厂","有色金属铸造,模具制造",2026-09-15T16:08:20.726521+00:00
邯郸市邯山区精锐模具制造有限公司,邯郸市邯山区马庄工业区驾校路6号,河北省,邯郸市,邯山区,"耐高温配件,模具制造,耐磨件,机械零部件加工,冷冲模具,销售,硬质合金模具",李**,00000000000,500.0,500万人民币,存续,,"模具制造,其他未列明制造业",80.0,enterprise,true,approved,tianxiagongchang.com,469237,https://www.tianxiagongchang.com/detail/469237_han-dan-shi-han-shan-qu-jing-rui-mu-ju-zhi-zao-you-xian-gong-si,模具制造,911304217825753855,2005-11-25,,9,3,"存续,真实工厂,曾用名,邯郸县开源模具制造有限公司","模具制造,其他未列明制造业",2026-09-15T16:08:20.726521+00:00
安徽天甲精密模具制造有限公司,安徽省六安市舒城县杭埠镇开发区工投-舒城中小企业园A-12号1层,安徽省,六安市,舒城县,"模具制造,模具销售",宋**,00000000000,500.0,500万人民币,存续,,"其他通用零部件制造,模具制造",80.0,enterprise,true,approved,tianxiagongchang.com,727079,https://www.tianxiagongchang.com/detail/727079_an-hui-tian-jia-jing-mi-mu-ju-zhi-zao-you-xian-gong-si,模具制造,91341523MA8NF6836Q,2021-11-26,,2,1,"存续,真实工厂","其他通用零部件制造,模具制造",2026-09-15T16:08:20.726521+00:00
天津市佳丰精密塑胶模具制造有限公司,天津市津南区八里台镇泰达微电子工业区开拓二支路8号,天津市,天津市,津南区,"注塑加工,CNC加工,安装,机械设备加工,自动化机器,精密工装夹具,五金模具,塑胶制品,电气自动化设备制造,销售,软件开发,塑胶模具制造,计算机系统集成,模具加工",饶**,00000000000,500.0,500万人民币,存续,,"塑料零件及其他塑料制品制造,模具制造",80.0,enterprise,true,approved,tianxiagongchang.com,1016443,https://www.tianxiagongchang.com/detail/1016443_tian-jin-shi-jia-feng-jing-mi-su-jiao-mu-ju-zhi-zao-you-xian-gong-si,模具制造,911201127893600883,2006-06-12,http://www.tjjiafeng168.com,9,2,"存续,真实工厂","塑料零件及其他塑料制品制造,模具制造",2026-09-15T16:08:20.726521+00:00
深圳市精工达塑胶模具有限公司,深圳市西乡街道黄麻布社区勒竹角同富裕工业区9号一楼北、二楼B,广东省,深圳市,宝安区,"医疗用品,喷油丝印,汽车配件,IT产品,注塑加工,通讯产品,模具制造,日用品,塑胶制品,精品礼品,化妆品,塑胶注塑,模具设计,塑胶模具,家用电器",沈**,00000000000,8000.0,8000万人民币,存续,,"塑料零件及其他塑料制品制造,批发业,机械设备、五金产品及电子产品批发,其他机械设备及电子产品批发",80.0,enterprise,true,approved,tianxiagongchang.com,3729301,https://www.tianxiagongchang.com/detail/3729301_shen-zhen-shi-jing-gong-da-su-jiao-mu-ju-you-xian-gong-si,塑胶模具,91440300680368326Q,2008-12-15,http://www.jgd168.com,25,3,"存续,真实工厂","塑料零件及其他塑料制品制造,批发业,机械设备、五金产品及电子产品批发,其他机械设备及电子产品批发",2026-09-15T16:08:20.726521+00:00
厦门市高精勤塑胶模具有限公司,厦门市湖里区创新路27号1楼,福建省,厦门市,湖里区,"五金制品,塑胶模具,塑胶制品生产销售",梁**,00000000000,1000.0,1000万人民币,存续,,"塑料零件及其他塑料制品制造,橡胶制品业",80.0,enterprise,true,approved,tianxiagongchang.com,667026,https://www.tianxiagongchang.com/detail/667026_xia-men-shi-gao-jing-qin-su-jiao-mu-ju-you-xian-gong-si,塑胶模具,9135020673787364XY,2002-12-05,,8,1,"存续,真实工厂","塑料零件及其他塑料制品制造,橡胶制品业",2026-09-15T16:08:20.726521+00:00
东莞市利锦塑胶模具有限公司,东莞市大朗镇黄草朗社区美东路48号B栋,广东省,东莞市,东莞市,"塑胶模具,塑胶制品,家电,LED配套产品,之塑胶模具,产品注塑,喷油丝印及组装",文**,00000000000,500.0,500万人民币,存续,,"塑料零件及其他塑料制品制造,塑料制品业",80.0,enterprise,true,approved,tianxiagongchang.com,677439,https://www.tianxiagongchang.com/detail/677439_dong-guan-shi-li-jin-su-jiao-mu-ju-you-xian-gong-si,塑胶模具,91441900068456776M,2013-05-06,,7,2,"存续,真实工厂","塑料零件及其他塑料制品制造,塑料制品业",2026-09-15T16:08:20.726521+00:00
东莞市开泰塑胶模具有限公司,广东省东莞市常平镇东平大道常平段36号2栋302室,广东省,东莞市,东莞市,"五金制品,货物进出口,设计,产销：塑胶制品,电子线材,电子产品,家用电器,技术进出口,塑胶模具,硅胶制品,橡胶制品,包装材料,商务信息咨询,金属制品,塑胶制品,研发,工业产品,研发：工业产品,模具",马**,00000000000,500.0,500万人民币,存续,,"塑料零件及其他塑料制品制造,模具制造",80.0,enterprise,true,approved,tianxiagongchang.com,1116135,https://www.tianxiagongchang.com/detail/1116135_dong-guan-shi-kai-tai-su-jiao-mu-ju-you-xian-gong-si,塑胶模具,91441900MA4WBW6J4E,2017-03-24,,3,1,"存续,真实工厂,曾用名,东莞市万丰元工业设计有限公司","塑料零件及其他塑料制品制造,模具制造",2026-09-15T16:08:20.726521+00:00
浙江华封塑胶模具有限公司,浙江省嘉兴市南湖区七星街道湘家荡大道2588号8号楼一层部分,浙江省,嘉兴市,南湖区,"塑胶模具,通用零部件,塑料零件的加工,玩具制造、销售,模具,机械设备及配件,金属材料,电子产品,五金产品,商务信息咨询（不含投资咨询）,货物及技术的进出口业务",彭**,00000000000,1000.0,1000万人民币,存续,,"汽车零部件及配件制造,其他医疗设备及器械制造",80.0,enterprise,true,approved,tianxiagongchang.com,1626459,https://www.tianxiagongchang.com/detail/1626459_zhe-jiang-hua-feng-su-jiao-mu-ju-you-xian-gong-si,塑胶模具,91330402MA28BFM254,2017-02-13,,4,1,"存续,真实工厂","汽车零部件及配件制造,其他医疗设备及器械制造",2026-09-15T16:08:20.726521+00:00
莆田市涵江区铭宇塑胶模具有限公司,福建省莆田市涵江区江口镇涵桥路2560号,福建省,莆田市,涵江区,"塑胶模具,机械配件,塑料制品,电子产品加工及销售",林**,00000000000,600.0,600万人民币,存续,,"塑料零件及其他塑料制品制造,专用设备制造业,化工、木材、非金属加工专用设备制造",80.0,enterprise,true,approved,tianxiagongchang.com,3530926,https://www.tianxiagongchang.com/detail/3530926_pu-tian-shi-han-jiang-qu-ming-yu-su-jiao-mu-ju-you-xian-gong-si,塑胶模具,91350303MA31W4RY9X,2018-07-06,,2,1,"存续,真实工厂","塑料零件及其他塑料制品制造,专用设备制造业,化工、木材、非金属加工专用设备制造",2026-09-15T16:08:20.726521+00:00
深圳市天诺塑胶模具有限公司,深圳市前海深港合作区前湾一路1号A栋201室（入驻深圳市前海商务秘书有限公司）,广东省,深圳市,南山区,"通讯器材设备,国内贸易,塑胶制品的购销,塑胶模具的技术开发,销售,电子配件的购销,五金制品,经营进出口业务,精密模具",李**,00000000000,500.0,500万人民币,存续,,"塑胶玩具制造,专业技术服务业,工业与专业设计及其他专业技术服务,其他未列明专业技术服务业",80.0,enterprise,true,approved,tianxiagongchang.com,3743249,https://www.tianxiagongchang.com/detail/3743249_shen-zhen-shi-tian-nuo-su-jiao-mu-ju-you-xian-gong-si,塑胶模具,91440300MA5DT8BR99,2017-01-13,,2,1,"存续,真实工厂","塑胶玩具制造,专业技术服务业,工业与专业设计及其他专业技术服务,其他未列明专业技术服务业",2026-09-15T16:08:20.726521+00:00
烟台汶骏塑胶模具有限公司,山东省烟台市牟平区姜格庄工业园山海大街7号,山东省,烟台市,牟平区,"批发,五金产品,技术进出口,汽车装饰服务,汽车零配件批发,货物,塑胶模具批发,零售,塑料制品加工",李**,00000000000,500.0,500万人民币,存续,,"塑料零件及其他塑料制品制造,专用设备制造业,化工、木材、非金属加工专用设备制造,模具制造",80.0,enterprise,true,approved,tianxiagongchang.com,3803061,https://www.tianxiagongchang.com/detail/3803061_yan-tai-wen-jun-su-jiao-mu-ju-you-xian-gong-si,塑胶模具,91370612334663787A,2015-04-16,,4,2,"存续,真实工厂","塑料零件及其他塑料制品制造,专用设备制造业,化工、木材、非金属加工专用设备制造,模具制造",2026-09-15T16:08:20.726521+00:00
深圳市力信塑胶模具有限公司,深圳市宝安区松岗街道沙浦围社区创业工业22栋一楼,广东省,深圳市,宝安区,"塑胶模具技术开发与销售,国内贸易,货物及技术出口,五金模具,塑胶模具,五金产品,塑胶产品,塑胶外壳",吴**,00000000000,500.0,500万人民币,存续,,"塑料零件及其他塑料制品制造,其他制造业,其他未列明制造业,其他未列明金属制品制造",80.0,enterprise,true,approved,tianxiagongchang.com,3923601,https://www.tianxiagongchang.com/detail/3923601_shen-zhen-shi-li-xin-su-jiao-mu-ju-you-xian-gong-si,塑胶模具,91440300MA5DM36N29,2016-09-30,http://www.lixinmold.com,6,1,"存续,真实工厂","塑料零件及其他塑料制品制造,其他制造业,其他未列明制造业,其他未列明金属制品制造",2026-09-15T16:08:20.726521+00:00
湖北佳诚精密模具有限公司,咸宁市咸安经济开发区宝竹路,湖北省,咸宁市,咸安区,"精密模具,五金制品,车铣刀具,螺丝,压铸产品,塑胶产品,机械制品,碳纤维制品,数控设备及配件,工具母机相关设备,智能设备,多关节机器人,机器手,自动化设备及配件,软件、电线、马达、主轴、机械设备及零配件的批发,智能装备系统控制软件集成,技术开发及应用培训,通用设备机器人,自动化设备租赁,机械设备及零配件的维修、组装,货物及技术进出口",朱**,00000000000,6000.0,6000万人民币,存续,,其他未列明制造业,80.0,enterprise,true,approved,tianxiagongchang.com,861956,https://www.tianxiagongchang.com/detail/861956_hu-bei-jia-cheng-jing-mi-mu-ju-you-xian-gong-si,精密模具,91421200MA49G97P36,2020-05-26,,7,1,"存续,真实工厂",其他未列明制造业,2026-09-15T16:08:20.726521+00:00
重庆讯通精密模具有限公司,重庆市江津区双福工业园,重庆市,重庆市,江津区,"电子产品销售,其他电子器件制造,模具标准件,家用电器售后服务,承接来料加工,制造,计算机零部件,I类医疗器械零部件,通讯产品零部件,精密五金模具设计,汽车零部件,精密模具设计,塑料制品,包装装潢印刷品印刷,数控软件,精密注塑零件,数控刀具,钢材,家用电器制造,办公设备零部件,数码产品零部件,各类五金塑胶产品组装集成,制造与销售,模具钢,家用电器研发,普通货运,家用电器,摩托车零部件,仪器仪表零部件,代理销售数控机床,设计,精密五金冲压,金属材料,生产精密冲压零件,家用电器零部件",权**,00000000000,1500.0,1500万人民币,存续,,"机械零部件加工,其他有色金属压延加工",80.0,enterprise,true,approved,tianxiagongchang.com,658897,https://www.tianxiagongchang.com/detail/658897_chong-qing-xun-tong-jing-mi-mu-ju-you-xian-gong-si,精密模具,91500116554074175U,2010-04-27,,25,1,"存续,真实工厂","机械零部件加工,其他有色金属压延加工",2026-09-15T16:08:20.726521+00:00
漳州福森精密模具有限公司,福建省漳州市龙文区龙腾北路32号,福建省,漳州市,龙文区,"拉链及拉链零配件,电子产品,生产精密模具,拉链,五金配件,拉链零配件",陈**,00000000000,1632.43,1632.435万人民币,存续,,模具制造,80.0,enterprise,true,approved,tianxiagongchang.com,1763081,https://www.tianxiagongchang.com/detail/1763081_zhang-zhou-fu-sen-jing-mi-mu-ju-you-xian-gong-si,精密模具,9135060066685888XM,2007-10-30,,7,1,"存续,真实工厂",模具制造,2026-09-15T16:08:20.726521+00:00
南通旭诺精密模具有限公司,南通市通州区二甲镇坨墩村27组,江苏省,南通市,通州区,"精密模具,金属结构件,注塑制品,机电产品研发、生产、销售,金属材料,纺织机械,塑料机械及配件,化工原料（危险化学品除外）销售",瞿*,00000000000,5000.0,5000万人民币,存续,,"金属结构制造,专用设备制造业,电子和电工机械专用设备制造",80.0,enterprise,true,approved,tianxiagongchang.com,3708513,https://www.tianxiagongchang.com/detail/3708513_nan-tong-xu-nuo-jing-mi-mu-ju-you-xian-gong-si,精密模具,91320612MA1W8MFFX1,2018-03-22,,2,1,"存续,真实工厂","金属结构制造,专用设备制造业,电子和电工机械专用设备制造",2026-09-15T16:08:20.726521+00:00
东莞市一丁精密模具组件有限公司,广东省东莞市长安镇乌沙兴发南路西三街4号3号楼,广东省,东莞市,东莞市,"精密模具,精密零部件加工,相机打印机精密零部件,led光电精密模具零部件,电子通讯精密零部件,汽车精密零部件,手机电脑汽车连接器模具,精密单双色塑胶模具,高精密塑胶齿轮,马达零部件",龚*,00000000000,5000.0,5000万人民币,存续,,"专用设备制造业,化工、木材、非金属加工专用设备制造,模具制造,其他未列明制造业",80.0,enterprise,true,approved,tianxiagongchang.com,4097364,https://www.tianxiagongchang.com/detail/4097364_dong-guan-shi-yi-ding-jing-mi-mu-ju-zu-jian-you-xian-gong-si,精密模具,91441900MA4X8M6R7P,2017-10-23,http://www.cemould.com.cn,11,3,"存续,真实工厂","专用设备制造业,化工、木材、非金属加工专用设备制造,模具制造,其他未列明制造业",2026-09-15T16:08:20.726521+00:00
重庆豪盛精密模具有限公司,重庆市九龙坡区华岩镇新政村九社,重庆市,重庆市,九龙坡区,"注塑件加工,90T各一台,模具设计,销售精密模具,各种塑胶,开发,中兴线切割4台,120T,塑胶产品,制造",胡**,00000000000,1000.0,1000万人民币,存续,,"汽车零部件及配件制造,其他未列明专业技术服务业",80.0,enterprise,true,approved,tianxiagongchang.com,269977,https://www.tianxiagongchang.com/detail/269977_chong-qing-hao-sheng-jing-mi-mu-ju-you-xian-gong-si,精密模具,915001076608832835,2007-05-17,,7,1,"存续,真实工厂","汽车零部件及配件制造,其他未列明专业技术服务业",2026-09-15T16:08:20.726521+00:00
无锡瑞嘉精密模具有限公司,无锡市新吴区江溪街道南丰一路8,江苏省,无锡市,新吴区,"夹具,机械零配件,精密模具,第二类医疗器械销售,家电零配件,道路普通货物运输,汽车零配件,金属制品,电气零配件,自营和代理各类商品和技术的进出口,保养维护及技术服务,精密金属塑料配件的生产和销售,精密塑料配件,模具的维修",朱**,00000000000,1000.0,1000万人民币,存续,,"塑料零件及其他塑料制品制造,模具制造",80.0,enterprise,true,approved,tianxiagongchang.com,377382,https://www.tianxiagongchang.com/detail/377382_wu-xi-rui-jia-jing-mi-mu-ju-you-xian-gong-si,精密模具,913202146967101302,2009-10-28,,4,1,"存续,真实工厂","塑料零件及其他塑料制品制造,模具制造",2026-09-15T16:08:20.726521+00:00
昆山庆盟精密模具有限公司,昆山市张浦镇建德路1608号5号楼,江苏省,苏州市,昆山市,"电子设备,五金制品,机械零配件,塑胶原料,家用电器制造,塑胶制品的销售,销售,自动化设备,机械零配件的制造,精密模具,电子零部件,加工,货物及技术的进出口业务,电子产品销售,家用电器研发,光电材料,家用电器销售",唐**,00000000000,800.0,800万人民币,存续,,"模具制造,其他非金属矿物制品制造",80.0,enterprise,true,approved,tianxiagongchang.com,997200,https://www.tianxiagongchang.com/detail/997200_kun-shan-qing-meng-jing-mi-mu-ju-you-xian-gong-si,精密模具,91320583MA1MCG7R3U,2015-12-08,http://ksqingmeng.com,7,2,"存续,真实工厂","模具制造,其他非金属矿物制品制造",2026-09-15T16:08:20.726521+00:00
东莞市富迅精密模具机械有限公司,广东省东莞市长安镇乌沙红桥街9号2号楼201室,广东省,东莞市,东莞市,"激光加工机械零部件加工,自动化设备,电子产品,光源检查设备,塑胶五金制品,机械设备,精密模具",曾*,00000000000,600.0,600万人民币,存续,,"其他非金属加工专用设备制造,机械设备、五金产品及电子产品批发",80.0,enterprise,true,approved,tianxiagongchang.com,1206137,https://www.tianxiagongchang.com/detail/1206137_dong-guan-shi-fu-xun-jing-mi-mu-ju-ji-xie-you-xian-gong-si,精密模具,91441900789486887G,2006-06-11,,14,2,"存续,真实工厂","其他非金属加工专用设备制造,机械设备、五金产品及电子产品批发",2026-09-15T16:08:20.726521+00:00
东莞市锐特精密模具配件有限公司,广东省东莞市长安镇复兴路5号2号楼301室,广东省,东莞市,东莞市,"精密模具及配件,通用机械配件,五金制品,模具钢材",李**,00000000000,500.0,500万人民币,存续,,模具制造,80.0,enterprise,true,approved,tianxiagongchang.com,1229647,https://www.tianxiagongchang.com/detail/1229647_dong-guan-shi-rui-te-jing-mi-mu-ju-pei-jian-you-xian-gong-si,精密模具,91441900MA4WXCYH14,2017-07-31,http://www.ruitemj.com,7,2,"存续,真实工厂",模具制造,2026-09-15T16:08:20.726521+00:00
新永旭五金模具（深圳）有限公司,深圳市宝安区沙井街道步涌社区工业区D区4#厂房一层、二层、三层及5#厂房整栋,广东省,深圳市,宝安区,"五金模具,其他行业,塑胶模具,五金件",权**,00000000000,1100.0,1100万港元,存续,,"专用设备制造业,化工、木材、非金属加工专用设备制造,模具制造,其他未列明制造业",80.0,enterprise,true,approved,tianxiagongchang.com,3736371,https://www.tianxiagongchang.com/detail/3736371_xin-yong-xu-wu-jin-mu-ju-shen-zhen-you-xian-gong-si,五金模具,91440300763472364F,2004-09-02,,27,1,"存续,真实工厂","专用设备制造业,化工、木材、非金属加工专用设备制造,模具制造,其他未列明制造业",2026-09-15T16:08:20.726521+00:00
东莞市源耀五金模具制品有限公司,广东省东莞市清溪镇葵清路7号1号楼101室,广东省,东莞市,东莞市,"五金模具制品,汽车模具,家电模具,五金冲压",张**,00000000000,500.0,500万人民币,存续,,"金属结构制造,结构性金属制品制造",80.0,enterprise,true,approved,tianxiagongchang.com,744814,https://www.tianxiagongchang.com/detail/744814_dong-guan-shi-yuan-yao-wu-jin-mu-ju-zhi-pin-you-xian-gong-si,五金模具,91441900564559221W,2010-11-09,,10,1,"存续,真实工厂","金属结构制造,结构性金属制品制造",2026-09-15T16:08:20.726521+00:00
东莞市遂成精密五金模具有限公司,广东省东莞市长安镇创立路10号1号楼102室,广东省,东莞市,东莞市,"五金制品,数控机床设备,冶具,货物进出口,加工,夹具,产销：五金模具,技术进出口,陶瓷零件,机械设备,五金模具,通讯电子产品",丘**,00000000000,1000.0,1000万人民币,存续,,"模具制造,其他未列明金属制品制造",80.0,enterprise,true,approved,tianxiagongchang.com,1203379,https://www.tianxiagongchang.com/detail/1203379_dong-guan-shi-sui-cheng-jing-mi-wu-jin-mu-ju-you-xian-gong-si,五金模具,91441900MA4UNT217K,2016-04-20,,2,1,"存续,真实工厂","模具制造,其他未列明金属制品制造",2026-09-15T16:08:20.726521+00:00
深圳市精亿鑫五金模具有限公司,深圳市宝安区沙井街道壆岗社区瑞源路4号厂房102,广东省,深圳市,宝安区,"五金工具,五金模具,电子产品,机械设备,五金配件的销售,电子烟具产品（不含烟草制品）的销售,国内贸易,货物及技术进出口,五金工具,五金模具,电子产品,机械设备,五金配件",蒋**,00000000000,150.0,150万人民币,存续,,其他未列明金属制品制造,80.0,enterprise,true,approved,tianxiagongchang.com,1226766,https://www.tianxiagongchang.com/detail/1226766_shen-zhen-shi-jing-yi-xin-wu-jin-mu-ju-you-xian-gong-si,五金模具,9144030006029985X3,2013-01-08,,6,1,"存续,真实工厂",其他未列明金属制品制造,2026-09-15T16:08:20.726521+00:00
深圳市德旺达五金模具有限公司,深圳市光明区马田街道合水口社区第四工业区第十一栋A,广东省,深圳市,光明区,"模具材料,五金材料,五金模具设备的销售与技术开发,机柜的生产与销售,五金配件,五金模具产品,五金模具设备的销售,机电设备,国内贸易,机柜,电子产品,自动化设备,模具配件,机箱",胡**,00000000000,110.0,110万人民币,存续,,"批发业,机械设备、五金产品及电子产品批发,其他机械设备及电子产品批发",80.0,enterprise,true,approved,tianxiagongchang.com,3743739,https://www.tianxiagongchang.com/detail/3743739_shen-zhen-shi-de-wang-da-wu-jin-mu-ju-you-xian-gong-si,五金模具,91440300594300894D,2012-04-23,,7,2,"存续,真实工厂","批发业,机械设备、五金产品及电子产品批发,其他机械设备及电子产品批发",2026-09-15T16:08:20.726521+00:00
深圳市宏创丰五金模具有限公司,深圳市龙华区观澜街道桂花社区桂花工业区5号厂房102,广东省,深圳市,龙华区,"五金模具,塑胶模具,机械零部件加工与销售,夹具,国内贸易,治具的设计加工,货物及技术进出口",赵*,00000000000,300.0,300万人民币,存续,,其他金属工具制造,80.0,enterprise,true,approved,tianxiagongchang.com,4320941,https://www.tianxiagongchang.com/detail/4320941_shen-zhen-shi-hong-chuang-feng-wu-jin-mu-ju-you-xian-gong-si,五金模具,914403003351395225,2015-04-09,,3,2,"存续,真实工厂",其他金属工具制造,2026-09-15T16:08:20.726521+00:00
东莞市泓钰五金模具有限公司,广东省东莞市长安镇沙头社区合顺路13号2号楼105室,广东省,东莞市,东莞市,"五金模具,五金制品,模具制品及配件,自动化设备及配件,通用机械设备及配件,塑胶模具",曾**,00000000000,100.0,100万人民币,存续,,"其他未列明金属制品制造,五金产品批发",80.0,enterprise,true,approved,tianxiagongchang.com,444369,https://www.tianxiagongchang.com/detail/444369_dong-guan-shi-hong-yu-wu-jin-mu-ju-you-xian-gong-si,五金模具,91441900MA53M4B934,2019-08-19,,1,1,"存续,真实工厂","其他未列明金属制品制造,五金产品批发",2026-09-15T16:08:20.726521+00:00
佛山市钜创五金模具有限公司,佛山市三水区乐平镇创新大道东6号之一（住所申报）,广东省,佛山市,三水区,五金模具,刘**,00000000000,100.0,100万人民币,存续,,模具制造,80.0,enterprise,true,approved,tianxiagongchang.com,1809814,https://www.tianxiagongchang.com/detail/1809814_fo-shan-shi-ju-chuang-wu-jin-mu-ju-you-xian-gong-si,五金模具,91440607052479455N,2012-08-22,,4,1,"存续,真实工厂,曾用名,佛山市福龙达五金模具有限公司",模具制造,2026-09-15T16:08:20.726521+00:00
仙桃东达五金模具有限公司,仙桃市叶王路民营工业园,湖北省,省直辖县级行政区划,仙桃市,"制造,五金产品制造,销售,设备设计,五金模具设计,五金模具标准件非标件制造,专用夹治具",胡**,00000000000,100.0,100万人民币,存续,,其他未列明制造业,80.0,enterprise,true,approved,tianxiagongchang.com,2471920,https://www.tianxiagongchang.com/detail/2471920_xian-tao-dong-da-wu-jin-mu-ju-you-xian-gong-si,五金模具,91429004309835516R,2014-07-08,,3,1,"存续,真实工厂",其他未列明制造业,2026-09-15T16:08:20.726521+00:00
东莞市盈业五金模具制品有限公司,广东省东莞市长安镇沙头合新街4号5号楼101室,广东省,东莞市,东莞市,"五金垫片,插座开关接触片,电池弹片,锌铝合金压铸件,五金冲压件,CNC数控加工,拉链上下止,电子通讯配件,五金模具,锌铝合金压铸件等",严**,00000000000,100.0,100万人民币,存续,,"其他未列明金属制品制造,电子和电工机械专用设备制造",80.0,enterprise,true,approved,tianxiagongchang.com,2498139,https://www.tianxiagongchang.com/detail/2498139_dong-guan-shi-ying-ye-wu-jin-mu-ju-zhi-pin-you-xian-gong-si,五金模具,91441900325203762X,2015-02-06,,5,1,"存续,真实工厂","其他未列明金属制品制造,电子和电工机械专用设备制造",2026-09-15T16:08:20.726521+00:00
沧州精英凝华汽车模具有限公司,河北省沧州市东光县南霞口镇北霞口村,河北省,沧州市,东光县,"检具,加工销售,销售汽车配件,汽车模具,机械配件,夹具",葛**,00000000000,1050.0,1050万人民币,存续,,其他通用零部件制造,80.0,enterprise,true,approved,tianxiagongchang.com,1553078,https://www.tianxiagongchang.com/detail/1553078_cang-zhou-jing-ying-ning-hua-qi-che-mu-ju-you-xian-gong-si,汽车模具,9113092369467181X4,2009-09-16,,6,1,"存续,真实工厂",其他通用零部件制造,2026-09-15T16:08:20.726521+00:00
台州屹丰汽车模具有限公司,三门县海润街道兴国路6号,浙江省,台州市,三门县,"模具,技术进出口,汽车模具,汽车零件制造,销售,货物进出口",张**,00000000000,5000.0,5000万人民币,存续,,汽车零部件及配件制造,80.0,enterprise,true,approved,tianxiagongchang.com,2005222,https://www.tianxiagongchang.com/detail/2005222_tai-zhou-yi-feng-qi-che-mu-ju-you-xian-gong-si,汽车模具,913310227976236340,2007-01-09,,7,1,"存续,真实工厂,曾用名,台州祺祥汽车模具有限公司",汽车零部件及配件制造,2026-09-15T16:08:20.726521+00:00
河北立信众邦汽车模具有限公司,泊头市经济开发区1号路,河北省,沧州市,泊头市,"汽车模具,汽车冲压件,主模型、模具制造,动车组,地铁,轻轨,磁悬浮模具,工装设计、加工、制造、销售,铁路机车车辆配件,工装模具制造,金属结构防腐处理,锌铬涂层加工,酸洗磷化打沙,喷漆,喷塑加工",李**,00000000000,3020.0,3020万人民币,存续,,"铁路专用设备及器材、配件制造,铁路机车车辆制造",80.0,enterprise,true,approved,tianxiagongchang.com,2553979,https://www.tianxiagongchang.com/detail/2553979_he-bei-li-xin-zhong-bang-qi-che-mu-ju-you-xian-gong-si,汽车模具,9113098157957837XD,2011-07-26,,7,1,"存续,真实工厂,曾用名,河北立信众邦轨道交通设备有限公司 河北立信众邦机车车辆配件有限公司","铁路专用设备及器材、配件制造,铁路机车车辆制造",2026-09-15T16:08:20.726521+00:00
沧州鑫田汽车模具有限公司,东光县南霞口镇北霞口村,河北省,沧州市,东光县,"零部件,生产,加工制造,销售汽车模具,加工模具",杨**,00000000000,2000.0,2000万人民币,存续,,汽车零部件及配件制造,80.0,enterprise,true,approved,tianxiagongchang.com,2567940,https://www.tianxiagongchang.com/detail/2567940_cang-zhou-xin-tian-qi-che-mu-ju-you-xian-gong-si,汽车模具,91130923697567743L,2009-11-19,,11,2,"存续,真实工厂",汽车零部件及配件制造,2026-09-15T16:08:20.726521+00:00
安徽福达汽车模具制造有限公司,安徽省合肥市高新区创新大道2658号办公综合楼 、Ⅰ101、Ⅱ101生产车间,安徽省,合肥市,蜀山区,"设计与生产制造,大型汽车冲压模具,夹具的研发,汽车装焊零部件,检具,冲压件,机械加工产品的生产与制造,汽车A类板件模具,五轴激光切割机1台,汽车模具,汽车零部件的生产制造",王*,00000000000,5000.0,5000万人民币,存续,,电子和电工机械专用设备制造,80.0,enterprise,true,approved,tianxiagongchang.com,3432489,https://www.tianxiagongchang.com/detail/3432489_an-hui-fu-da-qi-che-mu-ju-zhi-zao-you-xian-gong-si,汽车模具,91340100698957727M,2009-12-15,,8,1,"存续,真实工厂",电子和电工机械专用设备制造,2026-09-15T16:08:20.726521+00:00
扬州智宇汽车模具有限公司,扬州市江都区丁伙工业园区南环东路2号,江苏省,扬州市,江都区,"汽车模具,车身冲压件,模具,灰口铸铁,铸钢加工,大型数控加工,汽车车身设计,钣金加工服务",董**,00000000000,600.0,600万人民币,存续,,"汽车零部件及配件制造,模具制造",80.0,enterprise,true,approved,tianxiagongchang.com,390853,https://www.tianxiagongchang.com/detail/390853_yang-zhou-zhi-yu-qi-che-mu-ju-you-xian-gong-si,汽车模具,91321012MA1MHURW7F,2016-04-13,http://www.yzzymj.cn,3,1,"存续,真实工厂","汽车零部件及配件制造,模具制造",2026-09-15T16:08:20.726521+00:00
安徽祥恩汽车模具有限公司,安徽省广德市经济开发区西区德兴路3号,安徽省,宣城市,广德市,"汽车模具,机械设备及配件,五金制品的生产、加工、铸造及销售,汽车饰品,汽摩配件,金属材料,建材,机械设备,五金交化的销售,自营和代理各类商品及技术的进出口业务",徐**,00000000000,500.0,500万人民币,存续,,"其他未列明金属制品制造,其他未列明制造业",80.0,enterprise,true,approved,tianxiagongchang.com,430124,https://www.tianxiagongchang.com/detail/430124_an-hui-xiang-en-qi-che-mu-ju-you-xian-gong-si,汽车模具,91341822MA2NT1EQ47,2017-07-12,,5,3,"存续,真实工厂","其他未列明金属制品制造,其他未列明制造业",2026-09-15T16:08:20.726521+00:00
沧州鑫晟汽车模具有限公司,沧县兴济镇南堤村,河北省,沧州市,沧县,"预包装食品,销售：钢板,烟草零售,制造：汽车模具,生产,汽车部件,散装食品,日用品批发兼零售,五金配件,机箱,机械制造安装",高**,00000000000,800.0,800万人民币,存续,,"金属结构制造,模具制造",80.0,enterprise,true,approved,tianxiagongchang.com,778383,https://www.tianxiagongchang.com/detail/778383_cang-zhou-xin-cheng-qi-che-mu-ju-you-xian-gong-si,汽车模具,91130921075962458Q,2013-08-15,,3,1,"存续,真实工厂","金属结构制造,模具制造",2026-09-15T16:08:20.726521+00:00
泊头市慧东汽车模具有限公司,河北省沧州市泊头市经济开发区1号路（兴林模具北侧）,河北省,沧州市,泊头市,"销售,检具,制造,模型设计,机械加工,汽车模具,夹具,汽车模具制造",孙**,00000000000,700.0,700万人民币,存续,,"其他未列明制造业,其他未列明通用设备制造业",80.0,enterprise,true,approved,tianxiagongchang.com,1381359,https://www.tianxiagongchang.com/detail/1381359_bo-tou-shi-hui-dong-qi-che-mu-ju-you-xian-gong-si,汽车模具,9113098168139805XG,2008-11-21,,5,1,"存续,真实工厂","其他未列明制造业,其他未列明通用设备制造业",2026-09-15T16:08:20.726521+00:00
沧州润尔泰汽车模具有限公司,河北省沧州市南皮县南皮镇张让家村村东,河北省,沧州市,南皮县,"汽车模具,塑料零件,橡胶零件,汽车零配件,橡胶零件的加工销售,五金冲压件",张**,00000000000,1000.0,1000万人民币,存续,,"锻件及粉末冶金制品制造,汽车零部件及配件制造",80.0,enterprise,true,approved,tianxiagongchang.com,1619269,https://www.tianxiagongchang.com/detail/1619269_cang-zhou-run-er-tai-qi-che-mu-ju-you-xian-gong-si,汽车模具,911309276610552019,2007-04-20,,10,2,"存续,真实工厂,曾用名,沧州金波五金塑料制品有限公司","锻件及粉末冶金制品制造,汽车零部件及配件制造",2026-09-15T16:08:20.726521+00:00
重庆建茂电子连接器有限公司,重庆市九龙坡区陶家镇铜陶北路113号20幢,重庆市,重庆市,九龙坡区,"开发,电力电子元器件销售,汽车连接器,电子元器件制造,法律,生产,[依法须经批准的项目,模具设计,汽车连接器开发,销售,[以上项目法律,法规禁止经营的不得经营,车用电器,法规规定应经审批而未获审批前不得经营],经相关部门批准后方可开展经营活动],电子元器件批发,电力电子元器件制造,车用线束生产",叶**,00000000000,100.0,100万人民币,存续,,"汽车零部件及配件制造,塑料零件及其他塑料制品制造",80.0,enterprise,true,approved,tianxiagongchang.com,723006,https://www.tianxiagongchang.com/detail/723006_chong-qing-jian-mao-dian-zi-lian-jie-qi-you-xian-gong-si,电子连接器,9150010758281912X4,2011-09-16,,8,1,"存续,真实工厂,曾用名,重庆建优电器有限公司","汽车零部件及配件制造,塑料零件及其他塑料制品制造",2026-09-15T16:08:20.726521+00:00
东莞市立盈电子连接器有限公司,东莞市塘厦镇石潭埔大迳一路6号,广东省,东莞市,东莞市,,朱*,00000000000,50.0,50万人民币,存续,,电子器件制造,80.0,enterprise,true,approved,tianxiagongchang.com,1411568,https://www.tianxiagongchang.com/detail/1411568_dong-guan-shi-li-ying-dian-zi-lian-jie-qi-you-xian-gong-si,电子连接器,914419005536671710,2010-04-26,,2,0,"存续,真实工厂",电子器件制造,2026-09-15T16:08:20.726521+00:00
重庆三峡电子连接器有限公司,重庆市江津区珞璜镇工业园B区中兴大道16号,重庆市,重庆市,江津区,"电线,电缆制造,电力电子元器件制造,汽车及零配件批发,输配电及控制设备制造",张**,00000000000,1000.0,1000万人民币,存续,,"电线、电缆制造,电气机械和器材制造业,输配电及控制设备制造,电力电子元器件制造",80.0,enterprise,true,approved,tianxiagongchang.com,3492592,https://www.tianxiagongchang.com/detail/3492592_chong-qing-san-xia-dian-zi-lian-jie-qi-you-xian-gong-si,电子连接器,91500116MA60QJD478,2020-01-17,,3,1,"存续,真实工厂","电线、电缆制造,电气机械和器材制造业,输配电及控制设备制造,电力电子元器件制造",2026-09-15T16:08:20.726521+00:00
慈溪新峰电子连接器科技有限公司,浙江省宁波前湾新区康灵路36号5号楼1单元101室,浙江省,宁波市,慈溪市,"连接器研究,连接器,航空插头,电缆连接器,生产制造,开发,接插件",陈*,00000000000,100.0,100万人民币,存续,,"电力电子元器件制造,计算机、通信和其他电子设备制造业,电子元件及电子专用材料制造,其他电子元件制造",80.0,enterprise,true,approved,tianxiagongchang.com,3536786,https://www.tianxiagongchang.com/detail/3536786_ci-xi-xin-feng-dian-zi-lian-jie-qi-ke-ji-you-xian-gong-si,电子连接器,913302017900781432,2006-07-24,http://www.cixixinfeng.cn,6,1,"存续,真实工厂","电力电子元器件制造,计算机、通信和其他电子设备制造业,电子元件及电子专用材料制造,其他电子元件制造",2026-09-15T16:08:20.726521+00:00
温州荣欣电子连接器有限公司,浙江省温州市永嘉县乌牛街道仁浦村,浙江省,温州市,永嘉县,电气机械,郑**,00000000000,100.0,100万人民币,存续,,"电力电子元器件制造,金属制品业,铸造及其他金属制品制造,其他未列明金属制品制造",80.0,enterprise,true,approved,tianxiagongchang.com,3958468,https://www.tianxiagongchang.com/detail/3958468_wen-zhou-rong-xin-dian-zi-lian-jie-qi-you-xian-gong-si,电子连接器,91330324MACL5YTF5F,2023-05-31,,1,1,"存续,真实工厂","电力电子元器件制造,金属制品业,铸造及其他金属制品制造,其他未列明金属制品制造",2026-09-15T16:08:20.726521+00:00
余姚市海华电子连接器厂,浙江省余姚市泗门镇楝树下村下庙山路中心路8号,浙江省,宁波市,余姚市,"连接器的制造加工,插头,连接器,五金件,电源线",沈**,00000000000,35.0,35万人民币,存续,,"电线、电缆制造,电气机械和器材制造业,电机制造,电动机制造",80.0,enterprise,true,approved,tianxiagongchang.com,3648672,https://www.tianxiagongchang.com/detail/3648672_yu-yao-shi-hai-hua-dian-zi-lian-jie-qi-chang,电子连接器,91330281744980785X,2003-01-15,,8,1,"存续,真实工厂","电线、电缆制造,电气机械和器材制造业,电机制造,电动机制造",2026-09-15T16:08:20.726521+00:00
自贡市凯之星电子连接器有限公司,四川省自贡市富顺县永年镇思源街100号附1号,四川省,自贡市,,,韦**,00000000000,2.0,2万人民币,存续,,"电力电子元器件制造,电气机械和器材制造业,输配电及控制设备制造",80.0,enterprise,true,approved,tianxiagongchang.com,4170589,https://www.tianxiagongchang.com/detail/4170589_zi-gong-shi-kai-zhi-xing-dian-zi-lian-jie-qi-you-xian-gong-si,电子连接器,91510322MAEEE4870G,2025-04-01,,2,0,存续,"电力电子元器件制造,电气机械和器材制造业,输配电及控制设备制造",2026-09-15T16:08:20.726521+00:00
溧阳壹连电子有限公司,溧阳市昆仑街道码头西街618号2幢101-401室,江苏省,常州市,溧阳市,"研发、设计、生产,电子连接器,电子线束,汽车线束,新能源电接插组件,自营和代理各类商品及技术的进出口业务",田*,00000000000,20000.0,20000万人民币,存续,,"其他电子元件制造,电力电子元器件制造",80.0,enterprise,true,approved,tianxiagongchang.com,1525281,https://www.tianxiagongchang.com/detail/1525281_li-yang-yi-lian-dian-zi-you-xian-gong-si,电子连接器,91320481MA1WQJ300D,2018-06-20,,5,1,"存续,真实工厂,曾用名,溧阳侨云电子有限公司","其他电子元件制造,电力电子元器件制造",2026-09-15T16:08:20.726521+00:00
路华置富电子（深圳）有限公司,深圳市南山区粤海街道麻岭社区高新中区科技中2路1号深圳软件园(2期)10栋302,广东省,深圳市,南山区,"经营电子商务,物业管理,电子线路板的生产,锂离子电池,技术咨询及销售,电子配件,充电桩的研发生产,储能电池,行政法规,住房租赁,电子连接器,非居住房地产租赁,电子产品,新型电子元器件,经营进出口业务,数据中心硬件及其周边设备的开发,国内贸易,储能电池及其他电池产品的技术开发,集成电路,镍氢电池,固态硬盘,电子电器连接线及其周边设备,闪存条,电池,动力电池,手机配件,电子电器连接线及其周边设备的技术开发,法律,对讲机,充电桩的研发,电脑配件及其周边设备的技术开发",罗**,00000000000,6143.62,6143.617万人民币,存续,,其他合成材料制造,80.0,enterprise,true,approved,tianxiagongchang.com,1974094,https://www.tianxiagongchang.com/detail/1974094_lu-hua-zhi-fu-dian-zi-shen-zhen-you-xian-gong-si,电子连接器,91440300MA5DLDPFXN,2016-09-21,http://www.fprconn.com,9,1,"存续,真实工厂",其他合成材料制造,2026-09-15T16:08:20.726521+00:00
苏州祥龙嘉业电子科技股份有限公司,吴江经济技术开发区富家路579号,江苏省,苏州市,吴江区,"FPCConnWaferRJ45Card,电子产品研发,销售,模具,生产,治具研发,电子连接器",陈**,00000000000,6141.92,6141.9223万人民币,存续,,"电力电子元器件制造,电子器件制造",80.0,enterprise,true,approved,tianxiagongchang.com,2398819,https://www.tianxiagongchang.com/detail/2398819_su-zhou-xiang-long-jia-ye-dian-zi-ke-ji-gu-fen-you-xian-gong-si,电子连接器,91320509778018711Q,2005-08-26,https://www.goldenconn.com,37,2,"存续,真实工厂,曾用名,苏州祥龙嘉业电子科技有限公司","电力电子元器件制造,电子器件制造",2026-09-15T16:08:20.726521+00:00
深圳市创一捷连接线有限公司,深圳市宝安区航城街道三围社区三围工业园1栋三楼,广东省,深圳市,宝安区,"连接线,国内贸易,货物及技术进出口,五金制品,电子产品,电源线的销售,电源线的加工",张**,00000000000,50.0,50万人民币,存续,,电子器件制造,80.0,enterprise,true,approved,tianxiagongchang.com,1206135,https://www.tianxiagongchang.com/detail/1206135_shen-zhen-shi-chuang-yi-jie-lian-jie-xian-you-xian-gong-si,连接线,914403000846224716,2013-12-04,http://www.szscyj.com,5,1,"存续,真实工厂,曾用名,深圳市创一捷五金电子有限公司",电子器件制造,2026-09-15T16:08:20.726521+00:00
深圳市宝安区盛达连接线厂（个体工商户）,深圳市宝安区福永街道白石厦社区智慧领寓3栋042,广东省,深圳市,宝安区,"连接器,端子线,电子元器件的零售,线材,连接线,端子,连接器的生产及零售＊",许**,00000000000,2.0,2万人民币,存续,,其他电子元件制造,80.0,enterprise,true,approved,tianxiagongchang.com,2027306,https://www.tianxiagongchang.com/detail/2027306_shen-zhen-shi-bao-an-qu-sheng-da-lian-jie-xian-chang-ge-ti-gong-shang-hu,连接线,92440300L165914180,2006-02-21,,9,0,"存续,真实工厂,曾用名,深圳市宝安区西乡盛达电子材料经营部 深圳市宝安区西乡盛达电器连接线加工厂",其他电子元件制造,2026-09-15T16:08:20.726521+00:00
武进高新区浩文连接线加工厂,武进高新区庙桥庙前路52号,江苏省,常州市,武进区,连接线制造、加工,崔**,00000000000,2.0,2万人民币,存续,,"其他电子元件制造,其他电气机械及器材制造",80.0,enterprise,true,approved,tianxiagongchang.com,2306092,https://www.tianxiagongchang.com/detail/2306092_wu-jin-gao-xin-qu-hao-wen-lian-jie-xian-jia-gong-chang,连接线,92320412MA1Y9CLEXT,2019-04-22,,3,0,"存续,真实工厂","其他电子元件制造,其他电气机械及器材制造",2026-09-15T16:08:20.726521+00:00
深圳市金涞连接线有限公司,深圳市光明新区马田街道马山头社区第六工业区2A栋,广东省,深圳市,光明区,,陈**,00000000000,500.0,500万人民币,存续,,"其他电子器件制造,电力电子元器件制造",80.0,enterprise,true,approved,tianxiagongchang.com,2345590,https://www.tianxiagongchang.com/detail/2345590_shen-zhen-shi-jin-lai-lian-jie-xian-you-xian-gong-si,连接线,914403006718808383,2008-01-23,http://www.jinlai88.com,4,2,"存续,真实工厂","其他电子器件制造,电力电子元器件制造",2026-09-15T16:08:20.726521+00:00
深圳市祥兴电热连接线科技有限公司,深圳市宝安区沙井街道壆岗社区欣丰路6号2栋1层,广东省,深圳市,宝安区,,许**,00000000000,300.0,300万人民币,存续,,"电线、电缆制造,其他未列明制造业",80.0,enterprise,true,approved,tianxiagongchang.com,1334527,https://www.tianxiagongchang.com/detail/1334527_shen-zhen-shi-xiang-xing-dian-re-lian-jie-xian-ke-ji-you-xian-gong-si,连接线,91440300077515934K,2013-08-30,https://www.szxx66888.com,3,1,"存续,真实工厂","电线、电缆制造,其他未列明制造业",2026-09-15T16:08:20.726521+00:00
中山市麒麟连接线厂,中山市东凤镇伯公社区文武街斌兴巷24号二楼之一,广东省,中山市,中山市,,王**,00000000000,1.0,1万人民币,存续,,"电气安装,其他未列明电气机械及器材制造",80.0,enterprise,true,approved,tianxiagongchang.com,1913435,https://www.tianxiagongchang.com/detail/1913435_zhong-shan-shi-qi-lin-lian-jie-xian-chang,连接线,91442000345335252T,2015-06-08,,2,1,"存续,真实工厂","电气安装,其他未列明电气机械及器材制造",2026-09-15T16:08:20.726521+00:00
东莞市厚街合协电子连接线厂,东莞市厚街镇新塘社区新围八巷八号一楼,广东省,东莞市,厚街镇,,程**,00000000000,,,存续,,电气机械和器材制造业,80.0,enterprise,true,approved,tianxiagongchang.com,4296934,https://www.tianxiagongchang.com/detail/4296934_dong-guan-shi-hou-jie-he-xie-dian-zi-lian-jie-xian-chang,连接线,92441900MA518BJX10,2018-01-11,,1,1,"存续,真实工厂",电气机械和器材制造业,2026-09-15T16:08:20.726521+00:00
东莞市厚街宇鹏连接线加工店,东莞市厚街镇宝塘社区东村南九巷21号,广东省,东莞市,东莞市,"电气机械,器材制造业",李**,00000000000,,,存续,,"其他计算机制造,电线、电缆制造",80.0,enterprise,true,approved,tianxiagongchang.com,2405477,https://www.tianxiagongchang.com/detail/2405477_dong-guan-shi-hou-jie-yu-peng-lian-jie-xian-jia-gong-dian,连接线,92441900MA4X1LUAX3,2017-08-24,,0,0,"存续,真实工厂","其他计算机制造,电线、电缆制造",2026-09-15T16:08:20.726521+00:00
广州畅连连接线束有限公司,广州市黄埔区桑田一路38号B区201房,广东省,广州市,黄埔区,,徐**,00000000000,200.0,200万人民币,存续,,"其他电气机械及器材制造,汽车零部件及配件制造",80.0,enterprise,true,approved,tianxiagongchang.com,1368927,https://www.tianxiagongchang.com/detail/1368927_guang-zhou-chang-lian-lian-jie-xian-shu-you-xian-gong-si,连接线,91440101MA59EY708H,2016-09-21,http://www.gdwire.com,2,1,"存续,真实工厂","其他电气机械及器材制造,汽车零部件及配件制造",2026-09-15T16:08:20.726521+00:00
深圳市海鑫达连接线有限公司,深圳市宝安区石岩街道龙腾社区光辉路52号五层,广东省,深圳市,宝安区,,何**,00000000000,100.0,100万人民币,存续,,"电线、电缆制造,电力电子元器件制造",80.0,enterprise,true,approved,tianxiagongchang.com,2891675,https://www.tianxiagongchang.com/detail/2891675_shen-zhen-shi-hai-xin-da-lian-jie-xian-you-xian-gong-si,连接线,91440300667082470L,2007-10-11,,3,0,"存续,真实工厂","电线、电缆制造,电力电子元器件制造",2026-09-15T16:08:20.726521+00:00
合肥国晨线束科技有限公司,安徽长丰双凤经济开发区凤亭路中南高科产业园7幢,安徽省,合肥市,长丰县,"波纹管,连接器,仪器仪表,灯具研发及销售,五金电器及配件,线束产品及配件,汽车线束及配件,肥线束安徽线束新能源线束,电子元器件,电线电缆",闫**,00000000000,6600.0,6600万人民币,存续,,电力电子元器件制造,80.0,enterprise,true,approved,tianxiagongchang.com,4271790,https://www.tianxiagongchang.com/detail/4271790_he-fei-guo-chen-xian-shu-ke-ji-you-xian-gong-si,线束,91340100065235644U,2013-04-01,http://www.hfguochen.com,13,4,"存续,真实工厂",电力电子元器件制造,2026-09-15T16:08:20.726521+00:00
重庆长华汽车线束有限公司,重庆市江北区港安二路8号,重庆市,重庆市,江北区,"电线等产品,生产,配套服务,插接件,护套,汽车线束的生产及销售,并提供售后服务,销售汽车线束",N**********************,00000000000,3357.14,3357.142857万人民币,存续,,"电线、电缆制造,汽车零部件及配件制造",80.0,enterprise,true,approved,tianxiagongchang.com,767363,https://www.tianxiagongchang.com/detail/767363_chong-qing-zhang-hua-qi-che-xian-shu-you-xian-gong-si,线束,9150010562191370X7,1996-03-26,,9,1,"存续,真实工厂","电线、电缆制造,汽车零部件及配件制造",2026-09-15T16:08:20.726521+00:00
河北松泰正鑫线束有限公司,河北省邢台市内丘县官庄镇下屯村西北,河北省,邢台市,内丘县,"线束总成,中央控制柜,橡塑密封制品,汽车零部件生产及销售",赵**,00000000000,1000.0,1000万人民币,存续,,汽车零部件及配件制造,80.0,enterprise,true,approved,tianxiagongchang.com,614704,https://www.tianxiagongchang.com/detail/614704_he-bei-song-tai-zheng-xin-xian-shu-you-xian-gong-si,线束,91130523MA0CQKKQ41,2018-09-29,,6,2,"存续,真实工厂",汽车零部件及配件制造,2026-09-15T16:08:20.726521+00:00
宁波典创线束科技有限公司,浙江省余姚市泗门镇北外环路东段18号8幢（自主申报）,浙江省,宁波市,余姚市,"伺服配套线,定制工业线,自营和代理货物和技术的进出口,连接器,电线,机电产品,电气控制柜,线束,电子产品,电气设备,M2,机器人线,机械设备及配件,塑胶制品,五金件,电缆,电子设备及配件,M3通信线",薛**,00000000000,500.0,500万人民币,存续,,电线、电缆制造,80.0,enterprise,true,approved,tianxiagongchang.com,1268775,https://www.tianxiagongchang.com/detail/1268775_ning-bo-dian-chuang-xian-shu-ke-ji-you-xian-gong-si,线束,91330281340569324Y,2015-09-16,,15,1,"存续,真实工厂",电线、电缆制造,2026-09-15T16:08:20.726521+00:00
郑州日津汽车线束有限公司,郑州经济技术开发区第十七大街以东、经南四路以南,河南省,郑州市,管城回族区,"销售,开发,仓储服务,企业咨询服务,从事货物和技术进出口业务,软件开发,汽车线束及零配件的设计,生产,汽车线束及其零部件,房屋租赁,售后服务",张**,00000000000,700.0,700万人民币,存续,,"汽车零部件及配件制造,汽车车身、挂车制造",80.0,enterprise,true,approved,tianxiagongchang.com,1653214,https://www.tianxiagongchang.com/detail/1653214_zheng-zhou-ri-jin-qi-che-xian-shu-you-xian-gong-si,线束,91410100699980902L,2010-01-29,,12,1,"存续,真实工厂","汽车零部件及配件制造,汽车车身、挂车制造",2026-09-15T16:08:20.726521+00:00
廊坊开发区欧特克精密电子线束制造有限公司,河北省廊坊市经济技术开发区北区四号路中青科技园南7号楼,河北省,廊坊市,广阳区,"电子线束,汽车电器开关电子线束,亚洲精密电子电器开关,精密线束电子电器",方**,00000000000,860.0,860万人民币,存续,,其他电子产品零售,80.0,enterprise,true,approved,tianxiagongchang.com,2364619,https://www.tianxiagongchang.com/detail/2364619_lang-fang-kai-fa-qu-ou-te-ke-jing-mi-dian-zi-xian-shu-zhi-zao-you-xian-gong-si,线束,91131001666576022X,2007-09-12,,9,5,"存续,真实工厂",其他电子产品零售,2026-09-15T16:08:20.726521+00:00
湘潭友星线束有限公司,湘潭经开区和平街道民乐路5号,湖南省,湘潭市,雨湖区,"生产销售汽车各类线束,汽车电器",潘**,00000000000,200.0,200万人民币,存续,,"其他电子元件制造,汽车零部件及配件制造",80.0,enterprise,true,approved,tianxiagongchang.com,616209,https://www.tianxiagongchang.com/detail/616209_xiang-tan-you-xing-xian-shu-you-xian-gong-si,线束,91430300554931181W,2010-05-26,,12,1,"存续,真实工厂","其他电子元件制造,汽车零部件及配件制造",2026-09-15T16:08:20.726521+00:00
廊坊安海斯电子线束有限公司,河北省廊坊市经济技术开发区化辛路207号春晖现代产业园1幢-2,河北省,廊坊市,广阳区,"汽车线束,电子控制器,电子驱动器,汽车零部件,车用电子传感器,汽车门窗,电子产品,电子工程技术的研发,货物及技术进出口",张**,00000000000,200.0,200万人民币,存续,,"其他电子设备制造,汽车及零配件批发",80.0,enterprise,true,approved,tianxiagongchang.com,841510,https://www.tianxiagongchang.com/detail/841510_lang-fang-an-hai-si-dian-zi-xian-shu-you-xian-gong-si,线束,91131001MA08NFKF0B,2017-06-15,,11,1,"存续,真实工厂","其他电子设备制造,汽车及零配件批发",2026-09-15T16:08:20.726521+00:00
河北通悦汽车线束有限公司,武邑县武邑镇刘疃村村西,河北省,衡水市,武邑县,汽车线束及配件,柳**,00000000000,300.0,300万人民币,存续,,汽车零部件及配件制造,80.0,enterprise,true,approved,tianxiagongchang.com,1194036,https://www.tianxiagongchang.com/detail/1194036_he-bei-tong-yue-qi-che-xian-shu-you-xian-gong-si,线束,911311220894294516,2014-01-09,,2,1,"存续,真实工厂",汽车零部件及配件制造,2026-09-15T16:08:20.726521+00:00
温州晨辉汽车线束胶带有限公司,浙江省温州市龙港市世纪大道8730-8826号(温州工智实业有限公司厂房内6幢2层),浙江省,温州市,龙港市,"绒布胶带,布基胶带,棉布胶带,汽车线束胶带,汽车线束胶粘制品,经营进出口业务,水溶性胶水,醋纤布胶带,纤维布胶带,布基袖套,汽车线束绒布胶带,绒布袖套",林**,00000000000,300.0,300万人民币,存续,,"塑料零件及其他塑料制品制造,其他橡胶制品制造",80.0,enterprise,true,approved,tianxiagongchang.com,2038764,https://www.tianxiagongchang.com/detail/2038764_wen-zhou-chen-hui-qi-che-xian-shu-jiao-dai-you-xian-gong-si,线束,91330327557508290H,2010-06-10,,12,1,"存续,真实工厂","塑料零件及其他塑料制品制造,其他橡胶制品制造",2026-09-15T16:08:20.726521+00:00
衢州顺络电路板有限公司,衢州绿色产业集聚区百灵中路1号,浙江省,衢州市,衢江区,"销售,技术方案设计,技术转让,电子元器件和PCB,生产,电子元器件的研发,电路板,货物进出口,设计,咨询服务",施**,00000000000,10000.0,10000万人民币,存续,,"电子元件及电子专用材料制造,电子电路制造",80.0,enterprise,true,approved,tianxiagongchang.com,230590,https://www.tianxiagongchang.com/detail/230590_qu-zhou-shun-luo-dian-lu-ban-you-xian-gong-si,电路板,913308000706652864,2013-06-03,,17,1,"存续,真实工厂","电子元件及电子专用材料制造,电子电路制造",2026-09-15T16:08:20.726521+00:00
永盛恒基（惠州）电路板有限公司,惠阳区淡水镇白云坑鹏通工业大厦,广东省,惠州市,惠阳区,"生产销售：电子电路板,产品在国内外市场销售,电子电路板",何**,00000000000,2280.0,2280万港元,存续,,"电子电路制造,电子器件制造",80.0,enterprise,true,approved,tianxiagongchang.com,39666,https://www.tianxiagongchang.com/detail/39666_yong-sheng-heng-ji-hui-zhou-dian-lu-ban-you-xian-gong-si,电路板,914413005666531232,2011-01-11,,4,2,"存续,真实工厂","电子电路制造,电子器件制造",2026-09-15T16:08:20.726521+00:00
宁波经济技术开发区东亚电路板有限公司,开发区新碶漓江路5号,浙江省,宁波市,北仑区,"五金配件,节能灯,机电产品,自营和代理各类货物和技术的进出口业务,电路板,电子元器件,产品,塑料制品,整流器,电子产品,EAS电子防盗标签,金属材料,机械配件,不锈钢制品,电子标签,高压钠灯",楼**,00000000000,1180.0,1180万人民币,存续,,"电子电路制造,电力电子元器件制造",80.0,enterprise,true,approved,tianxiagongchang.com,234951,https://www.tianxiagongchang.com/detail/234951_ning-bo-jing-ji-ji-shu-kai-fa-qu-dong-ya-dian-lu-ban-you-xian-gong-si,电路板,913302067204352727,2000-03-07,,20,1,"存续,真实工厂","电子电路制造,电力电子元器件制造",2026-09-15T16:08:20.726521+00:00
湖南好易佳电路板股份有限公司,益阳市资阳区长春路（电子信息标准厂房二栋）,湖南省,益阳市,资阳区,"电子产品,电子产品的研发,印制电路板及辅助材料,印制电路板,辅助材料,销售,生产",游**,00000000000,1200.0,1200万人民币,存续,,电子电路制造,80.0,enterprise,true,approved,tianxiagongchang.com,1297838,https://www.tianxiagongchang.com/detail/1297838_hu-nan-hao-yi-jia-dian-lu-ban-gu-fen-you-xian-gong-si,电路板,914309000959168544,2014-03-25,https://www.metalpcbboard.com,4,1,"存续,真实工厂,曾用名,湖南好易佳电路板有限公司",电子电路制造,2026-09-15T16:08:20.726521+00:00
梅州利裕达电路板有限公司,梅州市梅江区东升工业园东升二路梅州经济开发区B区第二单元,广东省,梅州市,梅江区,"电路板,线路板,PCB,生产线路板",曾**,00000000000,1000.0,1000万人民币,存续,,电子电路制造,80.0,enterprise,true,approved,tianxiagongchang.com,21749,https://www.tianxiagongchang.com/detail/21749_mei-zhou-li-yu-da-dian-lu-ban-you-xian-gong-si,电路板,914414007701732901,2004-12-22,http://www.lydpcb.com,23,1,"存续,真实工厂",电子电路制造,2026-09-15T16:08:20.726521+00:00
重庆航凌电路板有限公司,重庆市永川区兴龙大道2166号,重庆市,重庆市,永川区,"但国家限定公司经营或禁止进出口的商品及技术除外,■,飞针测试机,V槽切割机,销售电路板,经营本企业自产产品及技术的出口业务和本企业所需的机械设备,生产,真空层压机,AOI测试仪,原辅材料及技术的进口业务,精密数控钻床,激光光绘机,兼营高新技术产品开发,电子元器件,高精度,高密度多层及双面电路板,机箱,数控铣床,零配件",赵*,00000000000,1000.0,1000万人民币,存续,,电子电路制造,80.0,enterprise,true,approved,tianxiagongchang.com,207785,https://www.tianxiagongchang.com/detail/207785_chong-qing-hang-ling-dian-lu-ban-you-xian-gong-si,电路板,915001187365710922,2001-12-26,http://www.hlcircuit.cn,30,1,"存续,真实工厂",电子电路制造,2026-09-15T16:08:20.726521+00:00
重庆精英电路板有限公司,重庆市北碚区蔡家岗镇凤栖路6号20-2,重庆市,重庆市,北碚区,"电路板修理,薄膜开关,铭牌,电子元器件,办公用品,橡塑制品加工及销售,PVC面板,化工原料,五金,机电产品制造及销售,印制电路板,光绘面板",肖**,00000000000,1000.0,1000万人民币,存续,,"其他仪器仪表制造业,其他未列明制造业",80.0,enterprise,true,approved,tianxiagongchang.com,480155,https://www.tianxiagongchang.com/detail/480155_chong-qing-jing-ying-dian-lu-ban-you-xian-gong-si,电路板,91500106622020727L,1998-07-16,http://www.cqjydz.cn,16,1,"存续,真实工厂","其他仪器仪表制造业,其他未列明制造业",2026-09-15T16:08:20.726521+00:00
沧州市姜华电路板有限公司,沧县姚官屯乡姜庄子,河北省,沧州市,沧县,"单面板,PC膜,PCB抄板,设计生产销售印制电路板,双面板,线路板,多层板,电路板,印制电路板,PCB板,机箱",王*,00000000000,500.0,500万人民币,存续,,电子电路制造,80.0,enterprise,true,approved,tianxiagongchang.com,2470016,https://www.tianxiagongchang.com/detail/2470016_cang-zhou-shi-jiang-hua-dian-lu-ban-you-xian-gong-si,电路板,91130921601647934G,1993-08-03,,41,1,"存续,真实工厂",电子电路制造,2026-09-15T16:08:20.726521+00:00
沧州三元兴电路板有限公司,沧县姚官屯乡前李寨村,河北省,沧州市,沧县,"铝基板,不锈钢基,环保电路板,陶瓷板,陶瓷基电路板,特种环保单双面多层线路板,陶瓷基,各种金属基电路板",张**,00000000000,800.0,800万人民币,存续,,"包装装潢及其他印刷,其他非金属矿物制品制造",80.0,enterprise,true,approved,tianxiagongchang.com,2587368,https://www.tianxiagongchang.com/detail/2587368_cang-zhou-san-yuan-xing-dian-lu-ban-you-xian-gong-si,电路板,91130921550407171J,2010-01-21,,12,1,"存续,真实工厂","包装装潢及其他印刷,其他非金属矿物制品制造",2026-09-15T16:08:20.726521+00:00
博罗县科联电路板有限公司,博罗县石湾镇铁场仁集村,广东省,惠州市,博罗县,"PCB,硬性电路板,VCD,通讯及航天,电子,DVD",翟*,00000000000,500.0,500万人民币,存续,,"电子电路制造,金属制品业,金属表面处理及热处理加工",80.0,enterprise,true,approved,tianxiagongchang.com,3733956,https://www.tianxiagongchang.com/detail/3733956_bo-luo-xian-ke-lian-dian-lu-ban-you-xian-gong-si,电路板,91441322794632404R,2006-10-23,,7,1,"存续,真实工厂","电子电路制造,金属制品业,金属表面处理及热处理加工",2026-09-15T16:08:20.726521+00:00
迪森线路板（深圳）有限公司,深圳市宝安区沙井街道沙三社区农业公司帝堂工业区B区A1栋,广东省,深圳市,宝安区,"多层线路板,柔性线路板,硬性线路板,生产经营多层线路板",周*,00000000000,2073.8,2073.8万人民币,存续,,"电子电路制造,其他电子设备制造",80.0,enterprise,true,approved,tianxiagongchang.com,957275,https://www.tianxiagongchang.com/detail/957275_di-sen-xian-lu-ban-shen-zhen-you-xian-gong-si,线路板,91440300782781496L,2006-03-08,,6,1,"存续,真实工厂","电子电路制造,其他电子设备制造",2026-09-15T16:08:20.726521+00:00
福州瑞华印制线路板有限公司,福建省福州市闽侯县荆溪镇光明村下宅37号,福建省,福州市,闽侯县,"线路板,销售,印制线路板生产,自营和代理各类商品和技术的进出口",孙**,00000000000,2706.97,2706.970082万人民币,存续,,"电子电路制造,其他通用仪器制造",80.0,enterprise,true,approved,tianxiagongchang.com,1408049,https://www.tianxiagongchang.com/detail/1408049_fu-zhou-rui-hua-yin-zhi-xian-lu-ban-you-xian-gong-si,线路板,913501006113187719,1993-07-14,,16,1,"存续,真实工厂","电子电路制造,其他通用仪器制造",2026-09-15T16:08:20.726521+00:00
深圳市佳胜线路板有限公司,深圳市宝安区西乡镇黄田岗贝工业区10号,广东省,深圳市,宝安区,"PCB特种板,多层线路板,物业管理,售电服务,PCB样板,多层印刷线路板,双层印刷线路板,柔性线路板的生产,污水处理,双层,PCB快板,柔性线路板的销售,房屋租赁,投资兴办实业,国内贸易,单面印刷线路板",任**,00000000000,150.0,150万人民币,存续,,"电子元件及电子专用材料制造,集成电路制造",80.0,enterprise,true,approved,tianxiagongchang.com,62629,https://www.tianxiagongchang.com/detail/62629_shen-zhen-shi-jia-sheng-xian-lu-ban-you-xian-gong-si,线路板,91440300763454449H,2004-06-03,,15,1,"存续,真实工厂","电子元件及电子专用材料制造,集成电路制造",2026-09-15T16:08:20.726521+00:00
诚惠线路板（深圳）有限公司,深圳市宝安区福永街道凤凰第一工业区B29幢,广东省,深圳市,宝安区,"生产经营线路板,货物及技术进出口,自有房屋租赁",黄*,00000000000,255.0,255万人民币,存续,,"电子电路制造,衡器制造",80.0,enterprise,true,approved,tianxiagongchang.com,84297,https://www.tianxiagongchang.com/detail/84297_cheng-hui-xian-lu-ban-shen-zhen-you-xian-gong-si,线路板,914403005815922777,2011-09-15,,5,1,"存续,真实工厂","电子电路制造,衡器制造",2026-09-15T16:08:20.726521+00:00
杭州临安华生线路板有限公司,浙江省杭州市临安区玲珑街道兴禹街858号1幢整幢（自主申报）,浙江省,杭州市,临安区,线路板（在许可项目批准的有效期内方可经营）,吴**,00000000000,300.0,300万人民币,存续,,"电子电路制造,电气机械和器材制造业,输配电及控制设备制造,电力电子元器件制造",80.0,enterprise,true,approved,tianxiagongchang.com,3665969,https://www.tianxiagongchang.com/detail/3665969_hang-zhou-lin-an-hua-sheng-xian-lu-ban-you-xian-gong-si,线路板,913301856680405122,2007-12-12,,6,1,"存续,真实工厂,曾用名,临安市华生线路板有限公司","电子电路制造,电气机械和器材制造业,输配电及控制设备制造,电力电子元器件制造",2026-09-15T16:08:20.726521+00:00
东莞市信盈线路板精密模具有限公司,广东省东莞市虎门镇南栅文明路十一巷7号101室,广东省,东莞市,东莞市,"fpc模具,线路板模具,五金配件,线路板精密模具,冲床加工",何*,00000000000,200.0,200万人民币,存续,,"金属制品业,铸造及其他金属制品制造,其他未列明金属制品制造",80.0,enterprise,true,approved,tianxiagongchang.com,3744160,https://www.tianxiagongchang.com/detail/3744160_dong-guan-shi-xin-ying-xian-lu-ban-jing-mi-mu-ju-you-xian-gong-si,线路板,914419007993920163,2007-04-10,,5,2,"存续,真实工厂","金属制品业,铸造及其他金属制品制造,其他未列明金属制品制造",2026-09-15T16:08:20.726521+00:00
昆山市千灯前进印制线路板厂,千灯镇前进村,江苏省,苏州市,昆山市,"加工,新型无铅线路板,铝基板,喷锡加工,多层电路板,高频线路板,线路板制造,单·双面线路板,贴片焊接,单双面线路板多层电路板铝基板新型无铅线路板贴片焊接高频线路板喷锡加工",沈**,00000000000,80.0,80万人民币,存续,,"电子电路制造,电子器件制造",80.0,enterprise,true,approved,tianxiagongchang.com,240784,https://www.tianxiagongchang.com/detail/240784_kun-shan-shi-qian-deng-qian-jin-yin-zhi-xian-lu-ban-chang,线路板,913205832512483181,1984-07-20,http://www.ksqj.com,9,1,"存续,真实工厂","电子电路制造,电子器件制造",2026-09-15T16:08:20.726521+00:00
江门市丰达线路板有限公司,江门市江海区礼乐永兴街35号车间（一）、车间（二）,广东省,江门市,江海区,"生产,五金制品,销售：单,电子产品,双面线路板",黄**,00000000000,60.0,60万人民币,存续,,"电子电路制造,集成电路制造",80.0,enterprise,true,approved,tianxiagongchang.com,935657,https://www.tianxiagongchang.com/detail/935657_jiang-men-shi-feng-da-xian-lu-ban-you-xian-gong-si,线路板,91440704786466223W,2006-03-21,,12,1,"存续,真实工厂","电子电路制造,集成电路制造",2026-09-15T16:08:20.726521+00:00
潮州市西湖电子线路板厂,潮州市西湖工业城A区内工业厂房（国土证N0:006073694）,广东省,潮州市,湘桥区,电子印刷线路板,苏**,00000000000,5.0,5万人民币,存续,,"电子电路制造,配电开关控制设备制造",80.0,enterprise,true,approved,tianxiagongchang.com,192906,https://www.tianxiagongchang.com/detail/192906_chao-zhou-shi-xi-hu-dian-zi-xian-lu-ban-chang,线路板,91445100282261224A,2003-08-04,,7,1,"存续,真实工厂","电子电路制造,配电开关控制设备制造",2026-09-15T16:08:20.726521+00:00
深圳市华宇创业柔性线路板有限公司,深圳市宝安区松岗街道潭头社区潭头第二工业城A区11栋101,广东省,深圳市,宝安区,"国内贸易,加工,线路板板材及周边耗材的销售,线路板的生产",周**,00000000000,50.0,50万人民币,存续,,"其他电子元件制造,集成电路制造",80.0,enterprise,true,approved,tianxiagongchang.com,1220978,https://www.tianxiagongchang.com/detail/1220978_shen-zhen-shi-hua-yu-chuang-ye-rou-xing-xian-lu-ban-you-xian-gong-si,线路板,914403003426559557,2015-06-02,,3,1,"存续,真实工厂","其他电子元件制造,集成电路制造",2026-09-15T16:08:20.726521+00:00
江西山旭精密电路有限公司,江西省吉安市吉水县工业园区二期古塘路北侧田溪西路西侧W-E-01,江西省,吉安市,吉水县,"电子产品的研发,印制高密度线路板,挠性线路板,刚挠结合线路板,线路板组装成品（PCBA）,新型电子元器件（片式元器件,频率元器件,混合集成电路,电力电子器件,光电子器件,敏感元器件及传感器,新型机电元器件等）的制造及销售,半导体,光电子器件,新型电子元器件,电子产品用材料制造及销售,对外贸易进出口业务",雷**,00000000000,6000.0,6000万人民币,存续,,"电子电路制造,其他未列明制造业",80.0,enterprise,true,approved,tianxiagongchang.com,1304408,https://www.tianxiagongchang.com/detail/1304408_jiang-xi-shan-xu-jing-mi-dian-lu-you-xian-gong-si,PCBA,91360822MA399PW79G,2020-08-04,,6,1,"存续,真实工厂","电子电路制造,其他未列明制造业",2026-09-15T16:08:20.726521+00:00
南阳隆佳科技实业有限公司,河南省内乡县赤眉镇古城街11号,河南省,南阳市,内乡县,"连接器,线束,数据线,USB充电线,充电器,电子元件,PCBA印刷电路板,电子线,电线,电路板,玩具,塑胶制品,文具,垃圾桶,小家电,金属制品,消毒液机,其它工艺美术品",齐**,00000000000,2022.0,2022万人民币,存续,,"电线、电缆制造,其他玩具制造",80.0,enterprise,true,approved,tianxiagongchang.com,1673662,https://www.tianxiagongchang.com/detail/1673662_nan-yang-long-jia-ke-ji-shi-ye-you-xian-gong-si,PCBA,91411325MA40NM480J,2017-03-20,,2,2,"存续,真实工厂","电线、电缆制造,其他玩具制造",2026-09-15T16:08:20.726521+00:00
重庆市文泉智能科技有限公司,重庆市铜梁区蒲吕街道产业大道50号（自主承诺）,重庆市,重庆市,铜梁区,"智能装备,机器人,集成电路,计算机周边设备,有线电视机顶盒,智能家居技术,录像机,液晶显示屏,手机及手机零配件的生产,电路板PCBA生产加工",罗**,00000000000,1500.0,1500万人民币,存续,,"电子电路制造,研究和试验发展,工程和技术研究和试验发展",80.0,enterprise,true,approved,tianxiagongchang.com,3496228,https://www.tianxiagongchang.com/detail/3496228_chong-qing-shi-wen-quan-zhi-neng-ke-ji-you-xian-gong-si,PCBA,91500224MA60DCGDXX,2019-05-27,,5,1,"存续,真实工厂","电子电路制造,研究和试验发展,工程和技术研究和试验发展",2026-09-15T16:08:20.726521+00:00
广东好佰好实业有限公司,深圳市龙华区观澜街道桂香社区桂福路31号201,广东省,深圳市,龙华区,"塑胶制品,弹簧螺丝,硅胶线,电子元器件,营养健康咨询,大美味家园,高科技产品研发设计,SMT贴片,电源,香辣素鹅肉,预包装食品的销售,橡胶线,小美味家园,吸塑包装,日用品,彩印包装,数据线,手撕豆棒,高温线,各类电线电缆行业制品的销售,散热风扇,机器设备,改性塑料,电源线,投资兴办实业,模具,转接头,冲压件,劳保用品,lC,食品,连接器,车床制品,新能源连接线,化工材料,接插件,PCBA方案设计,饮料的销售,劳务派遣,香菇豆干,自动化控制系统,触摸屏保护胶,电子电器数码产品,服装,压铸制品,工业冷压端子线,铁板烧,排针排母,香辣素兔肉,香辣素牛肉,香辣素鸡肉,防水扦电线,散热系统,人工智能,Type-C全套解决方案,五金制品,机器人产业,散热材料,色粉色母,30gQQ豆腐,端子连接线,特味豆干,阻容,充电桩解决方案,定制线,石磨卤豆干,香辣素鸭肉",吕**,00000000000,1001.0,1001万人民币,存续,,"电子元器件与机电组件设备制造,计算机、通信和其他电子设备制造业,电子器件制造",80.0,enterprise,true,approved,tianxiagongchang.com,3965765,https://www.tianxiagongchang.com/detail/3965765_guang-dong-hao-bai-hao-shi-ye-you-xian-gong-si,PCBA,91440300305903921L,2014-04-30,,19,1,"存续,真实工厂,曾用名,深圳市好佰好实业有限公司","电子元器件与机电组件设备制造,计算机、通信和其他电子设备制造业,电子器件制造",2026-09-15T16:08:20.726521+00:00
江西省金铭电子有限公司,江西省赣州市寻乌县黄坳民营创业园爱馨泰电子商贸有限公司4#2层,江西省,赣州市,寻乌县,"研发、产销工业领域连接线,电脑周边设备,塑胶配件,五金制品,PCBA组装产品进出口",温**,00000000000,1500.0,1500万人民币,存续,,其他电子器件制造,80.0,enterprise,true,approved,tianxiagongchang.com,4289907,https://www.tianxiagongchang.com/detail/4289907_jiang-xi-sheng-jin-ming-dian-zi-you-xian-gong-si,PCBA,91360734MA35RBR061,2017-03-09,,1,1,"存续,真实工厂",其他电子器件制造,2026-09-15T16:08:20.726521+00:00
深圳市小铭工业互联网有限公司,深圳市光明区玉塘街道田寮社区东方建富怡景工业城B7栋厂房2栋201,广东省,深圳市,,"电子线路板组装（PCBA）及测试服务,电子产品工业可制造***,电子产品可制造性技术咨询服务,工业互联网云服务系统,国内贸易,货物及技术进出口,电子产品,电子元器件,工业计算机系统,工业智能控制,智能机器人产品",黄**,00000000000,2105.26,2105.26万人民币,存续,,"电子元件及电子专用材料制造,电阻电容电感元件制造,计算机、通信和其他电子设备制造业",80.0,enterprise,true,approved,tianxiagongchang.com,4363460,https://www.tianxiagongchang.com/detail/4363460_shen-zhen-shi-xiao-ming-gong-ye-hu-lian-wang-you-xian-gong-si,PCBA,91440300MA5G73N469,2020-05-25,,22,1,存续,"电子元件及电子专用材料制造,电阻电容电感元件制造,计算机、通信和其他电子设备制造业",2026-09-15T16:08:20.726521+00:00
淮北市亿盛科技有限公司,安徽省淮北市经济开发区龙湖高新区龙兴路12号4号楼,安徽省,淮北市,杜集区,"芯片封装制造,PCBA生产,消费类电子产品,通信类产品,智能家局类产品,网络通讯类产品,物联网终端,宽带网络多媒体终端,汽车电子产品,技术咨询,技术服务,软件产品,第二、三类医疗器械生产销售",吴**,00000000000,1000.0,1000万人民币,存续,,其他电子设备制造,80.0,enterprise,true,approved,tianxiagongchang.com,717343,https://www.tianxiagongchang.com/detail/717343_huai-bei-shi-yi-sheng-ke-ji-you-xian-gong-si,PCBA,91340600MA2W1YYX44,2020-07-27,,1,1,"存续,真实工厂",其他电子设备制造,2026-09-15T16:08:20.726521+00:00
深圳市华宇联科技有限公司,深圳市宝安区西乡街道固兴社区航城大道金泰工业园A栋301,广东省,深圳市,宝安区,"智能电子电器产品,计算机软硬件,电子元器件,工业联网通信设备,物联网技术,智能电子电器产品的生产,数据库技术开发,无线模组,智能硬件模块,通信技术,自动化技术,加工,国内贸易,货物及技术进出口,数据库技术开发与相关技术咨询,智能硬件PCBA的技术开发及销售,智能硬件PCBA,电子产品,物联网产品,相关技术咨询服务",钱**,00000000000,500.0,500万人民币,存续,,"智能照明器具制造,其他综合零售",80.0,enterprise,true,approved,tianxiagongchang.com,1227894,https://www.tianxiagongchang.com/detail/1227894_shen-zhen-shi-hua-yu-lian-ke-ji-you-xian-gong-si,PCBA,91440300MA5DRW9H9E,2017-01-05,,7,2,"存续,真实工厂","智能照明器具制造,其他综合零售",2026-09-15T16:08:20.726521+00:00
爱博欧电子（深圳）有限公司,深圳市宝安区福海街道塘尾社区和沙路富民工业区A2栋402,广东省,深圳市,宝安区,"加工PCBA,仓储,工业,物流配送安排,插件,通讯类电子,SMT贴片,测试方案,汽车类电子,LED产品,加工,电子方案,医疗类电子,机械,工业类电子",夏**,00000000000,600.0,600万港元,存续,,其他电子元件制造,80.0,enterprise,true,approved,tianxiagongchang.com,1758579,https://www.tianxiagongchang.com/detail/1758579_ai-bo-ou-dian-zi-shen-zhen-you-xian-gong-si,PCBA,9144030066415829X9,2007-09-13,http://abo-sz.com.cn/cn/home/home.asp,27,2,"存续,真实工厂",其他电子元件制造,2026-09-15T16:08:20.726521+00:00
深圳市博睿能科技有限公司,深圳市宝安区西乡街道黄田村委钟屋佛庙恒丰工业城E4栋507,广东省,深圳市,宝安区,"电子产品的设计及相关技术开发、销售、经营进出口业务,电子元器件的销售,计算机,通讯产品,数码产品,收银机 ,电子产品,计算机,通讯产品,数码产品,收银机 ,电子产品的生产、组装,PCB制造,PCBA组装服务",程**,00000000000,800.0,800万人民币,存续,,"其他电子器件制造,其他机械设备及电子产品批发",80.0,enterprise,true,approved,tianxiagongchang.com,2485315,https://www.tianxiagongchang.com/detail/2485315_shen-zhen-shi-bo-rui-neng-ke-ji-you-xian-gong-si,PCBA,91440300326319644W,2015-01-06,http://www.boruineng.com.cn,7,1,"存续,真实工厂","其他电子器件制造,其他机械设备及电子产品批发",2026-09-15T16:08:20.726521+00:00
万奔电子科技股份有限公司,安徽省广德经济开发区鹏举路15号,安徽省,宣城市,广德市,"双面,多层线路板,软板,电子元器件,SMT贴片,货物进出口,技术进出口",叶**,00000000000,11000.0,11000万人民币,存续,,电子电路制造,80.0,enterprise,true,approved,tianxiagongchang.com,1391280,https://www.tianxiagongchang.com/detail/1391280_wan-ben-dian-zi-ke-ji-gu-fen-you-xian-gong-si,SMT贴片,91341822397045142W,2014-06-09,,6,1,"存续,真实工厂,曾用名,安徽万奔电子科技有限公司",电子电路制造,2026-09-15T16:08:20.726521+00:00
四川华能达科技有限公司,泸州市龙马潭区罗汉街道上庄村连港路九号盈田智能终端产业园4栋（自主申报）,四川省,泸州市,龙马潭区,"手机,平板电脑,音响,移动电源,电池,SMT贴片,LED显示屏,LED发光产品,材料,灯具,摄像头,手机周边配件产品,智能车载设备,智能穿戴设备,电子数码产品,机器人,无人机,安防监控产品,空气净化设备,智能家居,车联网产品,物联网产品,汽车零配件,塑胶注塑成型,塑胶吹塑,吸塑,五金塑胶模具,相关产品,进出口贸易,电子封装材料研发、生产、销售,节能技术推广服务,软件开发,道路货物运输,物流信息咨询,仓储服务,普通货物装卸",潘*,00000000000,2000.0,2000万人民币,存续,,实验分析仪器制造,80.0,enterprise,true,approved,tianxiagongchang.com,549138,https://www.tianxiagongchang.com/detail/549138_si-chuan-hua-neng-da-ke-ji-you-xian-gong-si,SMT贴片,91510504MA64AP1HX4,2017-10-12,,3,1,"存续,真实工厂",实验分析仪器制造,2026-09-15T16:08:20.726521+00:00
青岛沣汇电子有限公司,青岛市黄岛区灵山卫街道办事处北门外村,山东省,青岛市,黄岛区,"电子设备,电子产品设计,生产制造,smt加工,电子元器件,焊接加工,SMT贴片加工,研发,货物进出口",尹**,00000000000,1030.0,1030万人民币,存续,,"电力电子元器件制造,其他电子设备制造",80.0,enterprise,true,approved,tianxiagongchang.com,1549504,https://www.tianxiagongchang.com/detail/1549504_qing-dao-feng-hui-dian-zi-you-xian-gong-si,SMT贴片,91370211553996346J,2010-06-11,,8,1,"存续,真实工厂","电力电子元器件制造,其他电子设备制造",2026-09-15T16:08:20.726521+00:00
贵州弘鑫通讯技术有限公司,贵州省遵义市新蒲新区虾子镇新田路弘年科技园1号楼2层,贵州省,遵义市,红花岗区,,蔡**,00000000000,2000.0,2000万人民币,存续,,"其他电子设备制造,其他仪器仪表制造业",80.0,enterprise,true,approved,tianxiagongchang.com,1936276,https://www.tianxiagongchang.com/detail/1936276_gui-zhou-hong-xin-tong-xun-ji-shu-you-xian-gong-si,SMT贴片,91520390356360541K,2015-09-16,,11,1,"存续,真实工厂","其他电子设备制造,其他仪器仪表制造业",2026-09-15T16:08:20.726521+00:00
金沙卓越铭丰高新科技有限公司,贵州省毕节市金沙县开发区电子信息产业园B5栋,贵州省,毕节市,金沙县,,陈*,00000000000,2000.0,2000万人民币,存续,,"电子电路制造,电子专用材料制造",80.0,enterprise,true,approved,tianxiagongchang.com,1977329,https://www.tianxiagongchang.com/detail/1977329_jin-sha-zhuo-yue-ming-feng-gao-xin-ke-ji-you-xian-gong-si,SMT贴片,91520523308800477D,2014-06-24,,7,2,"存续,真实工厂","电子电路制造,电子专用材料制造",2026-09-15T16:08:20.726521+00:00
深圳市希力科技有限公司,深圳市宝安区福永街道白石厦社区东区新开发区6栋301,广东省,深圳市,宝安区,"SMT贴片,通讯产品,汽车产品,电子产品的研发及销售,光电产品,半导体,太阳能产品的技术开发及销售,电子行业设备,移动终端设备,检测设备,热工学设备,机械电子自动化设备,设备租赁,国内贸易,货物及技术进出口,SMT贴片,通讯产品,汽车产品,电子产品的生产与加工,电子行业设备,热工学设备,机械电子自动化设备的生产与加工",殷**,00000000000,1000.0,1000万人民币,存续,,"智能车载设备制造,电子器件制造",80.0,enterprise,true,approved,tianxiagongchang.com,1175900,https://www.tianxiagongchang.com/detail/1175900_shen-zhen-shi-xi-li-ke-ji-you-xian-gong-si,SMT贴片,91440300580090494R,2011-08-03,http://www.sele-wo.cn,14,1,"存续,真实工厂","智能车载设备制造,电子器件制造",2026-09-15T16:08:20.726521+00:00
深圳市开成兴电子科技有限公司,深圳市宝安区沙井街道沙一社区长兴科技园第21栋五层,广东省,深圳市,宝安区,"国内贸易,电子产品,电子产品贴片加工,线路板,软硬板的技术开发与销售,SMT贴片,通讯产品的生产,货物及技术进出口,通讯产品的销售",谢**,00000000000,500.0,500万人民币,存续,,"通信终端设备制造,其他科技推广服务业",80.0,enterprise,true,approved,tianxiagongchang.com,1249369,https://www.tianxiagongchang.com/detail/1249369_shen-zhen-shi-kai-cheng-xing-dian-zi-ke-ji-you-xian-gong-si,SMT贴片,91440300555416691C,2010-05-12,,7,1,"存续,真实工厂","通信终端设备制造,其他科技推广服务业",2026-09-15T16:08:20.726521+00:00
苏州华弘鑫科电子科技有限公司,苏州市吴中区临湖镇界路村青年河西侧,江苏省,苏州市,吴中区,"销售,建筑材料的销售,五金交电,电脑周边设备的研发,生产,波峰焊焊接加工及销售,从事上述产品及技术的进出口业务,自动化仪器仪表,劳保用品,电路板,电脑周边设备,电子元器件,电子产品,SMT贴片",庄**,00000000000,500.0,500万人民币,存续,,"电子元器件与机电组件设备制造,其他电子元件制造",80.0,enterprise,true,approved,tianxiagongchang.com,2109793,https://www.tianxiagongchang.com/detail/2109793_su-zhou-hua-hong-xin-ke-dian-zi-ke-ji-you-xian-gong-si,SMT贴片,91320594MA1MEAUL5G,2016-01-12,,3,1,"存续,真实工厂","电子元器件与机电组件设备制造,其他电子元件制造",2026-09-15T16:08:20.726521+00:00
深圳市戎显科技有限公司,深圳市宝安区燕罗街道塘下涌社区塘下涌众福路69号B501,广东省,深圳市,宝安区,"新型平板显示器件,国内贸易,电子元器件,线路板,SMT贴片,液晶显示屏,货物及技术进出口,周边产品,新型平板显示器件及周边产品的研发及销售",潘**,00000000000,1000.0,1000万人民币,存续,,"显示器件制造,其他机械设备及电子产品批发",80.0,enterprise,true,approved,tianxiagongchang.com,2456949,https://www.tianxiagongchang.com/detail/2456949_shen-zhen-shi-rong-xian-ke-ji-you-xian-gong-si,SMT贴片,91440300MA5EGUBR9P,2017-04-28,,1,1,"存续,真实工厂","显示器件制造,其他机械设备及电子产品批发",2026-09-15T16:08:20.726521+00:00
开江县宏辉电子组装厂,四川省达州市开江县新宁镇外西街127号二楼,四川省,达州市,开江县,电子产品组装加工,刘**,00000000000,100.0,100万人民币,存续,,"电力电子元器件制造,其他电子器件制造",80.0,enterprise,true,approved,tianxiagongchang.com,1404008,https://www.tianxiagongchang.com/detail/1404008_kai-jiang-xian-hong-hui-dian-zi-zu-zhuang-chang,电子组装,91511723MA6BBCYU21,2018-06-20,,3,0,"存续,真实工厂","电力电子元器件制造,其他电子器件制造",2026-09-15T16:08:20.726521+00:00
文登市开发区瑜鑫电子组装厂,文登市开发区林河路中段,山东省,威海市,文登区,"12寸鱼网,各类过滤材料,如：陶瓷环,陶瓷砂粒,气温温度计,M系列玻璃管加热器,T系列水,专业水族器材,电子元器件组装,全不锈钢加热器",倪**,00000000000,,,存续,,"其他电子元件制造,其他家用电力器具制造",80.0,enterprise,true,approved,tianxiagongchang.com,2297208,https://www.tianxiagongchang.com/detail/2297208_wen-deng-shi-kai-fa-qu-yu-xin-dian-zi-zu-zhuang-chang,电子组装,92371081MA3JJLL47K,2012-03-21,,3,0,"存续,真实工厂","其他电子元件制造,其他家用电力器具制造",2026-09-15T16:08:20.726521+00:00
郴州市安泰电子组装经营部,郴州市北湖区下湄桥街道南岭大道铜坑湖村6组（陷池塘组）,湖南省,郴州市,北湖区,"变压片,销售,铁芯组装",王**,00000000000,,,存续,,"变压器、整流器和电感器制造,其他未列明零售业",80.0,enterprise,true,approved,tianxiagongchang.com,1388636,https://www.tianxiagongchang.com/detail/1388636_chen-zhou-shi-an-tai-dian-zi-zu-zhuang-jing-ying-bu,电子组装,92431002MA4M22991G,2008-07-23,,3,1,"存续,真实工厂","变压器、整流器和电感器制造,其他未列明零售业",2026-09-15T16:08:20.726521+00:00
嘉兴商迈电子有限公司,浙江省嘉兴市平湖市独山港镇全公亭东路501号1幢2楼（三成绣花制衣厂）,浙江省,嘉兴市,平湖市,"技术开发,技术咨询、技术服务、技术转让,货物及技术的进出口业务,计算机、软硬件及辅助设备,机电设备及配件,电子产品,电子元器件,电气设备,通讯设备及产品,五金交电,高低压配电柜,电线电缆的销售,计算机系统集成,电子组装",王**,00000000000,500.0,500万人民币,存续,,"其他电子器件制造,其他电子元件制造",80.0,enterprise,true,approved,tianxiagongchang.com,587425,https://www.tianxiagongchang.com/detail/587425_jia-xing-shang-mai-dian-zi-you-xian-gong-si,电子组装,91330482MA28AMUM33,2016-09-20,,6,1,"存续,真实工厂","其他电子器件制造,其他电子元件制造",2026-09-15T16:08:20.726521+00:00
山东桥隆环保科技有限公司,临淄区凤凰镇东申村,山东省,淄博市,临淄区,"办公用纸,沥青改性剂,五金建材,玩具销售,胶乳,货物进出口,机械设备生产,胶黏剂,建筑沥青,塑料橡胶制品,丁苯胶乳,SBS丁苯橡胶生产,环保设备研发,道路沥青,粉末丁苯橡胶,销售,维修,工艺品,板纸,电子组装,纸制品加工,木制品,塑编制品",边**,00000000000,300.0,300万人民币,存续,,其他橡胶制品制造,80.0,enterprise,true,approved,tianxiagongchang.com,38530,https://www.tianxiagongchang.com/detail/38530_shan-dong-qiao-long-huan-bao-ke-ji-you-xian-gong-si,电子组装,913703056872099345,2010-06-01,https://www.sdqiaolong.com,17,1,"存续,真实工厂,曾用名,山东桥隆化工科技有限责任公司 淄博桥隆工贸有限公司",其他橡胶制品制造,2026-09-15T16:08:20.726521+00:00
苏州市迪飞特电子有限公司,苏州市相城区黄桥街道木巷村（苏州市亿利华电子有限公司内）,江苏省,苏州市,相城区,"电器配件,电子散热片,电子组装,印制线路板,PVC标牌,散热器铝型材",蒋**,00000000000,380.0,380万人民币,存续,,"电子元件及电子专用材料制造,其他电子设备制造",80.0,enterprise,true,approved,tianxiagongchang.com,241651,https://www.tianxiagongchang.com/detail/241651_su-zhou-shi-di-fei-te-dian-zi-you-xian-gong-si,电子组装,913205077252035348,2001-01-04,http://www.sz-dft.com,16,2,"存续,真实工厂","电子元件及电子专用材料制造,其他电子设备制造",2026-09-15T16:08:20.726521+00:00
东莞市茗智电子科技有限公司,广东省东莞市虎门镇怀德松岗工业区一路3号1栋802室,广东省,东莞市,东莞市,"不干胶贴片,硅胶按键,硅胶制品,橡胶制品,货物或技术进出口,铭板,电子组装成品及配件的技术开发,薄膜开关,线路板,生产及销售,货物及技术进出口,劳保用品,第二类医疗器械,五金配件,电子产品,标牌,亚克力镜片",胡*,00000000000,101.0,101万人民币,存续,,"配电开关控制设备制造,塑料制品业,计算机零部件制造",80.0,enterprise,true,approved,tianxiagongchang.com,331134,https://www.tianxiagongchang.com/detail/331134_dong-guan-shi-ming-zhi-dian-zi-ke-ji-you-xian-gong-si,电子组装,91441900MA51BNGX1E,2018-02-08,https://www.jasperele.com,4,2,"存续,真实工厂,曾用名,东莞市嘉思讯薄膜开关有限公司","配电开关控制设备制造,塑料制品业,计算机零部件制造",2026-09-15T16:08:20.726521+00:00
苏州市吉兆电器有限公司,苏州市相城区黄桥街道木巷村旺盛路263号（迪飞达科技院内厂房二楼）,江苏省,苏州市,相城区,"电子组装,销售：电器,金属工艺品,钣金加工,仪表,金属配件,电器,五金冲压件,生产",杨**,00000000000,300.0,300万人民币,存续,,"电子元器件与机电组件设备制造,电气机械和器材制造业,家用电力器具制造,家用厨房电器具制造",80.0,enterprise,true,approved,tianxiagongchang.com,3736161,https://www.tianxiagongchang.com/detail/3736161_su-zhou-shi-ji-zhao-dian-qi-you-xian-gong-si,电子组装,913205070747381126,2013-08-12,,5,1,"存续,真实工厂","电子元器件与机电组件设备制造,电气机械和器材制造业,家用电力器具制造,家用厨房电器具制造",2026-09-15T16:08:20.726521+00:00
苏州市相城区金达电子有限公司,苏州市相城区黄桥街道大庄村大庄路28号,江苏省,苏州市,相城区,"线路板及耗材,工业设计服务,电子组装,电气设备修理,生产印刷线路板电子组装,金属制品,五金配件,电子产品,机械设备维护,电子",张**,00000000000,300.0,300万人民币,存续,,其他电子器件制造,80.0,enterprise,true,approved,tianxiagongchang.com,4231709,https://www.tianxiagongchang.com/detail/4231709_su-zhou-shi-xiang-cheng-qu-jin-da-dian-zi-you-xian-gong-si,电子组装,91320507703723600A,1998-11-02,,10,1,"存续,真实工厂,曾用名,吴县市金达电子有限公司",其他电子器件制造,2026-09-15T16:08:20.726521+00:00
苏州依达通电器有限公司,苏州市相城区黄桥街道木巷工业区旺盛路158号（迪飞达科技二楼）,江苏省,苏州市,相城区,"电子组装,销售：电器配件,金属工艺品,钣金加工,仪器仪表,金属配件,五金冲压件,电器配件,生产",杨**,00000000000,300.0,300万人民币,存续,,配电开关控制设备制造,80.0,enterprise,true,approved,tianxiagongchang.com,4300592,https://www.tianxiagongchang.com/detail/4300592_su-zhou-yi-da-tong-dian-qi-you-xian-gong-si,电子组装,91320507MA1NAL6C86,2017-01-13,,3,1,"存续,真实工厂",配电开关控制设备制造,2026-09-15T16:08:20.726521+00:00
山东穆柯传感器有限公司,潍坊市坊子区正泰路以东、凤翔街以北山东测绘地理信息产业园内,山东省,潍坊市,坊子区,"电子元器件,安全地毯传感器,安全光幕,折弯机保护装置",庞*,00000000000,2000.0,2000万人民币,存续,,"敏感元件及传感器制造,专用仪器仪表制造",80.0,enterprise,true,approved,tianxiagongchang.com,687039,https://www.tianxiagongchang.com/detail/687039_shan-dong-mu-ke-chuan-gan-qi-you-xian-gong-si,传感器,91370704348911948L,2015-06-29,https://www.moncee.cn,24,1,"存续,真实工厂","敏感元件及传感器制造,专用仪器仪表制造",2026-09-15T16:08:20.726521+00:00
杭州赛加得传感器有限公司,浙江省杭州市余杭区闲林街道闲兴路31-1号2幢（自主申报）,浙江省,杭州市,余杭区,"安全边缘,工业自动化安全设备,传感器工控安全设备,光电开关安全光幕安全地毯安全边缘,安全地毯,安全继电器,光电开光,安全光幕",林**,00000000000,2300.0,2300万人民币,存续,,敏感元件及传感器制造,80.0,enterprise,true,approved,tianxiagongchang.com,2825974,https://www.tianxiagongchang.com/detail/2825974_hang-zhou-sai-jia-de-chuan-gan-qi-you-xian-gong-si,传感器,913301053219200432,2014-12-22,https://www.sakady.cn/,12,1,"存续,真实工厂",敏感元件及传感器制造,2026-09-15T16:08:20.726521+00:00
江西天河传感器科技有限公司,江西省宜春市袁州区环城南路589号,江西省,宜春市,袁州区,"机械零部件加工,企业形象策划,室内外装饰设计及咨询服务,位移传感器,会议及展览策划,执行器",简**,00000000000,1028.0,1028万人民币,存续,,"敏感元件及传感器制造,机械零部件加工",80.0,enterprise,true,approved,tianxiagongchang.com,2976280,https://www.tianxiagongchang.com/detail/2976280_jiang-xi-tian-he-chuan-gan-qi-ke-ji-you-xian-gong-si,传感器,91360900705721641F,1998-08-10,http://www.jxycth.com,13,1,"存续,真实工厂","敏感元件及传感器制造,机械零部件加工",2026-09-15T16:08:20.726521+00:00
中铂传感器（太仓）有限公司,太仓市城厢镇新园路18号2号楼401,江苏省,苏州市,太仓市,"冷冻用材料,研发温度传感器,销售,仪器仪表,高温材料,热电偶,热电阻,货物及技术的进出口业务,加工,电子设备及其配件生产",黄**,00000000000,500.0,500万人民币,存续,,"敏感元件及传感器制造,其他未列明制造业",80.0,enterprise,true,approved,tianxiagongchang.com,942216,https://www.tianxiagongchang.com/detail/942216_zhong-bo-chuan-gan-qi-tai-cang-you-xian-gong-si,传感器,913205836858872482,2009-03-06,http://www.pt-sensor.com.cn,27,1,"存续,真实工厂,曾用名,昆山中铂温控科技有限公司 昆山菘启温控科技有限公司","敏感元件及传感器制造,其他未列明制造业",2026-09-15T16:08:20.726521+00:00
余姚传感器厂有限责任公司,余姚市梁辉经济开发区振兴路58号,浙江省,宁波市,余姚市,"技术服务,电子衡器,称重传感器,电子秤,工业自动化仪器仪表,应变片的制造,工业自动化仪表及系统,传感器,加工及技术咨询",陈**,00000000000,500.0,500万人民币,存续,,"敏感元件及传感器制造,其他仪器仪表制造业",80.0,enterprise,true,approved,tianxiagongchang.com,1727852,https://www.tianxiagongchang.com/detail/1727852_yu-yao-chuan-gan-qi-chang-you-xian-ze-ren-gong-si,传感器,913302811445973361,1965-07-01,,8,1,"存续,真实工厂,曾用名,余姚仪表二厂（余姚传感器厂－余姚传感器研究所）","敏感元件及传感器制造,其他仪器仪表制造业",2026-09-15T16:08:20.726521+00:00
西安森瑟斯传感器有限责任公司,陕西省西安市高新区毕原二路176号新一代人工智能产业园B6-401室,陕西省,西安市,长安区,"压力变送器,销售,生产,技术服务,半导体硅压力传感器,变送器,压力传感器,其他传感器元件,五金交电,温度变送器,计算机软硬件及配件的研发,执行器,压力传感器封装测试,OEM,高性能高精密各类压力变送器,货物与技术的进出口经营,液位变送器,自动控制系统及元件,一般经营项目：传感器及配件,接插件,电线电缆,差压变送器,仪器仪表",崔*,00000000000,1000.0,1000万人民币,存续,,"敏感元件及传感器制造,商务服务业,其他商务服务业,其他未列明商务服务业,鬃毛加工、制刷及清扫工具制造",80.0,enterprise,true,approved,tianxiagongchang.com,3485330,https://www.tianxiagongchang.com/detail/3485330_xi-an-sen-se-si-chuan-gan-qi-you-xian-ze-ren-gong-si,传感器,91610131MA6TX2GM10,2015-10-22,http://www.xian-sensors.com,9,1,"存续,真实工厂","敏感元件及传感器制造,商务服务业,其他商务服务业,其他未列明商务服务业,鬃毛加工、制刷及清扫工具制造",2026-09-15T16:08:20.726521+00:00
蚌埠市中诺传感器有限公司,安徽省蚌埠市淮上区小蚌埠工业园区果园路288号院内C座415室,安徽省,蚌埠市,淮上区,"智显表,传感器,测力传感器,变送器,称重传感器,IC元器件",史**,00000000000,500.0,500万人民币,存续,,"计算机、通信和其他电子设备制造业,电子元件及电子专用材料制造,敏感元件及传感器制造",80.0,enterprise,true,approved,tianxiagongchang.com,3794939,https://www.tianxiagongchang.com/detail/3794939_beng-bu-shi-zhong-nuo-chuan-gan-qi-you-xian-gong-si,传感器,913403000952176829,2014-03-18,,10,3,"存续,真实工厂","计算机、通信和其他电子设备制造业,电子元件及电子专用材料制造,敏感元件及传感器制造",2026-09-15T16:08:20.726521+00:00
北立传感器技术（武汉）有限公司,湖北省武汉市东西湖区创谷路20号中南高科科创中心20-3,湖北省,武汉市,东西湖区,"技术转让,环保设备,自动化设备,通讯器材,五金交电,日用百货,数码产品,仪器仪表,电子设备及配件,家具,技术咨询,机电设备,照明设备,计算机软硬件,技术服务,机械设备及配件,消防器材,汽车配件,传感器技术、半导体科技、光电科技、智能科技、能源科技、自动化科技、信息科技领域的技术开发,电子元器件",李*,00000000000,888.41,888.4092万人民币,存续,,"敏感元件及传感器制造,软件和信息技术服务业,信息处理和存储支持服务",80.0,enterprise,true,approved,tianxiagongchang.com,3983071,https://www.tianxiagongchang.com/detail/3983071_bei-li-zhuan-gan-qi-ji-shu-wu-han-you-xian-gong-si,传感器,91420112347320468T,2015-07-30,,6,2,"存续,真实工厂","敏感元件及传感器制造,软件和信息技术服务业,信息处理和存储支持服务",2026-09-15T16:08:20.726521+00:00
常州爱科瑞特传感器技术有限公司,常州市新北区天安工业村A座厂房加长二层东,江苏省,常州市,新北区,"自营和代理各类商品及技术的进出口业务,电子器件的研发,光电测试仪器仪表,通信设备,智能控制系统的开发与集成,网络工程的设计,控制电器,技术服务,电子设备,传感器,计算机系统,电子器件,销售,依法须经批准的项目,商务信息咨询,生产,经相关,传感器及控制电器,机械设备,国家限定企业经营或禁止进出口的商品和技术除外,施工,信息系统",陈**,00000000000,300.0,300万人民币,存续,,"敏感元件及传感器制造,电子器件制造",80.0,enterprise,true,approved,tianxiagongchang.com,1340169,https://www.tianxiagongchang.com/detail/1340169_chang-zhou-ai-ke-rui-te-chuan-gan-qi-ji-shu-you-xian-gong-si,传感器,91320402MA1MBHGW9L,2015-11-23,,5,1,"存续,真实工厂","敏感元件及传感器制造,电子器件制造",2026-09-15T16:08:20.726521+00:00
阜新晟科传感器有限责任公司,辽宁省阜新高新技术产业开发区开通街99号,辽宁省,阜新市,细河区,"建筑装饰装修,五金,磨具批发零售,机械加工,电气机械及器材,日用品,位移传感器,通用设备,钢材,位移变送器,建材,热电阻,传感器,热电偶生产及销售",石*,00000000000,150.0,150万人民币,存续,,"敏感元件及传感器制造,鬃毛加工、制刷及清扫工具制造",80.0,enterprise,true,approved,tianxiagongchang.com,1831115,https://www.tianxiagongchang.com/detail/1831115_fu-xin-cheng-ke-chuan-gan-qi-you-xian-ze-ren-gong-si,传感器,91210900680070300F,2008-10-28,http://www.skcgq.com,9,2,"存续,真实工厂","敏感元件及传感器制造,鬃毛加工、制刷及清扫工具制造",2026-09-15T16:08:20.726521+00:00
重庆赛力盟电机有限责任公司,重庆市九龙坡区九龙园C区聚业路111号,重庆市,重庆市,九龙坡区,"目标公司目前经营的产品有交流发电机,交流异步电动机,直流电动机,综合性中小型电机制造,直流发电机等",邓**,00000000000,7463.82,7463.82万人民币,存续,,"电机制造,计算机零部件制造",80.0,enterprise,true,approved,tianxiagongchang.com,9225,https://www.tianxiagongchang.com/detail/9225_chong-qing-sai-li-meng-dian-ji-you-xian-ze-ren-gong-si,电机,91500107709326737R,2001-01-18,http://www.cemf.com.cn,100,6,"存续,真实工厂","电机制造,计算机零部件制造",2026-09-15T16:08:20.726521+00:00
江苏利多电机有限公司,张家港市凤凰镇恬庄村,江苏省,苏州市,张家港市,"特种电机,自营和代理各类商品及技术的进出口业务,风机制造,加工,销售,普通电机,苏州电机厂苏州电机维苏州电机公苏州三相电,货运经营,防爆电机",陈**,00000000000,12800.0,12800万人民币,存续,,"电动机制造,其他农、林、牧、渔业机械制造",80.0,enterprise,true,approved,tianxiagongchang.com,24786,https://www.tianxiagongchang.com/detail/24786_jiang-su-li-duo-dian-ji-you-xian-gong-si,电机,91320582795369265U,2006-11-28,https://www.jslddj.com,26,1,"存续,真实工厂,曾用名,苏州利多电机有限公司","电动机制造,其他农、林、牧、渔业机械制造",2026-09-15T16:08:20.726521+00:00
浙江中龙电机股份有限公司,浙江省瑞安市南滨街道林垟川河街166号,浙江省,温州市,瑞安市,"电子仪器,电动机制造,印刷,包装机械,电机,水泵,发电机",张**,00000000000,5200.0,5200万人民币,存续,,"电动机制造,其他电气机械及器材制造",80.0,enterprise,true,approved,tianxiagongchang.com,27329,https://www.tianxiagongchang.com/detail/27329_zhe-jiang-zhong-long-dian-ji-gu-fen-you-xian-gong-si,电机,9133030073920612X3,2002-05-13,https://www.zlcn.com,13,1,"存续,真实工厂","电动机制造,其他电气机械及器材制造",2026-09-15T16:08:20.726521+00:00
安徽威能电机有限公司,安徽省泾县经济开发区晏公路21号,安徽省,宣城市,泾县,"微型电动机,发电机,直流电动机,修理,特殊电机,销售,变频器,电机零配件销售,其它机电一体化产品制造,交流电动机,柴油发电机组",管*,00000000000,16000.0,16000万人民币,存续,,"电动机制造,发电机及发电机组制造",80.0,enterprise,true,approved,tianxiagongchang.com,57991,https://www.tianxiagongchang.com/detail/57991_an-hui-wei-neng-dian-ji-you-xian-gong-si,电机,91341823760834606H,2004-04-23,,14,3,"存续,真实工厂","电动机制造,发电机及发电机组制造",2026-09-15T16:08:20.726521+00:00
西安泰富西玛电机有限公司,西安经济技术开发区明光路159号,陕西省,西安市,未央区,"航天,电机设计制造,海洋,航空,机械加工,自主型电机产品,模具制造,系统化动力系统",丁**,00000000000,21500.0,21500万人民币,存续,,"电动机制造,计算机零部件制造",80.0,enterprise,true,approved,tianxiagongchang.com,70560,https://www.tianxiagongchang.com/detail/70560_xi-an-tai-fu-xi-ma-dian-ji-you-xian-gong-si,电机,916101322206025055,2004-01-19,http://www.simo1955.com,127,3,"存续,真实工厂","电动机制造,计算机零部件制造",2026-09-15T16:08:20.726521+00:00
常州市南方电机有限公司,武进高新区新知路10号,江苏省,常州市,武进区,"YX3高效节能电机,YB3防爆电机,电机,综合性电机设计与制造,YEJ制动电机,减速机专用电机,YD双速电机,YE3,YVP变频电机,铝壳系列电机,YS系列分马力电机",沈**,00000000000,6800.0,6800万人民币,存续,,"电动机制造,计算机零部件制造",80.0,enterprise,true,approved,tianxiagongchang.com,184023,https://www.tianxiagongchang.com/detail/184023_chang-zhou-shi-nan-fang-dian-ji-you-xian-gong-si,电机,9132041225090562XB,1992-10-24,http://www.cznfdj.com,27,1,"存续,真实工厂,曾用名,常州市南方电机厂 武进县苏南电机厂","电动机制造,计算机零部件制造",2026-09-15T16:08:20.726521+00:00
三门台力电机有限公司,浙江省三门县健跳镇大沙湾工业园区,浙江省,台州市,三门县,"非标定制减速电机,双轴型减速电机,RV涡轮减速电机,精密步进伺服电机,微型小型齿轮减速电机,1kw,力矩电机,刹车电机,直线减速电机,RV涡轮蜗杆减速电机,驱动器,永磁直流电机,3,微型交流减速电机6w-250w,高精度行星减速机,重量轻,小型齿轮减速电机,直流齿轮减速电机,调速器,直线电机,长寿命,低噪音,7kw,中空中实直角减速机,高效率,免保养",林**,00000000000,6300.0,6300万人民币,存续,,其他电机制造,80.0,enterprise,true,approved,tianxiagongchang.com,215681,https://www.tianxiagongchang.com/detail/215681_san-men-tai-li-dian-ji-you-xian-gong-si,电机,913310227782718136,2005-07-29,https://www.tl-motor.cn/,29,3,"存续,真实工厂,曾用名,三门县台力电机有限公司 三门县东文电机有限公司",其他电机制造,2026-09-15T16:08:20.726521+00:00
巧力电机有限公司,三门县浦坝港镇洞港工业园区,浙江省,台州市,三门县,"机械零部件加工,风机,电机,货物进出口,泵制造,技术进出口",陈**,00000000000,5009.0,5009万人民币,存续,,"电机制造,电动机制造",80.0,enterprise,true,approved,tianxiagongchang.com,279463,https://www.tianxiagongchang.com/detail/279463_qiao-li-dian-ji-you-xian-gong-si,电机,91331022054218259J,2012-09-13,,6,2,"存续,真实工厂,曾用名,浙江巧力电机有限公司","电机制造,电动机制造",2026-09-15T16:08:20.726521+00:00
沈阳电机制造有限公司,辽宁省沈阳经济技术开发区开发二十四号路24号,辽宁省,沈阳市,铁西区,"泵,仪器仪表,维修,高压电机低压电机电机配件同步电机,电机及配件制造,技术咨询,风机,机械专用设备,电机辅助材料销售,销售,技术服务,技术转让,磨机,自营和代理各类商品和技术的进出口,机械电子设备,配电柜,变频器",王*,00000000000,10000.0,10000万人民币,存续,,"电动机制造,其他有色金属压延加工",80.0,enterprise,true,approved,tianxiagongchang.com,372025,https://www.tianxiagongchang.com/detail/372025_shen-yang-dian-ji-zhi-zao-you-xian-gong-si,电机,91210114742738346J,2002-12-02,https://www.cnsmotor.com,15,2,"存续,真实工厂","电动机制造,其他有色金属压延加工",2026-09-15T16:08:20.726521+00:00
河南省南洋防爆电机有限公司,商水县纬五路与阳城路交叉口西北角,河南省,周口市,商水县,"电工电气,电动机,防爆电机,石油化工机械设备",王**,00000000000,8818.0,8818万人民币,存续,,"电机制造,计算机零部件制造",80.0,enterprise,true,approved,tianxiagongchang.com,553257,https://www.tianxiagongchang.com/detail/553257_he-nan-sheng-nan-yang-fang-bao-dian-ji-you-xian-gong-si,电机,91411600728681443U,2001-05-25,http://www.nanyangdj.cn,53,1,"存续,真实工厂","电机制造,计算机零部件制造",2026-09-15T16:08:20.726521+00:00
江苏泰隆减速机（集团）股份有限公司,泰兴市文昌东路188号,江苏省,泰州市,泰兴市,"工业,TL模块化齿轮减速电机,边缘传动磨机齿轮箱,圆弧蜗轮蜗杆,风电齿轮箱,TXP行星模块化减速机,碳氮共渗炉,立式磨机,中硬齿轮硬齿面,加工,摆线针轮,PS摆环减速机,星轮减速机,点线啮合减速机,铝冶金行业的联合开卷卷取齿轮箱,水力发电变速装置,三环,圆柱齿轮,重载模块化齿轮减速机,特殊非标齿轮箱,机械,二次包络",殷**,00000000000,5366.0,5366万人民币,存续,,"微特电机及组件制造,齿轮及齿轮减、变速箱制造",80.0,enterprise,true,approved,tianxiagongchang.com,960115,https://www.tianxiagongchang.com/detail/960115_jiang-su-tai-long-jian-su-ji-ji-tuan-gu-fen-you-xian-gong-si,减速机,91321200714092090E,1999-11-16,http://www.tailong.com,55,4,"存续,真实工厂,曾用名,江苏泰隆减速机股份有限公司","微特电机及组件制造,齿轮及齿轮减、变速箱制造",2026-09-15T16:08:20.726521+00:00
江苏汇瑞减速机制造有限公司,泰兴市济川街道南殷村11组66号,江苏省,泰州市,泰兴市,"销售和技术服务,人力装卸服务,环保机械的制造,商务信息咨询服务,钢帘线成套机械设备及其零部件,钢材的销售,电机及其零部件,减速机,生铁,机械设备租赁,传动工程成套机械,通引风机,纺织机械",严**,00000000000,5800.0,5800万人民币,存续,,齿轮及齿轮减、变速箱制造,80.0,enterprise,true,approved,tianxiagongchang.com,4290647,https://www.tianxiagongchang.com/detail/4290647_jiang-su-hui-rui-jian-su-ji-zhi-zao-you-xian-gong-si,减速机,91321283MA1XXGYT6X,2019-02-20,http://www.huiruijiansuji.com,3,1,"存续,真实工厂",齿轮及齿轮减、变速箱制造,2026-09-15T16:08:20.726521+00:00
泰星减速机股份有限公司,江苏省泰兴市姚王镇泰姚北路10号,江苏省,泰州市,泰兴市,"起重减速机,交通工具,泰兴减速机,行星齿轮减器,三环减速机,圆柱齿轮减速器,汽车,电动滚筒,起重机用减速器,减速电机,江苏泰星,圆柱齿轮减速机,齿轮减速机,泰星减速机股份有限公司,凯王水泵,泰星减速机,输送机减速器,软齿面减速机,摆线针轮减速机,减速机,圆锥齿轮减速器,行星减速机,硬齿面减速器,摆线减速机,泰兴减速机产品,硬齿面减速机",张**,00000000000,7658.0,7658万人民币,存续,,齿轮及齿轮减、变速箱制造,80.0,enterprise,true,approved,tianxiagongchang.com,4297006,https://www.tianxiagongchang.com/detail/4297006_tai-xing-jian-su-ji-gu-fen-you-xian-gong-si,减速机,91320000718614888M,1999-01-28,,54,4,"存续,真实工厂",齿轮及齿轮减、变速箱制造,2026-09-15T16:08:20.726521+00:00
泰兴市扬子减速机制造有限公司,泰兴市大庆东路116号,江苏省,泰州市,泰兴市,"减速机,通用设备",徐**,00000000000,1588.0,1588万人民币,存续,,"齿轮及齿轮减、变速箱制造,其他通用设备制造业",80.0,enterprise,true,approved,tianxiagongchang.com,393720,https://www.tianxiagongchang.com/detail/393720_tai-xing-shi-yang-zi-jian-su-ji-zhi-zao-you-xian-gong-si,减速机,91321283782054555Y,2005-11-10,,14,2,"存续,真实工厂","齿轮及齿轮减、变速箱制造,其他通用设备制造业",2026-09-15T16:08:20.726521+00:00
成都天泽减速机制造有限公司,成都市郫都区成都现代工业港北区港东三路567号,四川省,成都市,郫都区,"搅拌结构方式,非标减速机,销售：减速机及其附属装置,减速机搅拌设备,搅拌器,整体减速机搅拌设备,非标金属结构件,制造,咨询服务",张**,00000000000,2180.0,2180万人民币,存续,,"其他原动设备制造,非金属矿及制品批发",80.0,enterprise,true,approved,tianxiagongchang.com,416800,https://www.tianxiagongchang.com/detail/416800_cheng-du-tian-ze-jian-su-ji-zhi-zao-you-xian-gong-si,减速机,91510124725375758H,2000-12-25,,6,1,"存续,真实工厂","其他原动设备制造,非金属矿及制品批发",2026-09-15T16:08:20.726521+00:00
河北华桥减速机有限公司,吴桥县桑园镇开发区嵩山道东长江路南,河北省,沧州市,吴桥县,"新颖的传动机械配套服务,酒店,旅游,餐饮,非标准减速机,行星摆线减速机x",刘**,00000000000,1560.0,1560万人民币,存续,,"轴承、齿轮和传动部件制造,齿轮及齿轮减、变速箱制造",80.0,enterprise,true,approved,tianxiagongchang.com,869928,https://www.tianxiagongchang.com/detail/869928_he-bei-hua-qiao-jian-su-ji-you-xian-gong-si,减速机,91130928769821625A,2004-12-23,http://www.hbhqjsj.com,20,1,"存续,真实工厂","轴承、齿轮和传动部件制造,齿轮及齿轮减、变速箱制造",2026-09-15T16:08:20.726521+00:00
江苏明亮减速机部件制造有限公司,盐城市盐都区学富镇幸福南路3号,江苏省,盐城市,盐都区,"减速机部件,汽车部件,通用设备制造、销售",吴**,00000000000,1600.0,1600万人民币,存续,,机械零部件加工,80.0,enterprise,true,approved,tianxiagongchang.com,1032870,https://www.tianxiagongchang.com/detail/1032870_jiang-su-ming-liang-jian-su-ji-bu-jian-zhi-zao-you-xian-gong-si,减速机,91320903MA1X37HD9H,2018-08-22,,2,1,"存续,真实工厂",机械零部件加工,2026-09-15T16:08:20.726521+00:00
江苏泰宇减速机有限公司,泰兴市姚王镇石桥村,江苏省,泰州市,泰兴市,"三环,ZSC软齿面,ZD,硬齿面,起重机用中硬齿面,行星齿轮,圆柱齿轮,ZQ,减速机,新型减速机,减速电机",蒋**,00000000000,3008.0,3008万人民币,存续,,"齿轮及齿轮减、变速箱制造,其他通用设备制造业",80.0,enterprise,true,approved,tianxiagongchang.com,1085804,https://www.tianxiagongchang.com/detail/1085804_jiang-su-tai-yu-jian-su-ji-you-xian-gong-si,减速机,91321283787676003K,2006-04-28,,66,2,"存续,真实工厂,曾用名,泰兴市泰宇减速机有限公司","齿轮及齿轮减、变速箱制造,其他通用设备制造业",2026-09-15T16:08:20.726521+00:00
江苏泰拓减速机有限公司,泰兴市济川街道王坔村,江苏省,泰州市,泰兴市,"冶金专用设备制造,冶金专用设备销售,零部件销售,变速箱销售,齿轮及齿轮减,环保设备制造,零部件加工,减速机,通用设备制造,机械设备销售,物料搬运装备制造,销售,专用设备修理,机械零件,电气设备修理,专用设备制造,变速箱制造,通用设备修理,物料搬运装备销售",叶**,00000000000,4180.0,4180万人民币,存续,,其他通用设备制造业,80.0,enterprise,true,approved,tianxiagongchang.com,1259098,https://www.tianxiagongchang.com/detail/1259098_jiang-su-tai-tuo-jian-su-ji-you-xian-gong-si,减速机,91321283672035046Y,2008-02-03,http://www.jsttjsj.cn,18,1,"存续,真实工厂,曾用名,泰兴市泰拓减速机有限公司",其他通用设备制造业,2026-09-15T16:08:20.726521+00:00
江苏华恒减速机制造有限公司,泰兴市城北路152号1层,江苏省,泰州市,泰兴市,"减速机及其配件,传动机械,机电设备,冲压件,泵阀,水泵,齿轮,链轮,汽车配件,传动轴,机械设备及配件,环保机械及设备,升降设备,化工机械及设备安装、销售",张*,00000000000,1800.0,1800万人民币,存续,,"齿轮及齿轮减、变速箱制造,其他通用设备制造业",80.0,enterprise,true,approved,tianxiagongchang.com,1296664,https://www.tianxiagongchang.com/detail/1296664_jiang-su-hua-heng-jian-su-ji-zhi-zao-you-xian-gong-si,减速机,91321283MA1WYNYA4P,2018-07-31,,5,1,"存续,真实工厂","齿轮及齿轮减、变速箱制造,其他通用设备制造业",2026-09-15T16:08:20.726521+00:00
瓦房店阿科比轴承有限公司,辽宁省瓦房店市祝华工业园区,辽宁省,大连市,瓦房店市,"大型精密轴承及零部件生产,高速线材,板材轧机轴承,各类轴承的P4级轴承及零部件",考***,00000000000,5214.96,5214.956105万人民币,存续,,"滚动轴承制造,纺织专用设备制造",80.0,enterprise,true,approved,tianxiagongchang.com,9067,https://www.tianxiagongchang.com/detail/9067_wa-fang-dian-a-ke-bi-zhou-cheng-you-xian-gong-si,轴承,91210281796916902L,2007-02-28,,5,1,"存续,真实工厂","滚动轴承制造,纺织专用设备制造",2026-09-15T16:08:20.726521+00:00
大连冶金轴承股份有限公司,辽宁省瓦房店市瓦窝镇王家村,辽宁省,大连市,瓦房店市,"机械工业,“DYZV”牌轴承",周**,00000000000,24900.0,24900万人民币,存续,,"滚动轴承制造,轴承、齿轮和传动部件制造",80.0,enterprise,true,approved,tianxiagongchang.com,20370,https://www.tianxiagongchang.com/detail/20370_da-lian-ye-jin-zhou-cheng-gu-fen-you-xian-gong-si,轴承,91210200740906975K,2002-08-19,https://www.dyzv-bearing.com,184,4,"存续,真实工厂,曾用名,大连冶金轴承有限公司","滚动轴承制造,轴承、齿轮和传动部件制造",2026-09-15T16:08:20.726521+00:00
瓦房店轴承股份有限公司,辽宁省瓦房店市北共济街1段1号,辽宁省,大连市,瓦房店市,"机械设备,ZWZ,汽车零配件,轴承",王**,00000000000,40260.0,40260万人民币,存续,,"轴承、齿轮和传动部件制造,滚动轴承制造",80.0,enterprise,true,approved,tianxiagongchang.com,22090,https://www.tianxiagongchang.com/detail/22090_wa-fang-dian-zhou-cheng-gu-fen-you-xian-gong-si,轴承,912102002423997128,1997-03-20,http://www.zwz-200706.com,107,2,"存续,真实工厂","轴承、齿轮和传动部件制造,滚动轴承制造",2026-09-15T16:08:20.726521+00:00
河北轧机轴承有限责任公司,河北省邢台市沙河市桥西办事处机场路桥西段路南,河北省,邢台市,沙河市,"CNC三座标测量机,圆锥滚子,轧机轴承中圆柱,特大型轴承,轧机轴承,特大型精密轴承,圆锥滚子高精度无心磨床,其他行业,Φ1600mm数控渗碳炉",张**,00000000000,37800.0,37800万人民币,存续,,滚动轴承制造,80.0,enterprise,true,approved,tianxiagongchang.com,321364,https://www.tianxiagongchang.com/detail/321364_he-bei-zha-ji-zhou-cheng-you-xian-ze-ren-gong-si,轴承,91130582732936840N,2001-12-03,,14,1,"存续,真实工厂",滚动轴承制造,2026-09-15T16:08:20.726521+00:00
进发轴承有限公司,浙江省温岭市泽国镇茶屿压缩机园区,浙江省,台州市,温岭市,"低噪音深沟球轴承,CGJF牌6309-2RZ低噪音深沟球轴承,圆锥滚子轴承,轴承进发轴承光板ZZ轴承电机轴承,CGJF轴承产品",李**,00000000000,5188.0,5188万人民币,存续,,"滚动轴承制造,纺织专用设备制造",80.0,enterprise,true,approved,tianxiagongchang.com,372895,https://www.tianxiagongchang.com/detail/372895_jin-fa-zhou-cheng-you-xian-gong-si,轴承,91331081716110758H,1999-06-16,https://www.cgjf.com,44,2,"存续,真实工厂,曾用名,浙江进发轴承有限公司 台州市进发轴承有限公司","滚动轴承制造,纺织专用设备制造",2026-09-15T16:08:20.726521+00:00
大连大轴轴承有限公司,辽宁省大连市甘井子区红旗街道棠梨村,辽宁省,大连市,甘井子区,"机械加工及制造,轴承生产及销售,依法须经批准的项目,房屋租赁,经相关部门批准后方可开展经营活动,轴承",王**,00000000000,10000.0,10000万人民币,存续,,"滚动轴承制造,轴承、齿轮和传动部件制造",80.0,enterprise,true,approved,tianxiagongchang.com,381344,https://www.tianxiagongchang.com/detail/381344_da-lian-da-zhou-zhou-cheng-you-xian-gong-si,轴承,912102001185752996,1987-04-01,,12,1,"存续,真实工厂,曾用名,大连轴承厂","滚动轴承制造,轴承、齿轮和传动部件制造",2026-09-15T16:08:20.726521+00:00
大连金冶轴承制造有限公司,辽宁省大连市瓦房店市西郊工业园区兴工大街28号,辽宁省,大连市,瓦房店市,"货物及技术进出口业务,依法须经批准的项目,经销钢材,轴承配件加工,轴承制造,经相关部门批准后方可开展经营活动",曲**,00000000000,8600.0,8600万人民币,存续,,滚动轴承制造,80.0,enterprise,true,approved,tianxiagongchang.com,444091,https://www.tianxiagongchang.com/detail/444091_da-lian-jin-ye-zhou-cheng-zhi-zao-you-xian-gong-si,轴承,91210281959942719B,2005-03-21,http://www.dljyzc.top,7,1,"存续,真实工厂,曾用名,瓦房店远大机械轴承有限公司",滚动轴承制造,2026-09-15T16:08:20.726521+00:00
邯郸市亿通轧机轴承有限公司,成安县商城装备制造区,河北省,邯郸市,成安县,"其它机械设备,货物进出口业务,调心滚子轴承,电子产品的销售,销售,轴承,轧机轴承,轴承及其配件的生产,背衬轴承,钢材,推力球轴承",尹**,00000000000,12000.0,12000万人民币,存续,,"滚动轴承制造,纺织专用设备制造",80.0,enterprise,true,approved,tianxiagongchang.com,626030,https://www.tianxiagongchang.com/detail/626030_han-dan-shi-yi-tong-zha-ji-zhou-cheng-you-xian-gong-si,轴承,911304247681350844,2004-08-09,http://www.ytzjzc.com,16,1,"存续,真实工厂","滚动轴承制造,纺织专用设备制造",2026-09-15T16:08:20.726521+00:00
河南智圆轴承科技有限公司,河南省安阳市林州市红旗渠经济技术开发区汽配产业园二期南区,河南省,安阳市,林州市,"轴承技术研发,轴承及配件制造,机械设备,汽车零配件,五金,车床零部件",王**,00000000000,10000.0,10000万人民币,存续,,滚动轴承制造,80.0,enterprise,true,approved,tianxiagongchang.com,746273,https://www.tianxiagongchang.com/detail/746273_he-nan-zhi-yuan-zhou-cheng-ke-ji-you-xian-gong-si,轴承,91410581MA45CF0Y31,2018-06-13,,10,1,"存续,真实工厂",滚动轴承制造,2026-09-15T16:08:20.726521+00:00
瓦房店光阳轴承股份有限公司,辽宁省瓦房店市南共济街三段2200号,辽宁省,大连市,瓦房店市,"货物,技术进出口,零售兼批发,机电产品钢材,轴承制造,锻造,五金交电化工商品,井式退火炉",杨*,00000000000,10000.0,10000万人民币,存续,,"滚动轴承制造,纺织专用设备制造",80.0,enterprise,true,approved,tianxiagongchang.com,806265,https://www.tianxiagongchang.com/detail/806265_wa-fang-dian-guang-yang-zhou-cheng-gu-fen-you-xian-gong-si,轴承,91210200241809310C,1996-09-17,http://www.wgys.cn,36,3,"存续,真实工厂,曾用名,瓦房店光阳轴承集团有限公司 瓦房店光阳轴承制造有限公司","滚动轴承制造,纺织专用设备制造",2026-09-15T16:08:20.726521+00:00
大同齿轮传动（昆山）股份有限公司,江苏省昆山市陆家镇金阳东路66号,江苏省,苏州市,昆山市,"相关零部件产品,齿轮,生产各种汽车变速器,汽车电机设备,销售自产产品,减速机,汽车变速器,减速机及相关零部件",许**,00000000000,10320.0,10320万人民币,存续,,"齿轮及齿轮减、变速箱制造,汽车零部件及配件制造",80.0,enterprise,true,approved,tianxiagongchang.com,1454752,https://www.tianxiagongchang.com/detail/1454752_da-tong-chi-lun-chuan-dong-kun-shan-gu-fen-you-xian-gong-si,齿轮,91320583716848074Q,2000-01-11,https://www.ttgear.com,8,1,"存续,真实工厂,曾用名,大同齿轮（昆山）有限公司 大同齿轮(昆山)有限公司","齿轮及齿轮减、变速箱制造,汽车零部件及配件制造",2026-09-15T16:08:20.726521+00:00
南京金腾克林贝格齿轮有限公司,南京市溧水区宁溧高科技产业园,江苏省,南京市,溧水区,"其它机械产品的研发,销售,轴承,电机,齿轮及齿轮传动设备的研发,其它机械产品,齿轮及齿轮传动设备,制造,克林贝格制锥齿轮,自营和代理各类商品和技术的进出口业务,机床附件销售,但国家限定公司经营或禁止进出口的商品和技术除外,销售及技术咨询服务",陈**,00000000000,10000.0,10000万人民币,存续,,"齿轮及齿轮减、变速箱制造,通用设备制造业,轴承、齿轮和传动部件制造",80.0,enterprise,true,approved,tianxiagongchang.com,4100684,https://www.tianxiagongchang.com/detail/4100684_nan-jing-jin-teng-ke-lin-bei-ge-chi-lun-you-xian-gong-si,齿轮,91320117339433796L,2015-08-05,http://klinberg.com/cn/index.asp,14,1,"存续,真实工厂","齿轮及齿轮减、变速箱制造,通用设备制造业,轴承、齿轮和传动部件制造",2026-09-15T16:08:20.726521+00:00
南通市中吕齿轮有限公司,启东市吕四港镇开发区88号,江苏省,南通市,启东市,"无记录,齿轮箱,齿轮,电动工具制造,销售,自营和代理上述商品,传动设备,技术的进出口业务,减速机",潘**,00000000000,3800.0,3800万人民币,存续,,"轴承、齿轮和传动部件制造,畜牧机械制造",80.0,enterprise,true,approved,tianxiagongchang.com,27792,https://www.tianxiagongchang.com/detail/27792_nan-tong-shi-zhong-lv-chi-lun-you-xian-gong-si,齿轮,913206817768568265,2005-06-03,,11,2,"存续,真实工厂","轴承、齿轮和传动部件制造,畜牧机械制造",2026-09-15T16:08:20.726521+00:00
德州齿轮有限公司,山东省德州市德城区天衢街道办事处齿轮南路678号,山东省,德州市,德城区,"摩托车配件,重型卡车,汽车变速器,等温正火线,数控剃刀磨,机床,齿轮检测中心,石油机械,变速箱箱体加工生产线,热处理多用炉生产线,电动汽车,砂轮磨齿机,汽车配件,立式拉床,工程机械,叁坐标检测仪,立式加工中心,汽车,数控滚齿机,德国易普森,农业装备,轻",李*,00000000000,5000.0,5000万人民币,存续,,"齿轮及齿轮减、变速箱制造,皮革、毛皮及其制品加工专用设备制造",80.0,enterprise,true,approved,tianxiagongchang.com,46516,https://www.tianxiagongchang.com/detail/46516_de-zhou-chi-lun-you-xian-gong-si,齿轮,913714007061202901,1999-01-04,https://www.dzcl.com,16,1,"存续,真实工厂,曾用名,山东宏力集团德州齿轮有限公司 德州宏力集团齿轮有限公司","齿轮及齿轮减、变速箱制造,皮革、毛皮及其制品加工专用设备制造",2026-09-15T16:08:20.726521+00:00
南京金腾齿轮系统有限公司,南京市江宁区禄口街道蓝天路220号,江苏省,南京市,江宁区,"轴承,机床附件销售,自营和代理各类商品和技术的进出口业务,高精度锥齿轮,电机,齿轮系统的研发,机械产品的研发,齿轮及齿轮传动设备,销售,销售及技术咨询服务,齿轮及齿轮传动设备的研发,制造",陈**,00000000000,3000.0,3000万人民币,存续,,"齿轮及齿轮减、变速箱制造,皮革、毛皮及其制品加工专用设备制造",80.0,enterprise,true,approved,tianxiagongchang.com,224292,https://www.tianxiagongchang.com/detail/224292_nan-jing-jin-teng-chi-lun-xi-tong-you-xian-gong-si,齿轮,913201156637782868,2007-08-20,http://www.cn-kingdom.com,18,1,"存续,真实工厂,曾用名,南京克林贝格齿轮系统有限公司 南京克林贝格齿轮制造有限公司","齿轮及齿轮减、变速箱制造,皮革、毛皮及其制品加工专用设备制造",2026-09-15T16:08:20.726521+00:00
四川名齿齿轮制造股份有限公司,四川省雅安市经济开发区永兴街道园区大道5号,四川省,雅安市,名山区,"工程机械差速器行星,生产,金属材料,汽车精锻件,半轴齿轮,汽车销售,位电动螺旋压力机",李**,00000000000,5000.0,5000万人民币,存续,,"汽车零部件及配件制造,轴承、齿轮和传动部件制造",80.0,enterprise,true,approved,tianxiagongchang.com,313721,https://www.tianxiagongchang.com/detail/313721_si-chuan-ming-chi-chi-lun-zhi-zao-gu-fen-you-xian-gong-si,齿轮,915118007383317118,2002-05-23,http://www.scmccl.com,9,1,"存续,真实工厂,曾用名,四川名齿齿轮制造有限公司","汽车零部件及配件制造,轴承、齿轮和传动部件制造",2026-09-15T16:08:20.726521+00:00
吴江吴月齿轮制造有限责任公司,盛泽镇双熟村,江苏省,苏州市,吴江区,"齿轮及齿轮箱制造,相关机械制造,针纺织品",姚**,00000000000,5000.0,5000万人民币,存续,,"齿轮及齿轮减、变速箱制造,其他通用设备制造业",80.0,enterprise,true,approved,tianxiagongchang.com,358953,https://www.tianxiagongchang.com/detail/358953_wu-jiang-wu-yue-chi-lun-zhi-zao-you-xian-ze-ren-gong-si,齿轮,913205097149634586,1999-12-03,,7,2,"存续,真实工厂","齿轮及齿轮减、变速箱制造,其他通用设备制造业",2026-09-15T16:08:20.726521+00:00
河南高精齿轮有限公司,河南省新乡市长垣市南蒲起重工业园区纬二路中段路北,河南省,新乡市,长垣市,"货物进出口,变速箱销售,齿轮及齿轮减,配件制造,后桥齿轮农机齿轮,汽车零部件,变速箱制造",胡**,00000000000,2193.0,2193万人民币,存续,,"齿轮及齿轮减、变速箱制造,钢压延加工",80.0,enterprise,true,approved,tianxiagongchang.com,559478,https://www.tianxiagongchang.com/detail/559478_he-nan-gao-jing-chi-lun-you-xian-gong-si,齿轮,91410728349393652U,2015-07-06,,18,1,"存续,真实工厂","齿轮及齿轮减、变速箱制造,钢压延加工",2026-09-15T16:08:20.726521+00:00
浙江大众齿轮有限公司,浙江省金华市金东区江东镇低丘缓坡综合开发园金武街456号,浙江省,金华市,金东区,"汽车变速器,齿轮,RT11509F,DC6J70TZ,齿轴,同步器,1700N,DC6J85TZ03,RT11509C",朱**,00000000000,4455.0,4455万人民币,存续,,"汽车零部件及配件制造,齿轮及齿轮减、变速箱制造",80.0,enterprise,true,approved,tianxiagongchang.com,731419,https://www.tianxiagongchang.com/detail/731419_zhe-jiang-da-zhong-chi-lun-you-xian-gong-si,齿轮,913307036716077193,2008-01-17,http://www.dazhonggear.com,11,1,"存续,真实工厂,曾用名,金华大众齿轮有限公司","汽车零部件及配件制造,齿轮及齿轮减、变速箱制造",2026-09-15T16:08:20.726521+00:00
台州中邦齿轮有限责任公司,浙江省台州市温岭市松门镇松盛路12弄3号(台州合纵自动化有限公司内2幢5楼）（自主申报）,浙江省,台州市,温岭市,"齿轮及齿轮减,变速箱制造,工业机器人制造",陈**,00000000000,1280.0,1280万人民币,存续,,齿轮及齿轮减、变速箱制造,80.0,enterprise,true,approved,tianxiagongchang.com,885055,https://www.tianxiagongchang.com/detail/885055_tai-zhou-zhong-bang-chi-lun-you-xian-ze-ren-gong-si,齿轮,91331081MA2MA5QB42,2021-08-03,http://www.tzzbgear.com,1,1,"存续,真实工厂",齿轮及齿轮减、变速箱制造,2026-09-15T16:08:20.726521+00:00
江苏晨光液压件制造有限公司,靖江市东门外五里桥,江苏省,泰州市,靖江市,"旅游,液压件制造,酒店,销售,机械零件加工,餐饮,曲轴连杆",刘**,00000000000,1005.0,1005万人民币,存续,,"液压动力机械及元件制造,其他通用设备制造业",80.0,enterprise,true,approved,tianxiagongchang.com,1130065,https://www.tianxiagongchang.com/detail/1130065_jiang-su-chen-guang-ye-ya-jian-zhi-zao-you-xian-gong-si,液压件,91321282141083348T,1988-05-11,,16,1,"存续,真实工厂,曾用名,扬州市晨光液压件厂 江苏晨光液压件厂","液压动力机械及元件制造,其他通用设备制造业",2026-09-15T16:08:20.726521+00:00
湖北金力液压件有限公司,咸宁经济开发区长江产业园内金桂大道,湖北省,咸宁市,咸安区,"电子元器件销售,液力件,有色金属加工,销售,液力件制造,铝合金加工生产经营,液压件技术信息咨询服务,液压件",李**,00000000000,3000.0,3000万人民币,存续,,"液压动力机械及元件制造,其他通用设备制造业",80.0,enterprise,true,approved,tianxiagongchang.com,1157369,https://www.tianxiagongchang.com/detail/1157369_hu-bei-jin-li-ye-ya-jian-you-xian-gong-si,液压件,91421200767428934T,2004-12-27,,10,1,"存续,真实工厂","液压动力机械及元件制造,其他通用设备制造业",2026-09-15T16:08:20.726521+00:00
湘潭市湘江液压件制造有限公司,湘潭市高新区德国工业园格林路3号,湖南省,湘潭市,岳塘区,"制鞋机械装载机械其他制鞋机械液压阀,液压件的制造,道路普通货物运输,销售",谢*,00000000000,2000.0,2000万人民币,存续,,液压动力机械及元件制造,80.0,enterprise,true,approved,tianxiagongchang.com,1760623,https://www.tianxiagongchang.com/detail/1760623_xiang-tan-shi-xiang-jiang-ye-ya-jian-zhi-zao-you-xian-gong-si,液压件,91430300748375339M,2004-08-05,,20,3,"存续,真实工厂",液压动力机械及元件制造,2026-09-15T16:08:20.726521+00:00
镇江坤辉液压件有限公司,扬中市油坊镇集镇工业区1668号(老桥村),江苏省,镇江市,,"氟塑料制品,阀门,制造,橡胶制品,高低压胶管总成,桥架,管件,液压件,开关柜加工,销售,液压机械及部件,仪表,母线,器材销售,电器机械",施**,00000000000,1001.0,1001万人民币,存续,,"其他通用零部件制造,通用设备制造业,通用零部件制造",80.0,enterprise,true,approved,tianxiagongchang.com,4154311,https://www.tianxiagongchang.com/detail/4154311_zhen-jiang-kun-hui-ye-ya-jian-you-xian-gong-si,液压件,913211825546097074,2010-04-23,,7,2,存续,"其他通用零部件制造,通用设备制造业,通用零部件制造",2026-09-15T16:08:20.726521+00:00
四川锐工重型液压件厂,成都市新都区新都镇宝光大道南段468号,四川省,成都市,新都区,"重型机械,零售金属材料,五金交电,工程机械配件,建辅建材,石油机械,批发,生产,重型液压件,化工产品,销售液压件及其配件",龙*,00000000000,500.0,500万人民币,存续,,液压动力机械及元件制造,80.0,enterprise,true,approved,tianxiagongchang.com,817967,https://www.tianxiagongchang.com/detail/817967_si-chuan-rui-gong-zhong-xing-ye-ya-jian-chang,液压件,91510114755990671R,2004-01-14,,13,1,"存续,真实工厂",液压动力机械及元件制造,2026-09-15T16:08:20.726521+00:00
宁晋县国恒液压件有限公司,宁晋县四芝兰镇佃户营村,河北省,邢台市,宁晋县,"液压件,加工,销售",谷**,00000000000,1000.0,1000万人民币,存续,,液压动力机械及元件制造,80.0,enterprise,true,approved,tianxiagongchang.com,1547337,https://www.tianxiagongchang.com/detail/1547337_ning-jin-xian-guo-heng-ye-ya-jian-you-xian-gong-si,液压件,91130528593561558X,2012-04-01,,1,1,"存续,真实工厂",液压动力机械及元件制造,2026-09-15T16:08:20.726521+00:00
泸州市龙马潭区长江液压件有限公司,中国（四川）自由贸易试验区川南临港片区进港路51号,四川省,泸州市,龙马潭区,"元件,工程液压机械,液压件加工销售,船用液压机械,液压系统",宋*,00000000000,500.0,500万人民币,存续,,"液压动力机械及元件制造,铸造机械制造",80.0,enterprise,true,approved,tianxiagongchang.com,1886907,https://www.tianxiagongchang.com/detail/1886907_lu-zhou-shi-long-ma-tan-qu-chang-jiang-ye-ya-jian-you-xian-gong-si,液压件,915105047208518151,2000-10-11,http://www.lzcysy.com,9,2,"存续,真实工厂","液压动力机械及元件制造,铸造机械制造",2026-09-15T16:08:20.726521+00:00
江苏中冶液压件有限公司,阜宁县经济开发区窑湾,江苏省,盐城市,阜宁县,"液压件的,高压液压球阀,液压附件,截止阀,铝合金管夹,设备,液压管接头",刘**,00000000000,500.0,500万人民币,存续,,"阀门和旋塞制造,通用设备制造业,泵、阀门、压缩机及类似机械制造,其他非金属加工专用设备制造",80.0,enterprise,true,approved,tianxiagongchang.com,3684044,https://www.tianxiagongchang.com/detail/3684044_jiang-su-zhong-ye-ye-ya-jian-you-xian-gong-si,液压件,91320923743712578P,2003-01-02,http://www.jszyqf.cn,17,1,"存续,真实工厂,曾用名,阜宁县中冶液压件有限公司","阀门和旋塞制造,通用设备制造业,泵、阀门、压缩机及类似机械制造,其他非金属加工专用设备制造",2026-09-15T16:08:20.726521+00:00
合肥赛源液压件有限公司,合肥市新站区新蚌埠路3768号佳海工业城H51、H52幢,安徽省,合肥市,瑶海区,"液压件,销售,旅游,液压机械生产,酒店,化工产品销售,餐饮,加工",毕**,00000000000,200.0,200万人民币,存续,,"液压动力机械及元件制造,其他通用零部件制造",80.0,enterprise,true,approved,tianxiagongchang.com,724336,https://www.tianxiagongchang.com/detail/724336_he-fei-sai-yuan-ye-ya-jian-you-xian-gong-si,液压件,91340100664221930Q,2007-07-16,,7,1,"存续,真实工厂","液压动力机械及元件制造,其他通用零部件制造",2026-09-15T16:08:20.726521+00:00
大连钰和液压件厂,辽宁省大连市普兰店区丰荣街道鑫和社区,辽宁省,大连市,普兰店区,"液压设备,液压件,油缸,气缸,铸件,气动件,液压配件制造,电气设备制造,轴承",姜**,00000000000,200.0,200万人民币,存续,,液压动力机械及元件制造,80.0,enterprise,true,approved,tianxiagongchang.com,1032919,https://www.tianxiagongchang.com/detail/1032919_da-lian-yu-he-ye-ya-jian-chang,液压件,91210282726028117N,2001-03-27,,5,1,"存续,真实工厂",液压动力机械及元件制造,2026-09-15T16:08:20.726521+00:00
麦特沃克气动元件（上海）有限公司,上海市宝山区长建路198号11幢,上海市,上海市,宝山区,"气动元件,自动化控制产品,压缩空气系统,气动元件系列,生产机电仪表自动化气动元件,气动工具,电动工具,成套设备及其辅助设备,销售自产产品",V******************,00000000000,532.5,75万美元,存续,,制药专用设备制造,80.0,enterprise,true,approved,tianxiagongchang.com,1528452,https://www.tianxiagongchang.com/detail/1528452_mai-te-wo-ke-qi-dong-yuan-jian-shang-hai-you-xian-gong-si,气动元件,91310000782825014X,2005-12-05,http://www.metalworkchina.cn,16,0,"存续,真实工厂",制药专用设备制造,2026-09-15T16:08:20.726521+00:00
无锡市胜特石化配件有限公司,无锡市滨湖区胡埭镇龙延村,江苏省,无锡市,滨湖区,"法兰及其它管件,金属包复垫片,气动元件的制造,充灌设备,视镜,自营各类商品和技术的进出口业务,管道过滤器,快速接头,天然气设备和气体分离设备的研发,租赁,石油化工机械配件,金属非金属平垫,国家限定企业经营或禁止进出口的商品和,空气分离设备,压力容器,金属缠绕垫片,换热设备,柔性石墨复合垫片,阻火器,金属材料的销售,加工,安装,金属齿形复合垫片,销售,金属钢垫,天然气设备的制造,法兰,金属构件,密封件",周**,00000000000,5080.0,5080万人民币,存续,,"金属密封件制造,医疗诊断、监护及治疗设备制造",80.0,enterprise,true,approved,tianxiagongchang.com,381246,https://www.tianxiagongchang.com/detail/381246_wu-xi-shi-sheng-te-shi-hua-pei-jian-you-xian-gong-si,气动元件,91320211250080971L,1992-05-16,http://www.seint.com.cn,24,1,"存续,真实工厂,曾用名,无锡市胡埭石油化工配件厂 无锡县胡埭石油化工配件厂","金属密封件制造,医疗诊断、监护及治疗设备制造",2026-09-15T16:08:20.726521+00:00
禹城欧润桥梁工程有限公司,山东省德州市禹城市房寺镇孟庄村（德昊服装公司办公楼二楼北侧东数第一、二间）,山东省,德州市,禹城市,"桥梁工程,铁路工程,市政工程,拆除工程（不含爆破作业）施工,建筑劳务分包（不含劳务派遣，不含对外劳务合作）,机械设备（不含特种设备）,数控设备研发、生产、销售、租赁及维修服务,铸造机械,液压元件,气动元件的生产、销售及维修服务,钢材加工（不含锻造、铸造）及销售,活动板房,轻型彩钢大棚加工、销售及安装服务,车辆租赁、销售及维修服务,铁路桥梁配件销售及维修服务,机电设备（不含特种设备）销售及安装服务,建筑材料（不含属于危险化学品的种类）,化工产品（不含危险化学品、易制毒化学品、监控化学品）,标准件,电线电缆,五金电料,日用百货,服装鞋帽,安全设备,消防器材,电子产品,塑料制品,环保设备,仪表仪器销售,普通货运（不含危险化学品运输，不含快递业务）,货物进出口业务",马**,00000000000,1360.0,1360万人民币,存续,,"高铁设备、配件制造,其他道路、隧道和桥梁工程建筑",80.0,enterprise,true,approved,tianxiagongchang.com,245391,https://www.tianxiagongchang.com/detail/245391_yu-cheng-ou-run-qiao-liang-gong-cheng-you-xian-gong-si,气动元件,91371482MA3EJXMX96,2017-09-16,,9,1,"存续,真实工厂","高铁设备、配件制造,其他道路、隧道和桥梁工程建筑",2026-09-15T16:08:20.726521+00:00
武汉金志液压气动有限公司,湖北省武汉市新洲区阳逻开发区长盛工业园D区4号房,湖北省,武汉市,新洲区,"液压附件,生产液压元件,机械零件加工,气动成套设备的制造及安装,自有厂房租赁,液压成套设备,液压气动元件",刘*,00000000000,3000.0,3000万人民币,存续,,液压动力机械及元件制造,80.0,enterprise,true,approved,tianxiagongchang.com,1309420,https://www.tianxiagongchang.com/detail/1309420_wu-han-jin-zhi-ye-ya-qi-dong-you-xian-gong-si,气动元件,91420103733560128B,2002-01-24,,5,1,"存续,真实工厂",液压动力机械及元件制造,2026-09-15T16:08:20.726521+00:00
诸暨市通灵实业有限公司,浙江省绍兴市诸暨市店口镇中央路190号,浙江省,绍兴市,诸暨市,"安全,网上销售,制冷配件,防护,公共,塑料制品,五金配件,制造销售,机械配件,货物及技术的进出口,空调配件,汽车配件,不绣钢制品,消防配件,气动元件",何**,00000000000,2000.0,2000万人民币,存续,,"塑料制品业,塑料零件及其他塑料制品制造",80.0,enterprise,true,approved,tianxiagongchang.com,2296659,https://www.tianxiagongchang.com/detail/2296659_zhu-ji-shi-tong-ling-shi-ye-you-xian-gong-si,气动元件,91330681146329482K,1994-06-08,https://www.tonglingshiye.com,26,1,"存续,真实工厂","塑料制品业,塑料零件及其他塑料制品制造",2026-09-15T16:08:20.726521+00:00
泰州市伟平石油机械有限公司,泰州市高港区大泗镇工业集中区,江苏省,泰州市,高港区,"石油机械配件,五金工具制造,销售,石油钻采气动元件",吕**,00000000000,2100.0,2100万人民币,存续,,"气压动力机械及元件制造,石油钻采专用设备制造",80.0,enterprise,true,approved,tianxiagongchang.com,2312357,https://www.tianxiagongchang.com/detail/2312357_tai-zhou-shi-wei-ping-shi-you-ji-xie-you-xian-gong-si,气动元件,913212030727624342,2013-07-12,,5,1,"存续,真实工厂","气压动力机械及元件制造,石油钻采专用设备制造",2026-09-15T16:08:20.726521+00:00
江阴海江电控设备有限公司,江阴市徐霞客镇璜塘马璜路9号,江苏省,无锡市,江阴市,"销售,金属工具,气动元件的制造,自营和代理各类商品及技术的进出口业务,但国家限定企业经营或禁止进出口的商品和技术除外,机械零部件,加工,机械设备的修理,自动化电气控制设备,道路货物运输,塑料制品,气动元件,橡胶制品的销售",张**,00000000000,2000.0,2000万人民币,存续,,"配电开关控制设备制造,输配电及控制设备制造",80.0,enterprise,true,approved,tianxiagongchang.com,2561495,https://www.tianxiagongchang.com/detail/2561495_jiang-yin-hai-jiang-dian-kong-she-bei-you-xian-gong-si,气动元件,91320281691319896B,2009-06-25,,4,2,"存续,真实工厂","配电开关控制设备制造,输配电及控制设备制造",2026-09-15T16:08:20.726521+00:00
浙江威斯法利机械科技股份有限公司,浙江省绍兴市诸暨市店口镇灵龙路18号-8,浙江省,绍兴市,诸暨市,"不锈钢波纹管,机械技术的研究开发,技术服务,机械零部件,增压器回油管,汽车零部件,五金配件,机电设备,货物及技术的进出口业务,阀门,船舶配件,打气泵管,金属制品,气动元件",潘*,00000000000,1262.5,1262.5万人民币,存续,,"汽车零部件及配件制造,研究和试验发展,工程和技术研究和试验发展,其他未列明运输设备制造",80.0,enterprise,true,approved,tianxiagongchang.com,3580865,https://www.tianxiagongchang.com/detail/3580865_zhe-jiang-wei-si-fa-li-ji-xie-ke-ji-gu-fen-you-xian-gong-si,气动元件,91330681MA29DR3TX3,2017-09-07,,5,2,"存续,真实工厂,曾用名,浙江威斯法利机械科技有限公司","汽车零部件及配件制造,研究和试验发展,工程和技术研究和试验发展,其他未列明运输设备制造",2026-09-15T16:08:20.726521+00:00
无锡艾斯克机电科技有限公司,无锡市锡山区鹅湖镇荡口工业园新园路207号,江苏省,无锡市,锡山区,"通用机械设备,工业自动化设备的研发、设计、制造及信息系统集成服务,安装调试,钣金件,五金件,高低压电器产品,劳动防护用品,仪器仪表,液压气动元件的销售,精密机械零部件,工装夹具,治具,冷作焊接加工",曹**,00000000000,3000.0,3000万人民币,存续,,"其他未列明通用设备制造业,通用设备制造业,其他通用设备制造业",80.0,enterprise,true,approved,tianxiagongchang.com,3750569,https://www.tianxiagongchang.com/detail/3750569_wu-xi-ai-si-ke-ji-dian-ke-ji-you-xian-gong-si,气动元件,91320214MA1WYJ89X0,2018-07-30,,3,1,"存续,真实工厂","其他未列明通用设备制造业,通用设备制造业,其他通用设备制造业",2026-09-15T16:08:20.726521+00:00
华德液压技术有限责任公司,石家庄高新区槐安东路365号方亿科技园C座1-5,河北省,石家庄市,裕华区,"技术服务及推广,液压技术的研发,液压设备,液压元件,五金产品,仪器仪表的生产销售及进出口业务,机电设备,中高压液压元件,电子产品,气动元件",樊**,00000000000,5000.0,5000万人民币,存续,,"液压动力机械及元件制造,电气机械和器材制造业,其他电气机械及器材制造,其他未列明电气机械及器材制造,其他技术推广服务",80.0,enterprise,true,approved,tianxiagongchang.com,4026603,https://www.tianxiagongchang.com/detail/4026603_hua-de-ye-ya-ji-shu-you-xian-ze-ren-gong-si,气动元件,9113010132022787X6,2015-01-15,http://www.hdyyjs.com,11,1,"存续,真实工厂","液压动力机械及元件制造,电气机械和器材制造业,其他电气机械及器材制造,其他未列明电气机械及器材制造,其他技术推广服务",2026-09-15T16:08:20.726521+00:00
诚信阀门有限公司,隆尧县魏家庄镇魏家庄村,河北省,邢台市,隆尧县,"阀门,球阀,截止阀,止回阀,闸阀",张**,00000000000,5600.0,5600万人民币,存续,,"阀门和旋塞制造,其他金属工具制造",80.0,enterprise,true,approved,tianxiagongchang.com,5122,https://www.tianxiagongchang.com/detail/5122_cheng-xin-fa-men-you-xian-gong-si,阀门,911305257777010689,2005-03-25,http://www.chengxinfm.com,37,1,"存续,真实工厂,曾用名,隆尧县诚信阀门有限公司 隆尧诚信阀门有限公司","阀门和旋塞制造,其他金属工具制造",2026-09-15T16:08:20.726521+00:00
南通捷瑞阀门有限公司,江苏省南通市通州区刘桥镇东大街35号,江苏省,南通市,通州区,"减温减压装置,机械设备,型截止阀,低压闸阀,高温高压试验阀,火电站锅炉水压试验阀,制造,中,仪器仪表销售,截止阀,销售,止回阀,Y,铸件,水力控制阀,阀门设计,各类商品和技术的进出口业务,高,机电产品",徐**,00000000000,8594.5,8594.5万人民币,存续,,"黑色金属铸造,阀门和旋塞制造,锅炉及辅助设备制造",80.0,enterprise,true,approved,tianxiagongchang.com,32601,https://www.tianxiagongchang.com/detail/32601_nan-tong-jie-rui-fa-men-you-xian-gong-si,阀门,9132061272518568XN,2001-02-20,http://www.ntvalve.cn,24,1,"存续,真实工厂,曾用名,克瑞阀门（南通）有限公司","黑色金属铸造,阀门和旋塞制造,锅炉及辅助设备制造",2026-09-15T16:08:20.726521+00:00
天津雷泰克斯阀门有限公司,天津市北辰区天津陆路港物流装备产业园西堤头分园泰康路17号,天津市,天津市,北辰区,"氟橡胶,U型法兰蝶阀,4529脱硫板,304L,机加工,乙丙,阀门开发和制造,双法兰蝶阀,蝶式止回阀,316L,蝶阀橡胶密封件,阀门配件加工,316,LT型凸耳式蝶阀,大口径软密封蝶阀,夹蝶阀,橡胶阀座,橡胶阀门制造,五金水暖件,软硬靠背,球板,304,工业水系统阀门类相关产品,数控机床,丁腈",翟**,00000000000,5500.0,5500万人民币,存续,,"橡胶零件制造,泵及真空设备制造",80.0,enterprise,true,approved,tianxiagongchang.com,40244,https://www.tianxiagongchang.com/detail/40244_tian-jin-lei-tai-ke-si-fa-men-you-xian-gong-si,阀门,911201135723052565,2011-03-31,,7,1,"存续,真实工厂","橡胶零件制造,泵及真空设备制造",2026-09-15T16:08:20.726521+00:00
安徽省屯溪高压阀门股份有限公司,安徽省黄山市经济开发区梅林大道55号,安徽省,黄山市,屯溪区,"锻钢阀,抗流阀,管线球阀,全焊接管线球阀,高中压阀门,波纹管阀门,经权威部门检测,低温阀,闸阀,平板闸阀",余*,00000000000,11371.7,11371.7万人民币,存续,,阀门和旋塞制造,80.0,enterprise,true,approved,tianxiagongchang.com,200385,https://www.tianxiagongchang.com/detail/200385_an-hui-sheng-tun-xi-gao-ya-fa-men-gu-fen-you-xian-gong-si,阀门,91341000791855864C,2006-07-20,http://www.tunfa.com,49,1,"存续,真实工厂,曾用名,安徽省屯溪高压阀门有限公司",阀门和旋塞制造,2026-09-15T16:08:20.726521+00:00
辽宁金易合阀门有限公司,辽宁省朝阳喀左经济开发区端正村,辽宁省,朝阳市,朝阳县,"阀门,水暖管件,五金,交电制造、销售,铸造、锻造,机加工,普通货运",李**,00000000000,6000.0,6000万人民币,存续,,"黑色金属铸造,阀门和旋塞制造",80.0,enterprise,true,approved,tianxiagongchang.com,202073,https://www.tianxiagongchang.com/detail/202073_liao-ning-jin-yi-he-fa-men-you-xian-gong-si,阀门,91211324MA0YFCQ161,2019-02-22,,3,1,"存续,真实工厂","黑色金属铸造,阀门和旋塞制造",2026-09-15T16:08:20.726521+00:00
亿顺通阀门集团有限公司,浙江省温州市龙湾区永中街道天中路1218号,浙江省,温州市,龙湾区,"阀门,金属制品,管道配件,止回阀,货物进出口,技术进出口,蝶阀,截止阀,管件,闸阀,球阀",何**,00000000000,5199.0,5199万人民币,存续,,阀门和旋塞制造,80.0,enterprise,true,approved,tianxiagongchang.com,257751,https://www.tianxiagongchang.com/detail/257751_yi-shun-tong-fa-men-ji-tuan-you-xian-gong-si,阀门,913303033075694378,2014-07-21,http://www.zgzhf.com,8,2,"存续,真实工厂,曾用名,温州市亿顺通阀门有限公司 浙江亿顺通阀门有限公司",阀门和旋塞制造,2026-09-15T16:08:20.726521+00:00
浙江智汇自控阀门有限公司,浙江省温州市永嘉县瓯北街道浦二社区瓯北大道838号（浙江永久皮件有限公司内）,浙江省,温州市,永嘉县,"技术进出口,五金产品制造,技术咨询,技术转让,汽车零部件及配件制造,机械设备,五金产品批发,技术交流,货物进出口,技术服务,针纺织品销售,建筑材料销售,零部件销售,零部件加工,技术开发,新能源汽车整车销售,汽车新车销售,阀门,机械零件,技术推广,机械设备销售,汽车零配件批发",储**,00000000000,10580.0,10580万人民币,存续,,"泵、阀门、压缩机及类似机械制造,其他未列明制造业",80.0,enterprise,true,approved,tianxiagongchang.com,281024,https://www.tianxiagongchang.com/detail/281024_zhe-jiang-zhi-hui-zi-kong-fa-men-you-xian-gong-si,阀门,913303246784357024,2008-08-12,http://www.znvek.com,21,1,"存续,真实工厂,曾用名,浙江智诺自控阀门有限公司 永嘉正鑫阀门控制有限公司","泵、阀门、压缩机及类似机械制造,其他未列明制造业",2026-09-15T16:08:20.726521+00:00
凯泰阀门（集团）有限公司,宝山城市工业园区丰翔路1675号,上海市,上海市,宝山区,"截止阀,球阀,碟阀,流量控制阀,其他阀门,闸阀,水利控制阀,蝶阀,止回阀",杨**,00000000000,15100.0,15100万人民币,存续,,"阀门和旋塞制造,日用化工专用设备制造",80.0,enterprise,true,approved,tianxiagongchang.com,333729,https://www.tianxiagongchang.com/detail/333729_kai-tai-fa-men-ji-tuan-you-xian-gong-si,阀门,91310000631236941E,1998-11-02,http://www.ktvalve.com,49,2,"存续,真实工厂,曾用名,上海凯泰阀门有限公司","阀门和旋塞制造,日用化工专用设备制造",2026-09-15T16:08:20.726521+00:00
福建省九晟阀门科技有限公司,福建省泉州市南安市英都镇恒阪阀门基地,福建省,泉州市,南安市,"高中低压阀门,电站阀门,仪表阀门,阀门器材及配件,铸件,消防设备,阀门驱动装置设计,货物或技术进出口",洪**,00000000000,12000.0,12000万人民币,存续,,"阀门和旋塞制造,其他通用设备制造业",80.0,enterprise,true,approved,tianxiagongchang.com,361763,https://www.tianxiagongchang.com/detail/361763_fu-jian-sheng-jiu-cheng-fa-men-ke-ji-you-xian-gong-si,阀门,91350583MA32JNBC99,2019-03-13,http://www.jiushengfm.com,3,3,"存续,真实工厂","阀门和旋塞制造,其他通用设备制造业",2026-09-15T16:08:20.726521+00:00
良正阀门有限公司,江苏省常州市钟楼区新龙路150号,江苏省,常州市,新北区,"消防阀门,中型阀门",颜**,00000000000,10098.0,10098万人民币,存续,,阀门和旋塞制造,80.0,enterprise,true,approved,tianxiagongchang.com,362572,https://www.tianxiagongchang.com/detail/362572_liang-zheng-fa-men-you-xian-gong-si,阀门,91320411746804750X,2003-03-14,https://www.lzvalve.com,40,1,"存续,真实工厂,曾用名,江苏良正阀门有限公司 常州市良阀阀门销售有限公司",阀门和旋塞制造,2026-09-15T16:08:20.726521+00:00
青蛙泵业股份有限公司,浙江省台州市黄岩区联丰螺屿工业区,浙江省,台州市,黄岩区,"深井多级潜水泵,VIS视觉识别系统,“青蛙”牌“农用泵”",金**,00000000000,7500.0,7500万人民币,存续,,"泵、阀门、压缩机及类似机械制造,制浆和造纸专用设备制造",80.0,enterprise,true,approved,tianxiagongchang.com,25553,https://www.tianxiagongchang.com/detail/25553_qing-wa-beng-ye-gu-fen-you-xian-gong-si,泵,91331003052817928F,2012-08-09,https://www.qingwapump.com/home.aspx,6,1,"存续,真实工厂,曾用名,青蛙泵业有限公司","泵、阀门、压缩机及类似机械制造,制浆和造纸专用设备制造",2026-09-15T16:08:20.726521+00:00
元井泵业有限公司,浙江省台州市温岭市大溪镇东岸村（温岭市大溪镇东岸村股份经济合作社内2号楼一楼（西面间）、二楼（西面间）、四楼）,浙江省,台州市,温岭市,"泵及配件,电机及配件（以上两项均不含许可类项目）,电焊机,清洗机,切割机,振动器,鼓风机,空压机,食品机械,污水处理设备,电子设备制造,软件开发,货物进出口,技术进出口",鲍**,00000000000,5088.0,5088万人民币,存续,,泵及真空设备制造,80.0,enterprise,true,approved,tianxiagongchang.com,72702,https://www.tianxiagongchang.com/detail/72702_yuan-jing-beng-ye-you-xian-gong-si,泵,91331081MA2AK1L64J,2017-09-06,http://www.yokingpumps.com/en_us/index.html,4,2,"存续,真实工厂,曾用名,浙江优景泵业有限公司",泵及真空设备制造,2026-09-15T16:08:20.726521+00:00
江苏江大泵业制造有限公司,泰兴市虹桥工业园区,江苏省,泰州市,泰兴市,"工程技术咨询服务,泵阀制造,高温化工泵,油脂泵,机械加工,自营和代理各类商品及技术的进出口业务,高温泵",蔡**,00000000000,5800.0,5800万人民币,存续,,"黑色金属铸造,泵、阀门、压缩机及类似机械制造",80.0,enterprise,true,approved,tianxiagongchang.com,209449,https://www.tianxiagongchang.com/detail/209449_jiang-su-jiang-da-beng-ye-zhi-zao-you-xian-gong-si,泵,91321283782054213K,2005-11-09,,47,1,"存续,真实工厂","黑色金属铸造,泵、阀门、压缩机及类似机械制造",2026-09-15T16:08:20.726521+00:00
海城三鱼泵业有限公司,辽宁省鞍山市海城市经济开发区松花江路8号,辽宁省,鞍山市,海城市,"民用水泵,泵与阀门排灌喷灌机械",戴**,00000000000,10000.0,10000万人民币,存续,,"泵及真空设备制造,制浆和造纸专用设备制造",80.0,enterprise,true,approved,tianxiagongchang.com,213601,https://www.tianxiagongchang.com/detail/213601_hai-cheng-san-yu-beng-ye-you-xian-gong-si,泵,91210381241650098C,1996-02-01,http://www.sanyupump.cn,23,2,"存续,真实工厂,曾用名,海城市三鱼泵业有限公司","泵及真空设备制造,制浆和造纸专用设备制造",2026-09-15T16:08:20.726521+00:00
安徽省天马泵阀集团有限公司,安徽省天长市天长经济开发区天马路1号,安徽省,滁州市,天长市,"“华河”“天马“牌系列泵,不锈钢系列产品,医药专用泵阀,印刷,替污泵,除石机,氧气专用阀,齿轮泵,气动,氟合金泵,球阀,旋流器,疏水阀,热水泵,各种电动,造纸专用泵阀,淀粉专用泵阀,管道泵,排污阀,泵用机械密封,液下泵,排污泵,旋塞阀,渣浆泵,化工泵,马钢2500m3高炉专用泵阀,闸阀,电机,耐腐蚀泵,通道式浆泵,包装,液动阀门,马钢焦炉专用泵阀,焦油泵,低扬程泵,高温浓浆泵,清水泵,蝶阀,阀,无堵塞药液泵,单级双吸离心泵,消沫泵,泵阀产品,轴流泵,截止阀",王**,00000000000,22868.0,22868万人民币,存续,,"黑色金属铸造,泵、阀门、压缩机及类似机械制造",80.0,enterprise,true,approved,tianxiagongchang.com,239425,https://www.tianxiagongchang.com/detail/239425_an-hui-sheng-tian-ma-beng-fa-ji-tuan-you-xian-gong-si,泵,913411817585110664,2003-12-08,http://www.ahtmbv.cn,62,1,"存续,真实工厂,曾用名,安徽省天马泵阀有限责任公司","黑色金属铸造,泵、阀门、压缩机及类似机械制造",2026-09-15T16:08:20.726521+00:00
江苏新泰泵阀制造有限公司,靖江市新桥镇工业园区,江苏省,泰州市,靖江市,"CD4MCu,聚乙烯,1Cr18Ni9Ti,聚丙烯,蚀化工泵,904,耐腐耐磨合金,交通工具,汽车,哈氏合金,316L",郑*,00000000000,10158.0,10158万人民币,存续,,"泵、阀门、压缩机及类似机械制造,其他未列明专业技术服务业",80.0,enterprise,true,approved,tianxiagongchang.com,261552,https://www.tianxiagongchang.com/detail/261552_jiang-su-xin-tai-beng-fa-zhi-zao-you-xian-gong-si,泵,913212826087750077,1995-05-24,http://www.jsxintai.cn,41,3,"存续,真实工厂,曾用名,靖江市新泰泵业有限公司 靖江市新星不锈钢有限公司","泵、阀门、压缩机及类似机械制造,其他未列明专业技术服务业",2026-09-15T16:08:20.726521+00:00
上海长征泵阀（集团）有限公司,上海市嘉定区安亭镇黄渡春浓路312号,上海市,上海市,嘉定区,"阀门测试装置,化工离心泵,节能水泵科研设计,水泵节能,立式离心泵,自吸离心泵,循环水泵,循环泵,中开节能泵,机械及行业设备,氟塑料化工泵,纸浆泵,节能离心泵,化工泵,磁力离心泵,隔膜泵,氟塑料离心泵,自吸泵,上海磁力泵,耐腐蚀自吸泵,节能泵,耐腐蚀化工泵,氟塑料自吸泵,NGCQ耐高温磁力泵,离心水泵,耐腐蚀离心泵,微型磁力泵,气动隔膜泵,离心泵,卧式离心泵,离心泵产品,无堵塞纸浆泵,阀门,不锈钢自吸泵,管道离心泵,电动隔膜泵,阀门经验的长征泵阀,不锈钢离心泵,磁力泵,节能中开泵,化工泵厂家,节能双吸泵,节能水泵,水泵,多级离心泵,纸浆泵厂家,自吸排污泵,自吸磁力泵,单吸双吸泵,环保设备,电气设备",金**,00000000000,10800.0,10800万人民币,存续,,"泵、阀门、压缩机及类似机械制造,泵及真空设备制造",80.0,enterprise,true,approved,tianxiagongchang.com,263193,https://www.tianxiagongchang.com/detail/263193_shang-hai-chang-zheng-beng-fa-ji-tuan-you-xian-gong-si,泵,9131000070348075XW,2001-07-28,http://www.shchangzheng.com,29,4,"存续,真实工厂,曾用名,上海长征泵阀有限公司","泵、阀门、压缩机及类似机械制造,泵及真空设备制造",2026-09-15T16:08:20.726521+00:00
天昊泵业集团有限公司,河北省沧州市青县经济开发区南区,河北省,沧州市,青县,"柴油机水泵机组,水泵,电控柜,高效无堵塞排污泵,环保设备,潜水轴流泵,中开泵,电气控制柜,移动喷灌设备,混流泵,机械设备,机械加工,离心泵,阀门,电动机,深井泵,全自动给水系统,自吸泵,潜水泵",孙**,00000000000,11800.0,11800万人民币,存续,,"泵及真空设备制造,制浆和造纸专用设备制造",80.0,enterprise,true,approved,tianxiagongchang.com,312166,https://www.tianxiagongchang.com/detail/312166_tian-hao-beng-ye-ji-tuan-you-xian-gong-si,泵,91130922329809649N,2014-12-26,http://www.thbyjt.com,84,2,"存续,真实工厂,曾用名,天昊泵业有限公司","泵及真空设备制造,制浆和造纸专用设备制造",2026-09-15T16:08:20.726521+00:00
河北巨神泵业有限公司,安国市石佛水泵工业区,河北省,保定市,安国市,"阀门,维修及保养,五金交电的销售,多级泵等,电线电缆,卧式管道泵,水泵的安装,水利工程施工,中开泵,加工,泵,电机,销售,机电设备及配件的制造,管道泵,设计,橡胶制品,渣浆泵,机械设备及配件的销售与维修,轴承",刘**,00000000000,6000.0,6000万人民币,存续,,"泵及真空设备制造,黑色金属铸造",80.0,enterprise,true,approved,tianxiagongchang.com,321193,https://www.tianxiagongchang.com/detail/321193_he-bei-ju-shen-beng-ye-you-xian-gong-si,泵,91130683700678197G,1998-04-14,http://www.hbjsby.com,22,1,"存续,真实工厂,曾用名,安国市矿冶水泵制造有限公司 安国矿冶水泵制造有限公司","泵及真空设备制造,黑色金属铸造",2026-09-15T16:08:20.726521+00:00
河北汇通泵业有限公司,安国市南阳工业区,河北省,保定市,安国市,"ＷＧＦ,ＩＳ,ＳＨ,ＩＳＧ,泥浆泵,耐磨材料,ＰＮＬ,ＨＨ,ＡＨ,ＩＳＲ,ＩＨ,杂质泵,ＱＷ,渣浆泵,纸浆泵,泵类产品,ＫＣ型渣浆泵,防腐泵,ＰＳ,磨损机理,Ｓ,ＺＪ,Ｄ］ＤＧ,污水泵,ＩＳＬ,水泵性能,ＰＨ,清水泵设计理论,清水泵,ＰＮ,ＤＬ,ＳＰＲ,自吸泵,ＡＦＢ,Ｍ,ＳＰ,ＬＸＬ－Ｚ,多级泵,ＰＷ,ＫＡ,ＰＷＬ,ＧＣ,ＦＢ,ＷＧ,ＤＡ,ＺＧＢ",王**,00000000000,9000.0,9000万人民币,存续,,泵及真空设备制造,80.0,enterprise,true,approved,tianxiagongchang.com,321362,https://www.tianxiagongchang.com/detail/321362_he-bei-hui-tong-beng-ye-you-xian-gong-si,泵,91130683667729959F,2007-10-25,http://23711218.1024sj.com,34,3,"存续,真实工厂",泵及真空设备制造,2026-09-15T16:08:20.726521+00:00
浙江大洋风机有限公司,浙江省台州市温岭市东部新区二十六街17号（2幢、3幢）,浙江省,台州市,温岭市,"风机,机械配件,公共关系服务,技术推广,企业管理,企业策划,制造,经济贸易咨询,货物进出口,烟草制品零售,发布广告,设计,销售医疗器械I类,电脑图文设计,酒类经营,票务代理,电脑动画设计,代理,技术进出口,泵,技术服务,会议服务,包装装潢设计服务,制作,汽车配件,技术转让,文艺创作,企业管理咨询,产品设计,食用农产品,电机研发,市场营销策划,组织文化艺术交流活动,电器配件制造,承办展览展示活动,模型设计服务,机动车公共停车场服务,文化咨询,销售,技术开发,食品经营,制冷设备配件,市场调查,技术咨询,加工",陈**,00000000000,5188.0,5188万人民币,存续,,"烘炉、风机、包装等设备制造,风机、风扇制造",80.0,enterprise,true,approved,tianxiagongchang.com,23190,https://www.tianxiagongchang.com/detail/23190_zhe-jiang-da-yang-feng-ji-you-xian-gong-si,风机,91331081MA28GCX16R,2016-04-21,http://www.dyjd.net,10,1,"存续,真实工厂,曾用名,台州敬洋机电科技有限公司","烘炉、风机、包装等设备制造,风机、风扇制造",2026-09-15T16:08:20.726521+00:00
浙江越舜风机有限公司,浙江省绍兴市上虞区曹娥街道工业园区越窑路,浙江省,绍兴市,上虞区,"排烟阀,风口,消声器,防火阀,各类风机,风机风口防火阀排烟口",杨**,00000000000,5188.0,5188万人民币,存续,,"风机、风扇制造,制冷、空调设备制造",80.0,enterprise,true,approved,tianxiagongchang.com,329611,https://www.tianxiagongchang.com/detail/329611_zhe-jiang-yue-shun-feng-ji-you-xian-gong-si,风机,91330604773146570X,2005-04-21,https://www.syysfj.com,33,2,"存续,真实工厂,曾用名,上虞越舜通风设备有限公司","风机、风扇制造,制冷、空调设备制造",2026-09-15T16:08:20.726521+00:00
山东华东风机有限公司,山东省济南市章丘区绣惠街道太平工业园,山东省,济南市,章丘区,"环保,HMGB磁悬浮高速离心鼓风机,HDC系列铸造多级离心鼓风机,HDB系列单级高速离心鼓风机,HDGR,HD系列回转式鼓风机,HD系列动叶可调轴流式风机,HDR二叶系列罗茨鼓风机,HDL,工业用离心式风机,静叶可调轴流式风机,MVR蒸汽压缩机,HG三叶系列罗茨鼓风机,HDLH,水处理",李**,00000000000,10525.0,10525万人民币,存续,,"风机、风扇制造,拖拉机制造",80.0,enterprise,true,approved,tianxiagongchang.com,561832,https://www.tianxiagongchang.com/detail/561832_shan-dong-hua-dong-feng-ji-you-xian-gong-si,风机,91370181553744181Q,2010-07-20,http://www.hdfj11.com,220,2,"存续,真实工厂,曾用名,济南市华东风机有限公司","风机、风扇制造,拖拉机制造",2026-09-15T16:08:20.726521+00:00
绍兴上虞建立风机有限公司,浙江省绍兴市上虞区上浦镇104国道东侧,浙江省,绍兴市,上虞区,"风机,风扇制造,通用设备制造（不含特种设备制造）,制冷、空调设备制造,制冷、空调设备销售,风机、风扇销售",章*,00000000000,5080.0,5080万人民币,存续,,风机、风扇制造,80.0,enterprise,true,approved,tianxiagongchang.com,1176165,https://www.tianxiagongchang.com/detail/1176165_shao-xing-shang-yu-jian-li-feng-ji-you-xian-gong-si,风机,91330604MA7G3RL75Q,2022-01-06,http://www.syjlfj.com.cn,4,1,"存续,真实工厂",风机、风扇制造,2026-09-15T16:08:20.726521+00:00
重庆通用风机有限公司,重庆市渝北区龙溪街道龙脊路1号建材大厦1幢5-8,重庆市,重庆市,渝北区,"高温风机,窑尾引风机,通风机,鼓风机,矿热炉风机",王*,00000000000,6000.0,6000万人民币,存续,,"风机、风扇制造,电气设备批发",80.0,enterprise,true,approved,tianxiagongchang.com,1602220,https://www.tianxiagongchang.com/detail/1602220_chong-qing-tong-yong-feng-ji-you-xian-gong-si,风机,91500105203047378E,1994-11-16,http://www.cgfc.com.cn,15,1,"存续,真实工厂","风机、风扇制造,电气设备批发",2026-09-15T16:08:20.726521+00:00
浙江中集马尔风机有限公司,浙江省海宁市长安镇创业路333号,浙江省,嘉兴市,海宁市,"单相电容运转电机,水泵,制冷设备制造,有叁相电机,节能电机,节能型EC风机,经营本企业自产产品的出口业务和本企业所需的机械设备,微电机,YWF系列外转子电机,原辅材料及技术的进口业务,电动机,加工,风机,罩极电机,外转子电机,零配件,电工专用机械及器材",樊**,00000000000,5797.1,5797.1014万人民币,存续,,风机、风扇制造,80.0,enterprise,true,approved,tianxiagongchang.com,1692333,https://www.tianxiagongchang.com/detail/1692333_zhe-jiang-zhong-ji-ma-er-feng-ji-you-xian-gong-si,风机,91330481575342044Y,2011-05-27,http://www.zjmaerfj.com,12,2,"存续,真实工厂,曾用名,浙江马尔风机有限公司",风机、风扇制造,2026-09-15T16:08:20.726521+00:00
绍兴上虞九阳风机有限公司,浙江省绍兴市上虞区曹娥街道舜耕大道西段1167号,浙江省,绍兴市,上虞区,"防火阀门及风口,风机控制系统,环保制造设备,销售,消防排烟设备,暖通空调成套设备及配件,风机风冷设备,通风管道制造",陈*,00000000000,5239.88,5239.88万人民币,存续,,风机、风扇制造,80.0,enterprise,true,approved,tianxiagongchang.com,1795312,https://www.tianxiagongchang.com/detail/1795312_shao-xing-shang-yu-jiu-yang-feng-ji-you-xian-gong-si,风机,91330604576538209E,2011-06-15,http://www.joyangfan.com9yfj.com,19,1,"存续,真实工厂,曾用名,上虞九阳风机有限公司",风机、风扇制造,2026-09-15T16:08:20.726521+00:00
淄博风机厂有限公司,山东省淄博市周村区南郊镇吴家村,山东省,淄博市,周村区,"矿用风机,礼品,矿山风机,离心风机,工艺品,轴流风机,玩具",王**,00000000000,7800.0,7800万人民币,存续,,风机、风扇制造,80.0,enterprise,true,approved,tianxiagongchang.com,1821730,https://www.tianxiagongchang.com/detail/1821730_zi-bo-feng-ji-chang-you-xian-gong-si,风机,91370306164361988W,1981-11-20,http://www.zbfengji.cn,123,4,"存续,真实工厂,曾用名,淄博岳尔风机有限公司 山东岳尔风机有限公司 淄博风机厂",风机、风扇制造,2026-09-15T16:08:20.726521+00:00
浙江汉丰风机有限公司,绍兴市上虞区章镇工业功能区西区,浙江省,绍兴市,上虞区,"环保设备制造,风机风冷设备,安装,通用机械的销售,暖通空调配件,销售,技术咨询,通风工程设计",姚**,00000000000,5018.0,5018万人民币,存续,,"风机、风扇制造,阀门和旋塞制造",80.0,enterprise,true,approved,tianxiagongchang.com,1856901,https://www.tianxiagongchang.com/detail/1856901_zhe-jiang-han-feng-feng-ji-you-xian-gong-si,风机,91330604781841880K,2005-11-17,http://www.hfrt.cncnhffj.com,24,1,"存续,真实工厂,曾用名,上虞市汉丰暖通技术有限公司","风机、风扇制造,阀门和旋塞制造",2026-09-15T16:08:20.726521+00:00
宜兴市侨联风机有限公司,宜兴市徐舍镇民北路261号,江苏省,无锡市,宜兴市,"除尘设备,消声设备制造,风机",宗*,00000000000,5500.0,5500万人民币,存续,,风机、风扇制造,80.0,enterprise,true,approved,tianxiagongchang.com,2126296,https://www.tianxiagongchang.com/detail/2126296_yi-xing-shi-qiao-lian-feng-ji-you-xian-gong-si,风机,9132028214290091X8,1984-12-08,,7,1,"存续,真实工厂,曾用名,宜兴县侨联风机厂 宜兴市侨联风机厂",风机、风扇制造,2026-09-15T16:08:20.726521+00:00
青岛万宝压缩机有限公司,山东省青岛市黄岛区前湾港路502号,山东省,青岛市,黄岛区,"设计,安装调试,冰箱用压缩机,压缩机,制冷压缩机和制冷设备的设计,研发,生产制冷压缩机,中央空调设备及相关产品,制冷设备",胡*,00000000000,10254.8,10254.8万人民币,存续,,"泵及真空设备制造,其他通用设备制造业",80.0,enterprise,true,approved,tianxiagongchang.com,70164,https://www.tianxiagongchang.com/detail/70164_qing-dao-wan-bao-ya-suo-ji-you-xian-gong-si,压缩机,91370211773527226C,2005-06-17,,39,1,"存续,真实工厂,曾用名,青岛宝兰格制冷有限公司","泵及真空设备制造,其他通用设备制造业",2026-09-15T16:08:20.726521+00:00
沈阳佳信压缩机制造有限公司,沈阳市于洪区于洪乡丁香村,辽宁省,沈阳市,于洪区,"4M50新氢压缩机,连杆,十字头,气阀,200万t,空气动力用压缩机,各种进口压缩机安装,压缩机及配件制造,轴瓦,冷却器,曲轴,调试,Z,a渣油脱硫装置4M80型新氢压缩机,D型几十种基础系列产品,进口压缩机零部件,压缩机生产制造,活塞杆,压缩机配件,L",郭**,00000000000,13000.0,13000万人民币,存续,,"气体压缩机械制造,泵、阀门、压缩机及类似机械制造",80.0,enterprise,true,approved,tianxiagongchang.com,1291102,https://www.tianxiagongchang.com/detail/1291102_shen-yang-jia-xin-ya-suo-ji-zhi-zao-you-xian-gong-si,压缩机,9121010069652459XY,2009-11-30,http://syjxysj.com,16,1,"存续,真实工厂","气体压缩机械制造,泵、阀门、压缩机及类似机械制造",2026-09-15T16:08:20.726521+00:00
四川大川压缩机有限责任公司,简阳市简城建设西路,四川省,成都市,简阳市,"设计,通用机械,泥浆泵制造,锻件,制造,高压容器,技术服务,钻井工具,中压容器设计,安装,成套设备,塑料机械,三类低,热处理件制造,配件及上述产品相关的技术咨询,销售,销售及钻井工程技术服务,调试：气体压缩机,进出口业务,铸件",罗**,00000000000,5693.0,5693万人民币,存续,,"气体压缩机械制造,印刷专用设备制造",80.0,enterprise,true,approved,tianxiagongchang.com,1644335,https://www.tianxiagongchang.com/detail/1644335_si-chuan-da-chuan-ya-suo-ji-you-xian-ze-ren-gong-si,压缩机,915120817623468683,2004-08-25,,52,5,"存续,真实工厂","气体压缩机械制造,印刷专用设备制造",2026-09-15T16:08:20.726521+00:00
襄阳华远汽车涡旋压缩机技术有限公司,襄阳市高新区团山镇商贸小区,湖北省,襄阳市,樊城区,"推广,涡旋机械制造,货物及技术进出口,汽车涡旋增压泵,汽车涡旋空调压缩机,汽车涡旋增压泵的技术研究,汽车涡旋零部件加工,合作",陈*,00000000000,10000.0,10000万人民币,存续,,"气体压缩机械制造,其他未列明商务服务业",80.0,enterprise,true,approved,tianxiagongchang.com,1768345,https://www.tianxiagongchang.com/detail/1768345_xiang-yang-hua-yuan-qi-che-wo-xuan-ya-suo-ji-ji-shu-you-xian-gong-si,压缩机,91420600741775815X,2002-09-19,,6,1,"存续,真实工厂,曾用名,襄樊华远汽车涡旋压缩机技术有限公司","气体压缩机械制造,其他未列明商务服务业",2026-09-15T16:08:20.726521+00:00
安庆卡尔特压缩机有限公司,安徽省安庆市大观区十里乡腈北路8号,安徽省,安庆市,大观区,"空气后处理设备,机械及行业设备,空气系统解决方案,全无油活塞式空压机,滑片式空气压缩机,螺杆空气压缩机,矿山工程机械设备,空气压缩机系统设备",徐*,00000000000,6002.0,6002万人民币,存续,,气体压缩机械制造,80.0,enterprise,true,approved,tianxiagongchang.com,2699697,https://www.tianxiagongchang.com/detail/2699697_an-qing-ka-er-te-ya-suo-ji-you-xian-gong-si,压缩机,91340800571769702E,2011-03-28,http://www.cartcompressor.net.cn,48,2,"存续,真实工厂",气体压缩机械制造,2026-09-15T16:08:20.726521+00:00
武汉凌达压缩机有限公司,武汉经济技术开发区全力北路188号,湖北省,武汉市,蔡甸区,"生产和销售电冰箱压缩机,压缩机电机及泵体零部件,小型空调机,配套压缩机,本公司产品及技术进出口,金属冲压件,真空泵,压缩机来料加工,除湿机压缩机,空调压缩机",方**,00000000000,3000.0,3000万人民币,存续,,气体压缩机械制造,80.0,enterprise,true,approved,tianxiagongchang.com,199666,https://www.tianxiagongchang.com/detail/199666_wu-han-ling-da-ya-suo-ji-you-xian-gong-si,压缩机,91420100574915656Q,2011-05-17,,22,1,"存续,真实工厂",气体压缩机械制造,2026-09-15T16:08:20.726521+00:00
湖北安亿压缩机有限公司,钟祥市经济开发区西环四路,湖北省,荆门市,钟祥市,"国内贸易,安装及维护,冷冻干燥机,空气变频压缩机系统设备,管路铺设施工,精密过滤器,空气压缩机设备租赁及节能改造,压力容器生产,机电设备销售,螺杆空气压缩机,气体管道加工销售,销售,空气净化设备,热能回收设备,空气压缩机,系统设施安装,进出口业务",季**,00000000000,2000.0,2000万人民币,存续,,"气体压缩机械制造,印刷专用设备制造",80.0,enterprise,true,approved,tianxiagongchang.com,233367,https://www.tianxiagongchang.com/detail/233367_hu-bei-an-yi-ya-suo-ji-you-xian-gong-si,压缩机,91420881077009943M,2013-08-26,,13,1,"存续,真实工厂","气体压缩机械制造,印刷专用设备制造",2026-09-15T16:08:20.726521+00:00
江苏德澳压缩机制冷技术有限公司,镇江市丹徒区新城瑞山东路9号,江苏省,镇江市,丹徒区,"压缩机主机,成套设备,配件,节能环保设备研发、生产、销售和相关技术服务,泵、阀门,压缩机及类似机械的制造,机电设备,通用机械,泵、阀,电子零件,家电设备,装潢五金的加工及销售,自营和代理各类商品及技术的进出口业务,电子产品销售,计算机软硬件及辅助设备零售,专业设计服务,机械设备租赁,非居住房地产租赁,土地使用权租赁,住房租赁",王*,00000000000,5000.0,5000万人民币,存续,,"气体压缩机械制造,技术推广服务",80.0,enterprise,true,approved,tianxiagongchang.com,237957,https://www.tianxiagongchang.com/detail/237957_jiang-su-de-ao-ya-suo-ji-zhi-leng-ji-shu-you-xian-gong-si,压缩机,91321112MA1WRFF368,2018-06-26,,17,1,"存续,真实工厂","气体压缩机械制造,技术推广服务",2026-09-15T16:08:20.726521+00:00
河北铭特压缩机设备有限公司,河北省沧州市任丘市经济开发区光华路南侧,河北省,沧州市,任丘市,"空气压缩机,螺杆式空气压缩机,离心式空气压缩机,气体压缩机,空气后处理设备,技术开发,技术咨询,技术转让,节能技术研发,技术推广,技术服务,机电设备安装,管道和设备安装,空气源热泵,水源热泵,货物及技术进出口",邱**,00000000000,5000.0,5000万人民币,存续,,"泵、阀门、压缩机及类似机械制造,气体压缩机械制造",80.0,enterprise,true,approved,tianxiagongchang.com,411478,https://www.tianxiagongchang.com/detail/411478_he-bei-ming-te-ya-suo-ji-she-bei-you-xian-gong-si,压缩机,91130982MA0FWPQQ1T,2020-12-22,,1,1,"存续,真实工厂","泵、阀门、压缩机及类似机械制造,气体压缩机械制造",2026-09-15T16:08:20.726521+00:00
温州荣德压缩机有限公司,温州农业新技术开发示范区,浙江省,温州市,鹿城区,"汽车配件,工矿机械配件,压缩机配件,销售：压缩机配件,压缩机,制造",郭**,00000000000,1008.0,1008万人民币,存续,,气体压缩机械制造,80.0,enterprise,true,approved,tianxiagongchang.com,561124,https://www.tianxiagongchang.com/detail/561124_wen-zhou-rong-de-ya-suo-ji-you-xian-gong-si,压缩机,91330303717605939H,1998-04-07,http://www.wzrongde.com,13,2,"存续,真实工厂,曾用名,温州市荣德气阀有限公司",气体压缩机械制造,2026-09-15T16:08:20.726521+00:00
西电济南变压器股份有限公司,济南市经十西路12517号,山东省,济南市,长清区,"干式变压器,特种变压器,大型变压器组部件,下电力变压器,变压器专业化制造,生产各种电力变压器",张**,00000000000,25387.51,25387.5085万人民币,存续,,"变压器、整流器和电感器制造,通信系统设备制造",80.0,enterprise,true,approved,tianxiagongchang.com,188443,https://www.tianxiagongchang.com/detail/188443_xi-dian-ji-nan-bian-ya-qi-gu-fen-you-xian-gong-si,变压器,9137000026717427X5,1993-03-16,,44,1,"存续,真实工厂,曾用名,济南志友集团股份有限公司 济南变压器集团股份有限公司","变压器、整流器和电感器制造,通信系统设备制造",2026-09-15T16:08:20.726521+00:00
宜昌昌耀变压器有限公司,宜昌市夷陵区夷兴大道166号,湖北省,宜昌市,夷陵区,"配电变压器,低压开关柜,低压开关柜宜昌昌耀变压器,10KV环网柜,高低压成套开关设备,干式变压器,高压开关柜,电力变压器,变压器,美式箱变,箱式变电站,欧式箱变",杨**,00000000000,6000.0,6000万人民币,存续,,"变压器、整流器和电感器制造,电机制造",80.0,enterprise,true,approved,tianxiagongchang.com,190590,https://www.tianxiagongchang.com/detail/190590_yi-chang-chang-yao-bian-ya-qi-you-xian-gong-si,变压器,91420506182630379A,1997-10-05,http://www.cy-ele.cn,9,1,"存续,真实工厂,曾用名,宜昌昌耀电器有限责任公司","变压器、整流器和电感器制造,电机制造",2026-09-15T16:08:20.726521+00:00
宜兴市兴益特种变压器有限公司,宜兴市万石镇机电产业园杨祥路8号,江苏省,无锡市,宜兴市,"家变压器质量监督检验中心检测,船用变压器,扩散炉专用变压器,真空浇铸罐,矿用变压器,风力发电变压器,移相滤波变压器,精炼炉变压器,半成品检测试验设备,整流变压器,电化学电解用整流变压器,静电除尘变压器,铝箔化成用调压整流变压器,单晶炉变压器,数控绕线机,电渣炉变压器,电抗器,工频炉变压器,精密数控硅钢片纵,横剪生产线,材料检测,变压器,电力变压器,磁性调压器,锡槽专用变压器,电弧炉变压器,传动用整流变压器,特种变压器,中频炉变压器,电炉变压器等,隔离变压器,斯考特变压器,励磁用整流变压器,矿热炉变压器,35KV及其以下单台容量为40000kVA的各种电炉变压器,电炉变压器,大电流变压器,全自动箔式绕线机,多晶还原炉变压器,全套出厂试验,铸定炉变压器,真空压力浸漆罐,盐浴炉变压器,真空干燥罐,各种绝缘件制造设备,玻璃电熔炉变压器",朱**,00000000000,11850.0,11850万人民币,存续,,"变压器、整流器和电感器制造,通信系统设备制造",80.0,enterprise,true,approved,tianxiagongchang.com,271309,https://www.tianxiagongchang.com/detail/271309_yi-xing-shi-xing-yi-te-zhong-bian-ya-qi-you-xian-gong-si,变压器,91320282749444797F,2003-06-04,https://www.yxtbc.com,20,1,"存续,真实工厂","变压器、整流器和电感器制造,通信系统设备制造",2026-09-15T16:08:20.726521+00:00
盐城威达变压器制造有限公司,盐城市盐都区龙冈镇龙腾路602号1幢,江苏省,盐城市,盐都区,"配电变压器,工矿电力设备,矿用电力变压器,SG10系列干式变压器,矿用隔爆干式变压器,矿用变压器,800-6300kVA负荷中心,低压成套设备,矿用隔爆型移动变电站,特种变压器",王**,00000000000,5238.0,5238万人民币,存续,,"变压器、整流器和电感器制造,其他电气机械及器材制造",80.0,enterprise,true,approved,tianxiagongchang.com,341049,https://www.tianxiagongchang.com/detail/341049_yan-cheng-wei-da-bian-ya-qi-zhi-zao-you-xian-gong-si,变压器,913209037890835947,2006-06-15,http://www.ycwdbyq.com,26,1,"存续,真实工厂","变压器、整流器和电感器制造,其他电气机械及器材制造",2026-09-15T16:08:20.726521+00:00
湖南鸿业变压器有限公司,湖南省衡阳市石鼓区松木经济开发区新安路13号,湖南省,衡阳市,石鼓区,"销售及安装服务,五金交电的销售,“防渗漏低压端子”,自营和代理各类商品和技术的进出口业务,矿热炉成套设备的制造,销售及安装维修,电炉变压器,整流变压器,强油水冷却器,低损耗节能电炉变压器,配电设备的生产,电力器材,电线电缆,配件服务,油水冷却器,“可完全解体油水冷却器,特种变压器,“特种变压器油箱,电力变压器,预装式变电站",聂**,00000000000,5088.0,5088万人民币,存续,,"变压器、整流器和电感器制造,通信系统设备制造",80.0,enterprise,true,approved,tianxiagongchang.com,620120,https://www.tianxiagongchang.com/detail/620120_hu-nan-hong-ye-bian-ya-qi-you-xian-gong-si,变压器,914304007580090338,2004-01-13,https://www.hydtb.com,10,3,"存续,真实工厂,曾用名,衡阳市鸿业电力特种变压器有限公司","变压器、整流器和电感器制造,通信系统设备制造",2026-09-15T16:08:20.726521+00:00
廊坊天华变压器制造有限公司,文安县苏桥镇崔家坊村,河北省,廊坊市,文安县,"变压器技术咨询服务,制造销售变压器及配件,电力变压器,修理变压器,预装箱式变电站,高低压开关柜,电线电缆,电磁线",黄**,00000000000,6000.0,6000万人民币,存续,,变压器、整流器和电感器制造,80.0,enterprise,true,approved,tianxiagongchang.com,673300,https://www.tianxiagongchang.com/detail/673300_lang-fang-tian-hua-bian-ya-qi-zhi-zao-you-xian-gong-si,变压器,91131026746876180R,2003-03-04,,5,1,"存续,真实工厂",变压器、整流器和电感器制造,2026-09-15T16:08:20.726521+00:00
宣城沈变变压器有限公司,安徽省宣城经济技术开发区创业路36号,安徽省,宣城市,宣州区,"变压器,整流器,电感器制造,机械电气设备制造,机械电气设备销售,机械零件、零部件加工,机械零件、零部件销售,信息技术咨询服务,非居住房地产租赁,道路货物运输（不含危险货物）",黄**,00000000000,6000.0,6000万人民币,存续,,变压器、整流器和电感器制造,80.0,enterprise,true,approved,tianxiagongchang.com,692671,https://www.tianxiagongchang.com/detail/692671_xuan-cheng-shen-bian-bian-ya-qi-you-xian-gong-si,变压器,91341800MA2T38AU4J,2018-09-20,,5,1,"存续,真实工厂",变压器、整流器和电感器制造,2026-09-15T16:08:20.726521+00:00
江苏威科变压器有限公司,海安开发区通榆南路69号,江苏省,南通市,海安市,"技术推广,技术服务,机械零件,技术转让,销售,变压器,经济贸易咨询,技术开发,技术咨询,电力变压器,箱式变电站,智能输配电及控制设备销售,维修服务,特种变压器,货物进出口,高低压成套开关设备的生产,经营本企业自产产品的出口业务,进出口代理,光伏设备及元器件制造,节能变压器,技术进出口,配电开关控制设备制造,配电开关控制设备研发,零部件销售,光伏设备及元器件销售,高低压成套开关设备配件的销售,机械设备租赁,电气成套设备组装,国内贸易代理,输配电及控制设备制造,电气安装服务,房屋租赁,国内货物运输代理,零部件加工",郭**,00000000000,10063.0,10063万人民币,存续,,变压器、整流器和电感器制造,80.0,enterprise,true,approved,tianxiagongchang.com,710151,https://www.tianxiagongchang.com/detail/710151_jiang-su-wei-ke-bian-ya-qi-you-xian-gong-si,变压器,9132062174683233XH,2003-03-11,http://www.vkedq.com,13,2,"存续,真实工厂,曾用名,南通威科电气有限公司",变压器、整流器和电感器制造,2026-09-15T16:08:20.726521+00:00
沧州华瑞变压器有限公司,河北省青县新兴镇马辛庄村南面,河北省,沧州市,青县,"硅整流设备制造,变压器,开关柜",回**,00000000000,5660.0,5660万人民币,存续,,"变压器、整流器和电感器制造,其他未列明通用设备制造业",80.0,enterprise,true,approved,tianxiagongchang.com,776345,https://www.tianxiagongchang.com/detail/776345_cang-zhou-hua-rui-bian-ya-qi-you-xian-gong-si,变压器,91130922760303119W,2004-03-16,http://www.czhrdq.cn,11,1,"存续,真实工厂","变压器、整流器和电感器制造,其他未列明通用设备制造业",2026-09-15T16:08:20.726521+00:00
萍乡市赣西变压器有限责任公司,江西省萍乡市上栗县赤山镇（上栗工业园）,江西省,萍乡市,上栗县,"35KV及以下电炉变压器,S11-M系列电力变压器,10KV高,电石炉变压器,矿用变压器,10KV低损耗S9型电力变压器,低压预装式变电站,低损耗S11叠片式电力变压器,电力变压器,综合性公司配电变压器",甘**,00000000000,5001.0,5001万人民币,存续,,"变压器、整流器和电感器制造,通信系统设备制造",80.0,enterprise,true,approved,tianxiagongchang.com,910966,https://www.tianxiagongchang.com/detail/910966_ping-xiang-shi-gan-xi-bian-ya-qi-you-xian-ze-ren-gong-si,变压器,91360322751108426K,2003-06-17,http://www.gxbyq.cn,13,1,"存续,真实工厂","变压器、整流器和电感器制造,通信系统设备制造",2026-09-15T16:08:20.726521+00:00
安康超美特科技股份有限公司,陕西省安康市高新技术产业开发区高新七路北端西北电子信息园,陕西省,安康市,汉滨区,"开关电源适配器,太阳能照明产品,儿童玩具,变压器,安防监控设备,医疗仪器设备及器械制造,计算机软件设计、制作、销售,节能照明产品,电子礼品系列,音频电子设备,智能穿戴系列,五金交电,电子产品,技术咨询、技术服务,智能小家电,LED照明灯,香薰加湿器,电感,儿童早教系列,电智能型平衡代步车,线圈及配件研发、生产及销售,电商产品系列,自营和代理商品及技术的进出口业务,广播系统设备,网络通信集成设备研发、生产及销售,蓝牙音箱系列,LED台灯,通讯设备,家用电器,技术开发,智能出行系列,工艺品（象牙及其制品除外）,塑胶制品,户外应急照明",王*,00000000000,10000.0,10000万人民币,存续,,"其他电子设备制造,其他仪器仪表制造业",80.0,enterprise,true,approved,tianxiagongchang.com,1687872,https://www.tianxiagongchang.com/detail/1687872_an-kang-chao-mei-te-ke-ji-gu-fen-you-xian-gong-si,电源适配器,91610900MA70P4DJ5P,2018-06-22,http://www.akcomate.com,8,1,"存续,真实工厂","其他电子设备制造,其他仪器仪表制造业",2026-09-15T16:08:20.726521+00:00
河南中云创光电科技股份有限公司,河南省驻马店市泌阳县产业集聚区北环路西段中云创办公大楼5楼,河南省,驻马店市,泌阳县,"五金,亮化工程设计,电源适配器,变压器,电脑配件,LED照明灯具,进出口业务,电子塑胶销售,其他",石**,00000000000,8175.0,8175万人民币,存续,,"照明灯具制造,零售业,家用电器及电子产品专门零售,计算机、软件及辅助设备零售",80.0,enterprise,true,approved,tianxiagongchang.com,3622537,https://www.tianxiagongchang.com/detail/3622537_he-nan-zhong-yun-chuang-guang-dian-ke-ji-gu-fen-you-xian-gong-si,电源适配器,914117005843768602,2011-10-25,,23,1,"存续,真实工厂","照明灯具制造,零售业,家用电器及电子产品专门零售,计算机、软件及辅助设备零售",2026-09-15T16:08:20.726521+00:00
惠州德晋昌新材料有限公司,惠东县大岭街道办产业转移工业园,广东省,惠州市,惠东县,"各类电子元器件及其配件和组件,电子线,电源线,网络线,信号线,连接线,连接器,接插件,电源适配器,各类铜及铜合金导体,镀锡铜线,镀银铜线,镀金铜线,有色金属合金铜线,光伏材料,国内贸易,货物或技术进出口",谢*,00000000000,8000.0,8000万人民币,存续,,"金属丝绳及其制品制造,批发业,其他批发业",80.0,enterprise,true,approved,tianxiagongchang.com,4140623,https://www.tianxiagongchang.com/detail/4140623_hui-zhou-de-jin-chang-xin-cai-liao-you-xian-gong-si,电源适配器,91441323MA52CLF65L,2018-10-16,,7,1,"存续,真实工厂","金属丝绳及其制品制造,批发业,其他批发业",2026-09-15T16:08:20.726521+00:00
江西吉安盛洋科技有限公司,江西省吉安市遂川县工业园区东区,江西省,吉安市,遂川县,"充电器,电源适配器,通讯设备产品配件,电子产品,一般货物及技术进出口,厂房及机械设备租赁",王**,00000000000,3000.0,3000万人民币,存续,,其他电子设备制造,80.0,enterprise,true,approved,tianxiagongchang.com,872110,https://www.tianxiagongchang.com/detail/872110_jiang-xi-ji-an-sheng-yang-ke-ji-you-xian-gong-si,电源适配器,91360827MA38B2MC3Q,2018-12-28,,8,1,"存续,真实工厂",其他电子设备制造,2026-09-15T16:08:20.726521+00:00
湖南力王新能源有限公司,湖南省永州市江华瑶族自治县沱江镇江华经济开发区瑶都大道北段,湖南省,永州市,江华瑶族自治县,"新能源电源,电子变压器（含高、低频电源变压器）,电源滤波器,电感,电抗器,磁性元器件,电源类产品（含电源适配器、充电器、逆变电源、无线充电电源及其它智能电源）,相关电子零配件,特种变压器,国内贸易,货物、技术进出口业务",孙**,00000000000,3000.0,3000万人民币,存续,,变压器、整流器和电感器制造,80.0,enterprise,true,approved,tianxiagongchang.com,908113,https://www.tianxiagongchang.com/detail/908113_hu-nan-li-wang-xin-neng-yuan-you-xian-gong-si,电源适配器,91431129MA4P8JQ59X,2017-11-16,,10,1,"存续,真实工厂",变压器、整流器和电感器制造,2026-09-15T16:08:20.726521+00:00
萍乡市福佳电子科技有限公司,江西省萍乡市安源区安源工业园区电子信息产业园内,江西省,萍乡市,安源区,"笔记本电脑,智能家居,平板电脑,电源适配器,充电器,数据线,键盘,鼠标,音响,五金制品,手机周边,电脑周边生产,货物及技术进出口",任**,00000000000,5000.0,5000万人民币,存续,,"计算机零部件制造,其他电子设备制造",80.0,enterprise,true,approved,tianxiagongchang.com,1405876,https://www.tianxiagongchang.com/detail/1405876_ping-xiang-shi-fu-jia-dian-zi-ke-ji-you-xian-gong-si,电源适配器,91360300MA37UN0132,2018-04-26,,6,1,"存续,真实工厂","计算机零部件制造,其他电子设备制造",2026-09-15T16:08:20.726521+00:00
浙江友德电子科技有限公司,浙江省嘉兴市嘉善县嘉善县大云镇云寺西路268号,浙江省,嘉兴市,嘉善县,"照明灯具,充电器,塑料制品,箱包,电池,照明器具,通信终端设备,通信交换设备,电子产品,电容器,二极管,集成电路,玩具,工艺美术品,自行车,充电器,电源适配器的批发,佣金代理(拍卖除外),进出口业务",王*,00000000000,8520.0,1200万美元,存续,,"电气信号设备装置制造,照明器具生产专用设备制造",80.0,enterprise,true,approved,tianxiagongchang.com,1522002,https://www.tianxiagongchang.com/detail/1522002_zhe-jiang-you-de-dian-zi-ke-ji-you-xian-gong-si,电源适配器,91330421571723018L,2011-04-11,,9,1,"存续,真实工厂","电气信号设备装置制造,照明器具生产专用设备制造",2026-09-15T16:08:20.726521+00:00
湖北常微智能科技有限公司,湖北省十堰市竹溪县金铜岭工业园区,湖北省,十堰市,竹溪县,"电子产品,通讯产品,数码产品,无线产品,照明产品,智能产品,智能家具,手机零配件,电脑零配件,电子元件,开关电源,电源适配器,变压器,充电器,传感器,蓝牙,电动汽车DC转换器,半导体集成电路芯片,计算机软硬件,技术进出口,汽车高低压线束,电子电器产品线材生产及销售",颜**,00000000000,3000.0,3000万人民币,存续,,"其他电子设备制造,应用软件开发",80.0,enterprise,true,approved,tianxiagongchang.com,1525144,https://www.tianxiagongchang.com/detail/1525144_hu-bei-chang-wei-zhi-neng-ke-ji-you-xian-gong-si,电源适配器,91420324MA496UEA86,2018-11-28,,5,1,"存续,真实工厂","其他电子设备制造,应用软件开发",2026-09-15T16:08:20.726521+00:00
四川省港奇电子有限公司,四川省泸州市泸县玉蟾街道五通街401号,四川省,泸州市,泸县,"开关电源,电源适配器,变压器,电子整流器,电子安定器,电子电脑配件,充电器,工业电源,LED电源,医疗电源,二类医疗器械,电子元件,光伏逆变器,电动汽车DC/DC转换器,电动汽车车载充电机,电动汽车车载充电桩,货物进出口,技术进出口",宋**,00000000000,3000.0,3000万人民币,存续,,"其他电子设备制造,其他电子器件制造",80.0,enterprise,true,approved,tianxiagongchang.com,1755940,https://www.tianxiagongchang.com/detail/1755940_si-chuan-sheng-gang-qi-dian-zi-you-xian-gong-si,电源适配器,91510521MA6750GX3K,2017-12-28,,3,1,"存续,真实工厂","其他电子设备制造,其他电子器件制造",2026-09-15T16:08:20.726521+00:00
河南大朋电子有限公司,社旗县城郊乡南环路北侧,河南省,南阳市,社旗县,"电源适配器,灯杆,景观亮化工程,太阳能系列,产品设计,加工,进出口业务,LED照明灯具,新型电子原件数据线,电脑配件,制造,安装,设计,智能化系列,销售,五金,本企业进出口业务,路灯,技术开发与销售,灯头",郭*,00000000000,3000.0,3000万人民币,存续,,"智能照明器具制造,其他电子器件制造",80.0,enterprise,true,approved,tianxiagongchang.com,1817244,https://www.tianxiagongchang.com/detail/1817244_he-nan-da-peng-dian-zi-you-xian-gong-si,电源适配器,9141132739586294XQ,2014-08-13,http://www.nydpzm.com,10,1,"存续,真实工厂","智能照明器具制造,其他电子器件制造",2026-09-15T16:08:20.726521+00:00
福建泰格力锂电池科技有限公司,福建省宁德市福安市甘棠镇北部104国道东侧D3地块,福建省,宁德市,福安市,"锂电池技术研发,销售,锂离子电池材料,水性涂料生产,锂电池,锂离子电池专用纳米水性粘结剂",缪**,00000000000,2000.0,2000万人民币,存续,,"发电机及发电机组制造,电机制造,电气机械和器材制造业,涂料制造",80.0,enterprise,true,approved,tianxiagongchang.com,3473108,https://www.tianxiagongchang.com/detail/3473108_fu-jian-tai-ge-li-li-dian-chi-ke-ji-you-xian-gong-si,锂电池,91350981589581548H,2012-02-21,,5,2,"存续,曾用名,福建泰格力机电工贸有限公司","发电机及发电机组制造,电机制造,电气机械和器材制造业,涂料制造",2026-09-15T16:08:20.726521+00:00
锦艺阿泰欧(苏州)锂电池材料科技有限公司,江苏省常熟经济开发区通港路88号滨江国际大厦506室,江苏省,苏州市,,"锂电池材料（不含危险化学品）的研发、销售、技术咨询、技术转让,货物及技术的进出口业务",黄**,00000000000,1400.0,1400.00万人民币,存续,,"其他化工产品批发,批发业,矿产品、建材及化工产品批发",80.0,enterprise,true,approved,tianxiagongchang.com,4350452,https://www.tianxiagongchang.com/detail/4350452_jin-yi-a-tai-ou-(-su-zhou-)-li-dian-chi-cai-liao-ke-ji-you-xian-gong-si,锂电池,91320581MA1YQEE095,2019-07-17,,7,1,存续,"其他化工产品批发,批发业,矿产品、建材及化工产品批发",2026-09-15T16:08:20.726521+00:00
重庆鑫旭锂电池有限公司,重庆市忠县乌杨新区（忠县工业园乌杨组团）,重庆市,重庆市,忠县,"锂电池研发、生产、销售,电池材料研发、生产、销售,新能源研发、销售,包装材料",范**,00000000000,1000.0,1000万人民币,存续,,锂离子电池制造,80.0,enterprise,true,approved,tianxiagongchang.com,209708,https://www.tianxiagongchang.com/detail/209708_chong-qing-xin-xu-li-dian-chi-you-xian-gong-si,锂电池,91500233MA5UR8LD2H,2017-08-11,,8,2,"存续,真实工厂,曾用名,重庆市鑫旭锂电池有限公司",锂离子电池制造,2026-09-15T16:08:20.726521+00:00
温州玖源锂电池科技发展有限公司,浙江省温州市瓯海经济开发区东方南路50号温州市国家大学科技孵化器8号楼1楼整层、2楼202-220室,浙江省,温州市,瓯海区,"锂电池材料的技术研究及技术咨询,技术转让,技术服务,锂离子电池的研发、制造、加工、销售,电容器,实验设备,化工原料",陈**,00000000000,500.0,500万人民币,存续,,"锂离子电池制造,其他科技推广服务业",80.0,enterprise,true,approved,tianxiagongchang.com,710301,https://www.tianxiagongchang.com/detail/710301_wen-zhou-jiu-yuan-li-dian-chi-ke-ji-fa-zhan-you-xian-gong-si,锂电池,91330304MA286LMD4H,2016-12-12,,6,2,"存续,真实工厂","锂离子电池制造,其他科技推广服务业",2026-09-15T16:08:20.726521+00:00
邓州市万弘锂电池有限公司,河南省南阳市邓州市湍河办事处北京大道南段西侧邓州港粤工业园有限公司院内13号厂房,河南省,南阳市,邓州市,"锂电池,锂电池原材料生产及销售,锂电池生产设备销售",陈**,00000000000,500.0,500万人民币,存续,,"锂离子电池制造,其他未列明制造业",80.0,enterprise,true,approved,tianxiagongchang.com,796933,https://www.tianxiagongchang.com/detail/796933_deng-zhou-shi-wan-hong-li-dian-chi-you-xian-gong-si,锂电池,91411381MA47EJD95P,2019-09-23,,4,1,"存续,真实工厂","锂离子电池制造,其他未列明制造业",2026-09-15T16:08:20.726521+00:00
安徽省力霸动力锂电池科技有限公司,安徽省滁州市来安县汊河经济开发区中山路6号,安徽省,滁州市,来安县,"针纺织品,印刷机械,锰酸锂电池,磷酸铁锂电池,副食品,动力锂离子电池,电子计算机配件,汽车货运,工艺美术品,滋补品,食用油,三元锂电池,家用电器,五金交电,油漆,粮食,百货",许*,00000000000,1000.0,1000万人民币,存续,,"计算机、通信和其他电子设备制造业,雷达及配套设备制造",80.0,enterprise,true,approved,tianxiagongchang.com,4149578,https://www.tianxiagongchang.com/detail/4149578_an-hui-sheng-li-ba-dong-li-li-dian-chi-ke-ji-you-xian-gong-si,锂电池,91341122694133675D,2009-09-17,http://www.libaldc.com,11,2,存续,"计算机、通信和其他电子设备制造业,雷达及配套设备制造",2026-09-15T16:08:20.726521+00:00
河北帆能锂电池有限公司,石家庄市鹿泉区龙泉花园东区23-3-602,河北省,石家庄市,,"聚合物锂离子电池,其他锂离子电池,配件销售,电动自行车及配件进出口贸易,进出口贸易,电子产品,锂离子电池,锂电池",陈**,00000000000,500.0,500万人民币,存续,,"电气机械和器材制造业,电池制造,锂离子电池制造",80.0,enterprise,true,approved,tianxiagongchang.com,4158068,https://www.tianxiagongchang.com/detail/4158068_he-bei-fan-neng-li-dian-chi-you-xian-gong-si,锂电池,91130185320119967G,2014-12-11,http://www.jifanneng.com,5,2,存续,"电气机械和器材制造业,电池制造,锂离子电池制造",2026-09-15T16:08:20.726521+00:00
雅安乾润锂电池材料有限公司,四川省雅安市经开区,四川省,雅安市,,"锂电池负极材料生产销售,锂电池,石墨制品销售",刘**,00000000000,1000.0,1000万人民币,存续,,"石墨及其他非金属矿物制品制造,石墨及碳素制品制造,非金属矿物制品业",80.0,enterprise,true,approved,tianxiagongchang.com,4180894,https://www.tianxiagongchang.com/detail/4180894_ya-an-qian-run-li-dian-chi-cai-liao-you-xian-gong-si,锂电池,915118003093956375,2014-07-09,,3,1,存续,"石墨及其他非金属矿物制品制造,石墨及碳素制品制造,非金属矿物制品业",2026-09-15T16:08:20.726521+00:00
温州市宏艺锂电池配件有限公司,浙江省温州市瓯海区仙岩街道河口塘村凤岩路105号,浙江省,温州市,,"生产,锂电池的五金配件,销售锂电池的五金配件,销售锂电池",孙**,00000000000,500.0,500.00万人民币,存续,,"其他制造业,其他未列明制造业",80.0,enterprise,true,approved,tianxiagongchang.com,4387535,https://www.tianxiagongchang.com/detail/4387535_wen-zhou-shi-hong-yi-li-dian-chi-pei-jian-you-xian-gong-si,锂电池,91330304753991179N,2003-09-18,,8,1,存续,"其他制造业,其他未列明制造业",2026-09-15T16:08:20.726521+00:00
浙江长兴竹园锂电池材料有限公司,浙江省长兴县雉城镇新兴工业园区,浙江省,湖州市,长兴县,"其他水暖五金,NMP隔膜,锂电池防爆盖帽,电磁阀",周**,00000000000,108.0,108万人民币,存续,,"电子元器件与机电组件设备制造,其他电池制造",80.0,enterprise,true,approved,tianxiagongchang.com,3146447,https://www.tianxiagongchang.com/detail/3146447_zhe-jiang-chang-xing-zhu-yuan-li-dian-chi-cai-liao-you-xian-gong-si,锂电池,91330522674759486G,2008-04-16,,7,2,"存续,真实工厂,曾用名,长兴竹园锂电池材料有限公司","电子元器件与机电组件设备制造,其他电池制造",2026-09-15T16:08:20.726521+00:00
江苏科曜能源科技有限公司,苏州高新区五台山路588号工业坊C区3号楼,江苏省,苏州市,虎丘区,"分布式储能应用领域储能并离网混合逆变器,能源,太阳能设备,储能一体机,电池PACK,BMS,整体储能技术解决方案,光伏并网逆变器,EMS",毛**,00000000000,5447.37,5447.37万人民币,存续,,"专用设备制造业,其他未列明制造业",80.0,enterprise,true,approved,tianxiagongchang.com,3473390,https://www.tianxiagongchang.com/detail/3473390_jiang-su-ke-yao-neng-yuan-ke-ji-you-xian-gong-si,电池PACK,91320506MA1NW4CJ7L,2017-04-27,https://www.koyoe.com,21,1,存续,"专用设备制造业,其他未列明制造业",2026-09-15T16:08:20.726521+00:00
合肥国盛电池科技有限公司,安徽省合肥市瑶海工业园纬D路北B2幢,安徽省,合肥市,瑶海区,"新产品开发,锂离子电池组制造,锂电池PACK生产销售,动力锂电池保护板",吴*,00000000000,2400.0,2400万人民币,存续,,"锂离子电池制造,工程和技术研究和试验发展",80.0,enterprise,true,approved,tianxiagongchang.com,880642,https://www.tianxiagongchang.com/detail/880642_he-fei-guo-sheng-dian-chi-ke-ji-you-xian-gong-si,电池PACK,91340100568960346H,2011-01-18,http://www.hfgsld.com.cn,17,1,"存续,真实工厂","锂离子电池制造,工程和技术研究和试验发展",2026-09-15T16:08:20.726521+00:00
深圳市德龙智能高科技有限公司,深圳市宝安区福永街道福永镇大洋路90号中粮（福安）智汇创新园8栋二楼,广东省,深圳市,宝安区,"梯次利用,动力电池激光焊接机,Delphi laser,焊接机,切割机,激光设备,CO2激光切割机,电池回收,Delphilaser,动力电池PACK自动线,激光与自动化",杨**,00000000000,1500.0,1500万人民币,存续,,"其他制造业,其他服务业,其他未列明服务业,其他电子专用设备制造",80.0,enterprise,true,approved,tianxiagongchang.com,3743405,https://www.tianxiagongchang.com/detail/3743405_shen-zhen-shi-de-long-zhi-neng-gao-ke-ji-you-xian-gong-si,电池PACK,91440300359790635Y,2016-01-25,http://www.delphilae.com,6,1,"存续,真实工厂,曾用名,深圳德龙激光智能有限公司","其他制造业,其他服务业,其他未列明服务业,其他电子专用设备制造",2026-09-15T16:08:20.726521+00:00
深圳市大程智控科技有限公司,深圳市龙岗区坪地街道中心社区南岸路6号A栋201,广东省,深圳市,龙岗区,"数码电池贴膜机,动力电池包膜机,动力铝壳电池包膜机动力电池检测设备,风能,新能源电力电子,软包动力电池检测设备,软包数码电池检测设备,电池贴高温机,数码电池贴标机,通讯基站,太阳能,动力电池测试设备,经营进出口业务,动力电池管理系统,电池PACK线,动力电池包胶机, TCR---外化成设备,储能系统集成,软包动力电池PACK设备,通讯电力电子,混合集成电路,机械设备及零配件的研发,电池贴保护膜机,锂电池贴胶机,数码电池动贴胶机,软包数码电池PACK设备,机电产品,国内贸易,电池及电源管理系统,矿井后备电源智能管理控制系统,数码电池自动贴胶机,各类电池保护控制板,储能系统,动力电池贴胶机",程**,00000000000,2000.0,2000万人民币,存续,,"其他通用设备制造业,批发业,机械设备、五金产品及电子产品批发,其他机械设备及电子产品批发,其他未列明信息技术服务业",80.0,enterprise,true,approved,tianxiagongchang.com,3745148,https://www.tianxiagongchang.com/detail/3745148_shen-zhen-shi-da-cheng-zhi-kong-ke-ji-you-xian-gong-si,电池PACK,91440300MA5DJLJC89,2016-08-22,,6,1,"存续,真实工厂","其他通用设备制造业,批发业,机械设备、五金产品及电子产品批发,其他机械设备及电子产品批发,其他未列明信息技术服务业",2026-09-15T16:08:20.726521+00:00
浙江纽联科技有限公司,浙江省杭州市余杭区仓前街道海创科技中心3幢9层901、902、914、915室,浙江省,杭州市,余杭区,"新能源汽车方型动力电池,电池检测设备和充放电设备技术的研发及成果转让,无线通讯模块,大功率军工电源,单元板测试夹具,行政法规禁止经营的项目除外,自动化设备,充电桩设备,新能源后端处理的高端装备企业及高端电源,技术服务：电子元器件的试验和检测设备,电池pack电池管理系统定制开发服务,电源模块,储能装置,电子元器件可靠性试验,冷却机,高精版测试夹具,检测设备,驱动板测试夹具,模块,法律,生产加工：电池可靠性试验,电子控制系统,电池检测自动化设备,电子元器件的可靠性老化测试专用设备,技术开发,行政法规限制经营,货物进出口,3c聚合物数码电池",金**,00000000000,3209.88,3209.8765万人民币,存续,,"专业技术服务业,计算机、通信和其他电子设备制造业,其他电子设备制造",80.0,enterprise,true,approved,tianxiagongchang.com,3930461,https://www.tianxiagongchang.com/detail/3930461_zhe-jiang-niu-lian-ke-ji-you-xian-gong-si,电池PACK,91330104665225191D,2007-08-23,http://www.nlteck.com,11,1,"存续,真实工厂,曾用名,浙江阅景电子有限公司","专业技术服务业,计算机、通信和其他电子设备制造业,其他电子设备制造",2026-09-15T16:08:20.726521+00:00
惠州市东一智能装备有限公司,惠州仲恺高新区中韩惠州产业园起步区松柏岭大道27号3#厂房3楼,广东省,惠州市,惠城区,"移印喷码机,正压侧漏机多功能测试机,锂电池设备,计算机软硬件技术开发,铝壳动力锂电池全自动组装生产线,滚胶机,动力锂电池二次封口水洗包膜生产线,软包动力电池全自动装配线,裹胶,动力电池生产设备,技术支持,机器人研发,铝壳动力锂电池全自动水洗包膜生产线,3C消费类电池PACK自动线,机械配件,易拆贴贴膜,软包电池半自动贴胶机顶胶机离型胶纸机,amp,长宽厚测试机保护板焊接测试机,五金零件,销售及提供技术服务,动力电池测试设备,3D曲面屏设备,底部,半自动,头部贴胶,手机生产设备,技术咨询服务,软包聚合物电池两侧,电池电芯贴膜机,机械设备加工,非标自动化设备的生产与销售,全自动包膜机,第二类医疗器械",程**,00000000000,1000.0,1000万人民币,存续,,"增材制造装备制造,电子器件制造",80.0,enterprise,true,approved,tianxiagongchang.com,349576,https://www.tianxiagongchang.com/detail/349576_hui-zhou-shi-dong-yi-zhi-neng-zhuang-bei-you-xian-gong-si,电池PACK,91441300MA4WBX679T,2017-03-24,,16,2,"存续,真实工厂","增材制造装备制造,电子器件制造",2026-09-15T16:08:20.726521+00:00
上海矜驰机电有限公司,上海市松江区新桥镇新格路868号3幢3楼、4楼401室,上海市,上海市,松江区,"工业用可充电锂离子电池组的设计和制造服务,【依法须经批准的项目,机电设备及配件,从事货物及技术的进出口业务,电子元器件的研发,汽车配件,模具的销售,技术服务,电子元器件领域内的技术开发,技术转让,通讯器材及配件,经相关部门批准后方可开展经营活动】,锂电池PACK生产和销售,加工及销售,高低压电器及配件",赵**,00000000000,500.0,500万人民币,存续,,"其他未列明电气机械及器材制造,其他机械设备及电子产品批发",80.0,enterprise,true,approved,tianxiagongchang.com,721909,https://www.tianxiagongchang.com/detail/721909_shang-hai-jin-chi-ji-dian-you-xian-gong-si,电池PACK,913101170861945036,2013-12-17,,4,1,"存续,真实工厂","其他未列明电气机械及器材制造,其他机械设备及电子产品批发",2026-09-15T16:08:20.726521+00:00
深圳新控半导体技术有限公司,深圳市光明区马田街道禾湾社区芳园路550号伯尼大厦1101,广东省,深圳市,光明区,"全自动粗铝线焊接机,新能源电池行业,18650电池组超声波铝丝焊接设备,智能化生产设备,动力电池PACK超声波铝丝焊接系统,超声波焊接设备,全自动粘片机,自动化智能设备,固晶设备,半导体封装设备,超声波焊接机器人,机器视觉系统",李**,00000000000,500.0,500万人民币,存续,,"其他未列明金属制品制造,其他未列明制造业",80.0,enterprise,true,approved,tianxiagongchang.com,1960101,https://www.tianxiagongchang.com/detail/1960101_shen-zhen-xin-kong-ban-dao-ti-ji-shu-you-xian-gong-si,电池PACK,914403003118666372,2014-08-19,http://www.xinkongauto.com,10,1,"存续,真实工厂,曾用名,深圳新控自动化设备有限公司","其他未列明金属制品制造,其他未列明制造业",2026-09-15T16:08:20.726521+00:00
南京帕克坦密封系统有限公司,南京市江宁区滨江经济开发区闻莺路12号3号楼,江苏省,南京市,江宁区,"动力电池PACK箱结构密封,加工,销售及技术咨询,密封系统设备,船舶零部件结构密封,密封材料,汽车零部件及配件制造,自营和代理各类商品和技术的进出口业务,密封系统设备的研发,家用电器密封,防爆电器结构密封,密封材料的销售,销售",吴**,00000000000,640.0,640万人民币,存续,,"其他橡胶制品制造,批发业,机械设备、五金产品及电子产品批发",80.0,enterprise,true,approved,tianxiagongchang.com,3966527,https://www.tianxiagongchang.com/detail/3966527_nan-jing-pa-ke-tan-mi-feng-xi-tong-you-xian-gong-si,电池PACK,91320115MA1MT1UHXH,2016-08-22,http://www.njsealing.com,8,1,"存续,真实工厂","其他橡胶制品制造,批发业,机械设备、五金产品及电子产品批发",2026-09-15T16:08:20.726521+00:00
科信电子技术(东莞)有限公司,广东省东莞市塘厦镇蛟坪路95号11栋1314房,广东省,东莞市,,"锂电池组装设备,锂电池PACK设备,容量检测仪,全自动电芯分选机（支持定制）,高速贴青稞纸机,全自动点焊机,成品综合测试仪,电芯化成分容设备,成品老化测试设备",罗**,00000000000,600.0,600.00万人民币,存续,,"其他电子设备制造,计算机、通信和其他电子设备制造业",80.0,enterprise,true,approved,tianxiagongchang.com,4362524,https://www.tianxiagongchang.com/detail/4362524_ke-xin-dian-zi-ji-shu-(-dong-guan-)-you-xian-gong-si,电池PACK,91441900MA52XRTE08,2019-03-05,www.corshin.com,24,2,存续,"其他电子设备制造,计算机、通信和其他电子设备制造业",2026-09-15T16:08:20.726521+00:00
江苏艾利克储能设备科技有限公司,高邮城南经济新区外环路北侧,江苏省,扬州市,高邮市,"制造,汽车配件,汽车油箱加油管,机械设备制造,五金,钢结构工程专业承包,机油冷却器,安装,销售,橡塑制品制造,液化天然气储能设备的研发,散热器,医药化工设备,冲压件,彩钢板生产,液化天然气储存设备的研发,加工,换热器",周*,00000000000,6000.0,6000万人民币,存续,,其他专用设备制造,80.0,enterprise,true,approved,tianxiagongchang.com,1604885,https://www.tianxiagongchang.com/detail/1604885_jiang-su-ai-li-ke-chu-neng-she-bei-ke-ji-you-xian-gong-si,储能设备,91321084591111537A,2012-02-27,http://www.gyeric.com,8,1,"存续,真实工厂",其他专用设备制造,2026-09-15T16:08:20.726521+00:00
三河市祥天电力工程有限公司,三河市燕郊开发区电厂生活区东侧、中青胶粘剂公司北侧,河北省,廊坊市,三河市,"光伏组件,设计,光伏电力工程施工,相关设备管理及维护,批发医疗器械,柴油,发电机,小五金,其他电工器材,汽车燃油添加剂,机械设备,代理进出口,食品,加工,农产品,保健食品,销售制冷设备,销售：机械设备,可再生能源发电系统,冷暖热泵系统,农副产品,热水系统,销售：储能设备,日用百货,制冷设备,储能设备,建筑材料,相关设备管理,小家电,维护及售后服务",李*,00000000000,6000.0,6000万人民币,存续,,其他电工器材制造,80.0,enterprise,true,approved,tianxiagongchang.com,1499258,https://www.tianxiagongchang.com/detail/1499258_san-he-shi-xiang-tian-dian-li-gong-cheng-you-xian-gong-si,储能设备,911310820720996365,2013-07-08,,4,1,"存续,真实工厂",其他电工器材制造,2026-09-15T16:08:20.726521+00:00
安徽耐得电气设备有限公司,砀山经济开发区永顺路6号,安徽省,亳州市,利辛县,"高低压电器设备,高低压成套设备,电表箱,综合配电箱,箱式变电站,变压器,配电自动化设备,电力金具,铁附件的制造及销售,智能电网自动化装置,配网自动化装备,电能质量优化产品及系统,智能电网巡检,作业机器人,无人机巡检系统,智能电网储能设备及系统,工业机器人,自动化生产线,智能电源模块,在线取电装置,分布式新能源电站建设及运营,电力设施安装及运维,电缆及管材的销售,物流配货服务,普通货物道路运输,再生循环利用技术的研发、推广及技术服务,塑料及塑料制品",陈**,00000000000,12000.0,12000万人民币,存续,,"变压器、整流器和电感器制造,其他电气机械及器材制造",80.0,enterprise,true,approved,tianxiagongchang.com,2371343,https://www.tianxiagongchang.com/detail/2371343_an-hui-nai-de-dian-qi-she-bei-you-xian-gong-si,储能设备,91341321796442698L,2006-12-27,http://www.nddq.cc,11,1,"存续,真实工厂,曾用名,宿州市耐得电气设备有限公司","变压器、整流器和电感器制造,其他电气机械及器材制造",2026-09-15T16:08:20.726521+00:00
易事特集团（盐城）新能源有限公司,盐城经济技术开发区漓江路66号1幢206室,江苏省,盐城市,亭湖区,"太阳能储能设备,电源,新能源充电桩,配套设备,光伏设备,元器件,通信系统设备,通信终端设备,汇流箱,配电柜制造,太阳能,风能发电系统,储能系统的技术开发,技术转让,技术咨询,技术服务,新能源汽车充电站设施的建设,运营管理服务,新能源技术开发,技术转让,技术咨询,技术服务,手机及零配件销售,计算机网络信息系统集成服务,应用软件开发,建筑智能化安装工程设计、施工,设计、制作、代理、发布国内广告,自营和代理各类商品及技术的进出口业务,普通货物仓储",许**,00000000000,10000.0,10000万人民币,存续,,"光伏设备及元器件制造,电力生产",80.0,enterprise,true,approved,tianxiagongchang.com,3008548,https://www.tianxiagongchang.com/detail/3008548_yi-shi-te-ji-tuan-yan-cheng-xin-neng-yuan-you-xian-gong-si,储能设备,91320991MA20D1A83X,2019-11-08,,3,1,"存续,真实工厂","光伏设备及元器件制造,电力生产",2026-09-15T16:08:20.726521+00:00
浙江瑞普智慧能源科技有限公司,浙江省杭州市滨江区长河街道滨安路1197号2幢3145室,浙江省,杭州市,滨江区,"新能源技术,储能设备,智能家居,电器成套设备,技术服务,工控设备,智能设备的安装,技术咨询,锂电池系统,电子智能化工程（凭资质经营）,技术开发,成果转让,计算机软硬件,机电设备,新能源产品,电子商务技术",林**,00000000000,10000.0,10000万人民币,存续,,"计算机、通信和其他电子设备制造业,科技推广和应用服务业,技术推广服务,新能源技术推广服务",80.0,enterprise,true,approved,tianxiagongchang.com,3574821,https://www.tianxiagongchang.com/detail/3574821_zhe-jiang-rui-pu-zhi-hui-neng-yuan-ke-ji-you-xian-gong-si,储能设备,91330108MA2H1HAU75,2019-12-19,http://www.ruipuzh.com,7,1,"存续,真实工厂","计算机、通信和其他电子设备制造业,科技推广和应用服务业,技术推广服务,新能源技术推广服务",2026-09-15T16:08:20.726521+00:00
安徽沃晶动力科技股份有限公司,六安市裕安区经济开发区,安徽省,六安市,,"聚合物锂离子电池,锂电池设备,大功率储能设备,电动汽车充换电设备的技术开发,电动汽车充换电产品的配套销售、安装、运营、维护、服务,进出口业务",杨**,00000000000,12000.0,12000万人民币,存续,,"工程和技术研究和试验发展,研究和试验发展",80.0,enterprise,true,approved,tianxiagongchang.com,4157976,https://www.tianxiagongchang.com/detail/4157976_an-hui-wo-jing-dong-li-ke-ji-gu-fen-you-xian-gong-si,储能设备,91341500MA2N9TWY19,2016-12-26,,13,1,存续,"工程和技术研究和试验发展,研究和试验发展",2026-09-15T16:08:20.726521+00:00
河南天一航天科技有限公司,郑州经济技术开发区潮河办事处经南十六路与第十八大街交叉口东北角,河南省,郑州市,,"销售：日用品,五金交电,技术推广,超级电容,计算机软件及辅助设备,开发,电化学产品,动力电池,化工产品,电子元器件,电子产品,专用设备,航天储能设备,活性炭产品的生产,仪器仪表,航天电子产品,销售,日用品,活性炭产品,技术咨询及技术服务",徐**,00000000000,20000.0,20000.00万元,存续,,"专业技术服务业,其他未列明专业技术服务业,工业与专业设计及其他专业技术服务",80.0,enterprise,true,approved,tianxiagongchang.com,4351133,https://www.tianxiagongchang.com/detail/4351133_he-nan-tian-yi-hang-tian-ke-ji-you-xian-gong-si,储能设备,91410100MA3X8TG906,2016-04-15,,10,1,存续,"专业技术服务业,其他未列明专业技术服务业,工业与专业设计及其他专业技术服务",2026-09-15T16:08:20.726521+00:00
河北昊宇新能源科技有限公司,沧州临港经济技术开发区孙思邈路3号,河北省,沧州市,黄骅市,"专业承包,工程勘察设计,供热工程设计及施工,储能材料,蓄热材料,调温材料,储能产品,化工产品（上述项目危险化学品除外）,电热储能设备,节能设备,五金加工设备,机电设备,热泵设备,空调设备,太阳能设备,供热设备的技术开发,技术服务,工业生产及销售,技术和货物进出口,自有不动产租赁,汽车销售",杜**,00000000000,1020.0,1020万人民币,存续,,"初级形态塑料及合成树脂制造,节能技术推广服务",80.0,enterprise,true,approved,tianxiagongchang.com,45383,https://www.tianxiagongchang.com/detail/45383_he-bei-hao-yu-xin-neng-yuan-ke-ji-you-xian-gong-si,储能设备,91130931MA07W4236X,2016-09-12,,5,1,"存续,真实工厂","初级形态塑料及合成树脂制造,节能技术推广服务",2026-09-15T16:08:20.726521+00:00
安徽中科九炬智能科技股份有限公司,合肥市高新区习友路2666号中科院合肥技术创新工程院研发楼1103,安徽省,合肥市,蜀山区,"技术咨询,自营或代理各类商品和技术的进出口业务,电子控制系统,智能仪表,安全防护设备,生产,计算机软硬件,销售,车载电气设备,汽车零部件的研发,服务及技术咨询,汽车零部件,机械,节能,储能设备",李**,00000000000,1200.0,1200万人民币,存续,,"汽车零部件及配件制造,其他未列明专业技术服务业",80.0,enterprise,true,approved,tianxiagongchang.com,1646754,https://www.tianxiagongchang.com/detail/1646754_an-hui-zhong-ke-jiu-ju-zhi-neng-ke-ji-gu-fen-you-xian-gong-si,储能设备,91340100MA2N69L610,2016-12-08,,6,1,"存续,真实工厂","汽车零部件及配件制造,其他未列明专业技术服务业",2026-09-15T16:08:20.726521+00:00
河南鼎为智能科技有限公司,河南省郑州市高新技术产业开发区金盏街16号2号楼,河南省,郑州市,中原区,"电子通讯设备,电动汽车充换电系统,相关智能充电设备,UPS电源设备,通讯模块,智能终端设备,储能设备,储能系统集成,光伏组件,新能源,新材料,微电网设备,微电网系统集成,节能与能源管理系统,相关设备的研发、生产销售,技术服务,智能安防设备,智能AGV机器人,集成电路的研发销售与技术服务,智慧社区,智慧城市系统集成的施工与技术服务,物联网、大数据,人工智能,计算机软件,众创空间、孵化基地的建设与管理、运营,货物及技术的进出口",李**,00000000000,1600.0,1600万人民币,存续,,"其他电子器件制造,其他技术推广服务",80.0,enterprise,true,approved,tianxiagongchang.com,2152857,https://www.tianxiagongchang.com/detail/2152857_he-nan-ding-wei-zhi-neng-ke-ji-you-xian-gong-si,储能设备,91410100MA9FKH424C,2020-08-17,http://www.driween.cn,8,1,"存续,真实工厂","其他电子器件制造,其他技术推广服务",2026-09-15T16:08:20.726521+00:00
河北鑫伏铭光伏组件制造有限公司,永年县临名关镇西名阳村村北,河北省,邯郸市,永年区,"销售,光伏组件,金属表面处理,六角螺栓螺母平垫拉条,紧固件制造",曹**,00000000000,600.0,600万人民币,存续,,"紧固件制造,光伏设备及元器件制造",80.0,enterprise,true,approved,tianxiagongchang.com,2947514,https://www.tianxiagongchang.com/detail/2947514_he-bei-xin-fu-ming-guang-fu-zu-jian-zhi-zao-you-xian-gong-si,光伏组件,911304293199528984,2014-11-24,,8,2,"存续,真实工厂","紧固件制造,光伏设备及元器件制造",2026-09-15T16:08:20.726521+00:00
河南盛达光伏科技有限公司,滑县产业集聚区大三路南侧,河南省,安阳市,滑县,"日用百货的销售,光伏支架,石墨制品,交电,太阳能多晶硅片,产业用纺织制成品制造,电池片,碳化硅微粉,光伏逆变器,石英制品,切割钢丝,新能源发电设备,晶体硅太阳能硅料,机电设备,太阳能光伏电站工程总承包,五金,光伏,建筑材料,应用系统,零配件,太阳能硅锭,电子原器件,产业用纺织成品销售,电缆,化工产品,光伏组件,切割液,光伏材料",王**,00000000000,10000.0,10000万人民币,存续,,光伏设备及元器件制造,80.0,enterprise,true,approved,tianxiagongchang.com,240143,https://www.tianxiagongchang.com/detail/240143_he-nan-sheng-da-guang-fu-ke-ji-you-xian-gong-si,光伏组件,914105263172816806,2014-10-08,,12,1,"存续,真实工厂",光伏设备及元器件制造,2026-09-15T16:08:20.726521+00:00
敦煌晶澳光伏电力开发有限公司,甘肃省酒泉市敦煌市七里镇光电产业园区,甘肃省,酒泉市,敦煌市,"维修,电量销售,太阳能光伏产品及配套设备,太阳能光伏组件及相关设备的调试,技术咨询和培训,太阳能光伏产品及配套设备的销售,太阳能光伏并网发电",李*,00000000000,32100.0,32100万人民币,存续,,"太阳能发电,其他电力生产",80.0,enterprise,true,approved,tianxiagongchang.com,636920,https://www.tianxiagongchang.com/detail/636920_dun-huang-jing-ao-guang-fu-dian-li-kai-fa-you-xian-gong-si,光伏组件,9162098259952810X4,2012-07-23,,8,1,"存续,真实工厂","太阳能发电,其他电力生产",2026-09-15T16:08:20.726521+00:00
河北洁阳钢结构有限公司,河北省衡水市景县龙华工业区,河北省,衡水市,景县,"其他木质包装容器,防腐工程,制作,设计,钢结构制作,风电设备,风电塔筒,光伏组件清洗,维修钢结构铁塔,新能源设备制造及安装,波纹管制作,工程施工,螺旋桩,光伏发电支架,安装",李**,00000000000,10600.0,10600万人民币,存续,,金属结构制造,80.0,enterprise,true,approved,tianxiagongchang.com,1114266,https://www.tianxiagongchang.com/detail/1114266_he-bei-jie-yang-gang-jie-gou-you-xian-gong-si,光伏组件,91131127319959109Q,2014-11-13,,7,2,"存续,真实工厂",金属结构制造,2026-09-15T16:08:20.726521+00:00
江苏澄擎新能源有限公司,东台市安丰镇丰富四路6号,江苏省,盐城市,东台市,"新能源技术研发,太阳能光伏组件用铝边框研发、制造、销售,太阳能光伏组件组装、销售,太阳能光伏系统设计、安装,太阳能光伏材料,金属材料,太阳能发电,新能源技术开发,技术推广服务,自营和代理各类商品和技术的进出口业务",陈**,00000000000,8000.0,8000万人民币,存续,,"光伏设备及元器件制造,其他未列明金属制品制造,太阳能发电",80.0,enterprise,true,approved,tianxiagongchang.com,1163902,https://www.tianxiagongchang.com/detail/1163902_jiang-su-cheng-qing-xin-neng-yuan-you-xian-gong-si,光伏组件,91320981MA1Y8KX084,2019-04-17,,4,1,"存续,真实工厂","光伏设备及元器件制造,其他未列明金属制品制造,太阳能发电",2026-09-15T16:08:20.726521+00:00
江西慧智科技有限公司,江西省鹰潭市余江区工业园区,江西省,鹰潭市,余江区,"电子元器件的技术研发,计算机领域技术开发,技术咨询、技术转让、软件开发,计算机软件产品,嵌入式软件产品及线路板的生产与销售,通讯器材,集成电路,研发、生产电子产品,光电产品,电线,电缆,电池,五金电器生产,贵金属材料研发、加工、销售,销售太阳能光伏组件,电子防盗报警器材,低压电器,自产产品,自营代理各类商品和技术的进出口业务",余**,00000000000,11850.0,11850万人民币,存续,,"工业自动控制系统装置制造,工程和技术研究和试验发展",80.0,enterprise,true,approved,tianxiagongchang.com,1229397,https://www.tianxiagongchang.com/detail/1229397_jiang-xi-hui-zhi-ke-ji-you-xian-gong-si,光伏组件,91360622MA364AW00N,2017-07-19,,5,2,"存续,真实工厂","工业自动控制系统装置制造,工程和技术研究和试验发展",2026-09-15T16:08:20.726521+00:00
江苏太阳科技股份有限公司,扬中市油坊镇,江苏省,镇江市,扬中市,"制造,太阳能电池板,焊带,光伏应用系统,EVA加工,销售,太阳能配套件,自营和代理各类商品和技术的进出口业务,光伏焊带,光伏组件,无铅焊接方案",冷**,00000000000,5356.96,5356.9583万人民币,存续,,"铜压延加工,其他电力生产",80.0,enterprise,true,approved,tianxiagongchang.com,1594715,https://www.tianxiagongchang.com/detail/1594715_jiang-su-tai-yang-ke-ji-gu-fen-you-xian-gong-si,光伏组件,913211006657970853,2007-08-16,https://en.sungroup-energy.com,20,1,"存续,真实工厂,曾用名,江苏太阳光伏科技有限公司","铜压延加工,其他电力生产",2026-09-15T16:08:20.726521+00:00
安徽自动化仪表有限公司,安徽省天长市经济开发区纬一路,安徽省,滁州市,天长市,"压力,逆变器,电线电缆,PLC,塑料制品,化工,五金交电,城市及道路照明工程设计,仪表,低压配电控制设备,母线槽,玻璃仪器,流量,温度,照明灯具,电器配件,物位,教学仪器,组串配电箱,太阳能和风能及风光发电互补设备,DCS系统,安装,销售,光伏组件研发,电缆桥架,建筑材料,分析仪器,自动化系统成套,金属软管,自营或代理本企业所需的商品和技术的进出口业务,生产,波纹管,管阀件,电容式变送器,实验仪器,机械",柯**,00000000000,11800.0,11800万人民币,存续,,"电工仪器仪表制造,工业自动控制系统装置制造",80.0,enterprise,true,approved,tianxiagongchang.com,1678068,https://www.tianxiagongchang.com/detail/1678068_an-hui-zi-dong-hua-yi-biao-you-xian-gong-si,光伏组件,913411815501588145,2010-01-19,http://www.ahzdhyb.com,24,1,"存续,真实工厂","电工仪器仪表制造,工业自动控制系统装置制造",2026-09-15T16:08:20.726521+00:00
江苏金友智能电气有限公司,宝应经济开发区柳河路288号,江苏省,扬州市,宝应县,"特种电线电缆6KV以下电线电缆,智能光伏预装式变电站研发、制造、销售,光伏连接器,光伏发电项目,风力发电项目的开发、建设、运营及维护,光伏电站并网项目的开发,光伏发电,光伏组件及相关设备制造、销售,高低压成套电器制造、销售,太阳能产品配件,支吊架,铜制品,铝制品销售,输变电工程所需设备的成套供应,配电开关控制设备研发,电力电子元器件制造,电力电子元器件销售,变压器、整流器和电感器制造,机械设备租赁,输配电及控制设备制造,智能输配电及控制设备销售,电力设施器材制造,电气机械设备销售,软件销售,技术服务,技术开发,技术咨询,技术交流,技术转让",潘**,00000000000,16010.0,16010万人民币,存续,,"其他输配电及控制设备制造,其他电气机械及器材制造",80.0,enterprise,true,approved,tianxiagongchang.com,2232852,https://www.tianxiagongchang.com/detail/2232852_jiang-su-jin-you-zhi-neng-dian-qi-you-xian-gong-si,光伏组件,91321023MA1PX65936,2017-07-17,,7,1,"存续,真实工厂,曾用名,江苏金友智能变电设备有限公司 江苏金弘电气有限公司","其他输配电及控制设备制造,其他电气机械及器材制造",2026-09-15T16:08:20.726521+00:00
江苏荣威电气有限公司,镇江市扬中市三茅街道翠竹北路566号,江苏省,镇江市,扬中市,"仪表阀门,桥架,电器元器件,金属材料,电气机械及器材,劳保用品,立柱制造,开关柜桥架母线槽箱式变电站,商务信息咨询服务,护栏,塑料制品,普通货物道路运输,光伏支架,四氟制品,盖板,橡胶制品,电气设备安装,自有房屋租赁服务,标牌销售,路基栅栏,电线电缆,母线槽,支吊架,箱式变电站,管道,防火材料,开关柜,太阳能逆变器,自营和代理各类商品及技术的进出口业务,高铁遮板",韩*,00000000000,12000.0,12000万人民币,存续,,"金属表面处理及热处理加工,其他电气机械及器材制造",80.0,enterprise,true,approved,tianxiagongchang.com,80457,https://www.tianxiagongchang.com/detail/80457_jiang-su-rong-wei-dian-qi-you-xian-gong-si,逆变器,913211823137102496,2014-08-15,http://www.jsrw.net,17,1,"存续,真实工厂","金属表面处理及热处理加工,其他电气机械及器材制造",2026-09-15T16:08:20.726521+00:00
武汉港迪技术股份有限公司,武汉市东湖开发区武汉理工大学科技园理工园路6号D车间,湖北省,武汉市,江夏区,"制动单元,光伏发电,伺服系统,保养及相关技术服务,系统集成,工业自动化产品,光伏发电新能源产品,工业控制软件的研发,逆变器,机电产品,PLC,可编程逻辑控制器,生产,销售及相关技术服务,维修,经相关部门审批后方可开展,HMI,自动化装备,整流回馈装置,风力发电新能源产品,机械电子设备,依法须经审批的项目,低压变频器,新能源汽车,风力发电,高,货物进出口,销售,物联网产品",向**,00000000000,5568.0,5568万人民币,存续,,"电子电路制造,电子元器件与机电组件设备制造",80.0,enterprise,true,approved,tianxiagongchang.com,564669,https://www.tianxiagongchang.com/detail/564669_wu-han-gang-di-ji-shu-gu-fen-you-xian-gong-si,逆变器,91420100MA4KL3B99W,2015-09-28,www.gdetec.com,20,2,"存续,真实工厂,曾用名,武汉港迪电气传动技术有限公司","电子电路制造,电子元器件与机电组件设备制造",2026-09-15T16:08:20.726521+00:00
宁波中宜新能源有限公司,浙江省慈溪高新技术产业开发区政通北路509号,浙江省,宁波市,慈溪市,"太阳能光伏发电,海洋能发电,太阳能控制器,太阳能逆变器,太阳能逆控一体机,太阳能蓄电池,家用电器,电子元器件,太阳能组件,太阳能电池板,太阳能电池片,硅片,塑料制品,五金配件件,橡胶制品,模具,节能设备,工艺品,LED灯具,太阳能灯具,太阳能系统的研发,自营和代理货物和技术的进出口",李**,00000000000,5800.0,5800万人民币,存续,,光伏设备及元器件制造,80.0,enterprise,true,approved,tianxiagongchang.com,651907,https://www.tianxiagongchang.com/detail/651907_ning-bo-zhong-yi-xin-neng-yuan-you-xian-gong-si,逆变器,91330282MA2GW1K85K,2019-11-22,https://renepv.com,5,1,"存续,真实工厂",光伏设备及元器件制造,2026-09-15T16:08:20.726521+00:00
廊坊安括金属制品有限公司,河北省廊坊市文安县史各庄镇南町村村西,河北省,廊坊市,文安县,"制造销售金属制品,配电柜,母线槽,光伏支架,电缆桥架,电线电缆,电缆支架,金属货架,轻钢龙骨,金属穿线管,抗震支架,箱式房,销售新能源蓄电池,太阳能光伏产品及配件,逆变器,通用设备,建筑材料(不含危化),电子产品,钢材、服装,广告材料,塑料制品,包装材料,办公用品,光伏电站的设计、安装、维修",张*,00000000000,5188.0,5188万人民币,存续,,其他未列明金属制品制造,80.0,enterprise,true,approved,tianxiagongchang.com,760696,https://www.tianxiagongchang.com/detail/760696_lang-fang-an-kuo-jin-shu-zhi-pin-you-xian-gong-si,逆变器,91131026MA08RGEP9Q,2017-07-07,http://www.akkzzj.cn,6,1,"存续,真实工厂",其他未列明金属制品制造,2026-09-15T16:08:20.726521+00:00
安徽恒瑞新能源股份有限公司,六安市承接产业转移集中示范园区新安大道与龙舒路交口,安徽省,六安市,金安区,"离网并网逆变器,光伏电站的投资与运营,移动电源,光伏电站投资与运营,光伏电站工程EPC总包,太阳能路灯,光伏支架",何*,00000000000,10594.03,10594.0257万人民币,存续,,"光伏设备及元器件制造,太阳能发电",80.0,enterprise,true,approved,tianxiagongchang.com,845863,https://www.tianxiagongchang.com/detail/845863_an-hui-heng-rui-xin-neng-yuan-gu-fen-you-xian-gong-si,逆变器,91341500682053141Q,2008-11-11,http://www.ahhrenergy.cn,22,1,"存续,真实工厂,曾用名,安徽恒瑞新能源装备有限公司 安徽恒瑞许继新能源装备有限公司","光伏设备及元器件制造,太阳能发电",2026-09-15T16:08:20.726521+00:00
井冈山绿色家园新能源有限公司,江西省井冈山市新城区井冈山大道99号,江西省,吉安市,井冈山市,"太阳能发电系统设备,太阳能路灯,太阳能热水系统设备,高频开关电源,蓄电池系列测试仪器,逆变器,电抗器,变压器,交直流电源设备,交流不间断电源（UPS),弱电工程,稳压电源,电子监控系统,蓄电池",王**,00000000000,5050.0,5050万人民币,存续,,"光伏设备及元器件制造,风力发电",80.0,enterprise,true,approved,tianxiagongchang.com,1121246,https://www.tianxiagongchang.com/detail/1121246_jing-gang-shan-lv-se-jia-yuan-xin-neng-yuan-you-xian-gong-si,逆变器,91360881589233025Q,2012-02-20,https://www.jgsghne.com/,9,3,"存续,真实工厂,曾用名,井冈山市绿色家园新能源有限公司","光伏设备及元器件制造,风力发电",2026-09-15T16:08:20.726521+00:00
裕成电器有限公司,扬州市江都区真武镇邵真路4号,江苏省,扬州市,江都区,"船用电器产品,母线槽,冲压钣金制造,电工仪表,组串式光伏逆变器设计,计算机系统集成服务,计算机,电力控制变压器,高压电器元件及配件,箱式变电站组合设备,配件销售,低压开关电器控制设备,通讯工程施工,生产高,通信设备,软件及辅助设备,电力生产配套设备制造,互感器,喷塑加工,相关技术服务,电缆桥架,开关元件,通讯系统集成,应用软件服务,制造,低压电器元件,光伏电站,软件开发",杭*,00000000000,10500.0,10500万人民币,存续,,输配电及控制设备制造,80.0,enterprise,true,approved,tianxiagongchang.com,1208083,https://www.tianxiagongchang.com/detail/1208083_yu-cheng-dian-qi-you-xian-gong-si,逆变器,91321000608802095X,1997-01-15,https://www.yzycdq.com,12,1,"存续,真实工厂,曾用名,扬州裕成电器有限公司 扬州市裕成电器有限公司",输配电及控制设备制造,2026-09-15T16:08:20.726521+00:00
江苏华欧电器设备制造有限公司,扬中市三茅街道联丰港港西北路2号,江苏省,镇江市,扬中市,"仪表管阀件,逆变器,交电,桥架\母线槽\开关柜\滑触线\邮电器材\滤清器\家俱\机电设备\塑料制品\乐器制造加工,工艺美术品,五金,塑料制品,滤清网,密封件加工,制造及相关技术咨询服务,金属材料\绝缘材料,电气设备元器件,家具,支吊架,邮电器材,太阳能组件,石墨配件,滑触线,铜排,机电设备,四氟制品,绝缘材料,母线槽加工,开关柜,金属制品,金属材料,路灯,箱式变电站,模具,光伏设备配件,开关柜壳体,乐器,电线电缆销售,桥架,制造,工艺美术品代购代销",朱*,00000000000,10666.0,10666万人民币,存续,,"配电开关控制设备制造,其他电气机械及器材制造",80.0,enterprise,true,approved,tianxiagongchang.com,1351466,https://www.tianxiagongchang.com/detail/1351466_jiang-su-hua-ou-dian-qi-she-bei-zhi-zao-you-xian-gong-si,逆变器,913211821417528713,1989-08-19,,19,1,"存续,真实工厂,曾用名,扬中县联合供销合作社金属材料门市部 扬中县联合供销社金属材料门市部 扬中县联合金属材料公司 扬中市金晨实业公司 扬中市联合金属材料公司","配电开关控制设备制造,其他电气机械及器材制造",2026-09-15T16:08:20.726521+00:00
江苏金来电气有限公司,扬中市三茅街道风帆路10号,江苏省,镇江市,扬中市,"开关柜,逆变器,金属材料销售,自营和代理各类商品及技术的进出口业务,母线槽,箱式变电站制造,光伏支架,仪表管阀件,劳保用品,滑触线,电缆桥架,LED照明设备,太阳能组件及配件,安装,光伏电站设备,电器元器件制造,电器元器件,支吊架",何**,00000000000,10018.0,10018万人民币,存续,,"其他未列明电气机械及器材制造,输配电及控制设备制造",80.0,enterprise,true,approved,tianxiagongchang.com,1614236,https://www.tianxiagongchang.com/detail/1614236_jiang-su-jin-lai-dian-qi-you-xian-gong-si,逆变器,913211820586094099,2012-11-27,http://www.jsjinlai.com,7,1,"存续,真实工厂","其他未列明电气机械及器材制造,输配电及控制设备制造",2026-09-15T16:08:20.726521+00:00
江苏华旺新材料有限公司,常州市金坛区东康路91号,江苏省,常州市,金坛区,"同轴电导体及其他电导体,产业用纺织制成品销售,铝丝,铜包钢,五金,电线电缆,自营和代理各类商品及技术的进出口业务,普通机械及五金,同轴电导体,普通机械,电器的销售,焊丝,高性能有色金属及合金材料销售,覆铜板的研发生产及销售,LED灯具,镀银线,视频线,日用口罩销售,有色金属合金销售,纳米复合箔,其他电导体,有色金属压延加工,漆包线,针纺织品,覆铜板,产业用纺织制成品制造,新型金属复合箔,建筑材料,各种金属复合材料,电缆电线,依法须经批准的项目,镍合金线,经相关,纺织专用设备制造,机械设备销售,有色金属合金制造,铜包铝,音频线,镀锡线",张**,00000000000,10000.0,10000万人民币,存续,,"金属丝绳及其制品制造,其他未列明制造业",80.0,enterprise,true,approved,tianxiagongchang.com,225379,https://www.tianxiagongchang.com/detail/225379_jiang-su-hua-wang-xin-cai-liao-you-xian-gong-si,LED灯具,91320413MA1N1M0W7K,2016-12-05,http://www.js-hw.cn,16,1,"存续,真实工厂","金属丝绳及其制品制造,其他未列明制造业",2026-09-15T16:08:20.726521+00:00
迅驰车业江苏有限公司,丹阳市丹北镇群楼工业园,江苏省,镇江市,丹阳市,"全车汽车灯具,汽车照明系统,汽车电子,汽车转向系统,汽车饰件,汽车LED灯具,生产,内外饰件,汽车灯具,汽车制动系统研发",张**,00000000000,13377.0,13377万人民币,存续,,"照明灯具制造,汽车零部件及配件制造",80.0,enterprise,true,approved,tianxiagongchang.com,362415,https://www.tianxiagongchang.com/detail/362415_xun-chi-che-ye-jiang-su-you-xian-gong-si,LED灯具,91321181069479638F,2013-05-23,http://www.xunchilamp.com,8,1,"存续,真实工厂","照明灯具制造,汽车零部件及配件制造",2026-09-15T16:08:20.726521+00:00
江苏尚东新能源照明科技有限公司,高邮市送桥镇郭集盘塘村工业小区,江苏省,扬州市,高邮市,"楼宇亮化工程,电线,交通信号器材,信号塔,电力杆,灯具,施工,电子监控设备,照明产品技术研发,市政工程施工,照明器材及配件生产,风能及太阳能发电设备,交通指示牌,交通护栏,风能,安装,照明器材及配件,城市及道路照明工程专业承包,喷泉,太阳能路灯生产销售及安装,塑料管材销售,太阳能发电设备,雕塑,LED灯具,灯杆,自营和代理各类商品及技术的进出口业务,锂电池,生产,广场亮化工程,电缆,道路照明工程设计,LED路灯",陈*,00000000000,5017.0,5017万人民币,存续,,"照明灯具制造,计算机整机制造",80.0,enterprise,true,approved,tianxiagongchang.com,480327,https://www.tianxiagongchang.com/detail/480327_jiang-su-shang-dong-xin-neng-yuan-zhao-ming-ke-ji-you-xian-gong-si,LED灯具,913210843140969493,2014-10-13,,11,2,"存续,真实工厂","照明灯具制造,计算机整机制造",2026-09-15T16:08:20.726521+00:00
浙江名旗展示科技股份有限公司,浙江省嘉兴市嘉善县西塘镇吴越路39号,浙江省,嘉兴市,嘉善县,"展示科技专业领域内的技术研究、技术咨询,室内外装饰,建筑装饰工程,亮化工程,幕墙工程的施工,承办会展,工业设计,软件设计,机电设备上门安装,电子显示屏上门安装,水电安装服务,建筑装潢材料,家具,展示道具,展示架,陈列架,展示柜,标识牌,灯箱,五金制品,户外用品,工艺礼品,百货,LED灯具,电子显示屏,电子产品（除电子出版物）,进出口业务,自有厂房租赁",张**,00000000000,6100.0,6100万人民币,存续,,"木质家具制造,其他数字内容服务",80.0,enterprise,true,approved,tianxiagongchang.com,580466,https://www.tianxiagongchang.com/detail/580466_zhe-jiang-ming-qi-zhan-shi-ke-ji-gu-fen-you-xian-gong-si,LED灯具,91330421MA28A9D0XC,2016-03-23,,5,2,"存续,真实工厂,曾用名,浙江名旗展示科技有限公司","木质家具制造,其他数字内容服务",2026-09-15T16:08:20.726521+00:00
深圳市鼎晟丰科技有限公司,深圳市龙华区民治街道民乐社区民乐工业区4栋611（一照多址企业）,广东省,深圳市,龙华区,"LED灯具,照明节能控制系统,销售,节水,防爆照明产品,电子网络工程及网络技术服务,电器设备,节电技术开发及节能评估,防爆电器设备,连接器,网络技术的开发与销售,工矿灯具,电子网络工程的施工,城市及道路照明工程的施工,计算机软件产品,电子通讯设备,改造工程的施工,太阳能光伏系统等产品的研发,计算机软,太阳能照明系统,LED照明技术,销售及工程施工,电工器材的研发,照明产品",石*,00000000000,6000.0,6000万人民币,存续,,"照明器具制造,其他未列明电气机械及器材制造",80.0,enterprise,true,approved,tianxiagongchang.com,780015,https://www.tianxiagongchang.com/detail/780015_shen-zhen-shi-ding-cheng-feng-ke-ji-you-xian-gong-si,LED灯具,91440300068552426R,2013-04-27,http://www.szdsfkj.com,20,1,"存续,真实工厂","照明器具制造,其他未列明电气机械及器材制造",2026-09-15T16:08:20.726521+00:00
浙江钜驰汽车零部件有限公司,浙江省嘉兴市海宁市尖山新区海市路97号,浙江省,嘉兴市,海宁市,"自有房屋租赁,塑料制品,机械配件,机械配件销售,汽车零部件,从事各类商品及技术的进出口业务,LED灯具,电子产品,模具研发与销售,五金配件,橡胶制品,金属制品,模具",俞**,00000000000,6000.0,6000万人民币,存续,,汽车零部件及配件制造,80.0,enterprise,true,approved,tianxiagongchang.com,1082967,https://www.tianxiagongchang.com/detail/1082967_zhe-jiang-ju-chi-qi-che-ling-bu-jian-you-xian-gong-si,LED灯具,91330481MA29FF9X97,2017-05-02,,5,2,"存续,真实工厂",汽车零部件及配件制造,2026-09-15T16:08:20.726521+00:00
常州市飞黄钢杆有限公司,武进区横山桥镇蓉湖村,江苏省,常州市,武进区,"输电线路钢管杆,通信塔,电气化铁路接触网钢支柱,交通信号杆,电器配件,工矿灯,景观照明的工程设计及施工,角钢塔,自营和代理各类商品及技术的进出口业务,变电构支架,LED灯具,冶金特种合金包芯线制造,配电柜,道路灯,交通标志灯,广场灯,太阳能路灯,应急灯,监控杆,输电线路钢管塔,投光灯,灯具,喷塑加工,硬横梁,高杆灯,指路牌,庭院灯,道路照明,防爆灯,加工及维护",黄**,00000000000,5018.0,5018万人民币,存续,,"金属结构制造,半导体分立器件制造",80.0,enterprise,true,approved,tianxiagongchang.com,1276134,https://www.tianxiagongchang.com/detail/1276134_chang-zhou-shi-fei-huang-gang-gan-you-xian-gong-si,LED灯具,91320412662722280H,2007-06-28,,22,2,"存续,真实工厂,曾用名,常州市飞黄照明器材有限公司 常州市飞黄冶金材料有限公司","金属结构制造,半导体分立器件制造",2026-09-15T16:08:20.726521+00:00
浙江华谊光电科技有限公司,浙江省嘉兴市海盐县武原街道陈家路111号,浙江省,嘉兴市,海盐县,"LED灯具,防爆灯具,照明灯具,消防照明灯具,船用配套设备,防爆管件,防爆仪表,防爆电机,配电箱,低压电器元件,仪器仪表,风机设备,配电开关控制设备,技术开发,技术转让,技术咨询,技术服务,照明亮化工程的安装、维护、检修,机械设备（不含汽车）,五金交电,金属材料,通信设备批发、零售,会务服务,货物及技术的进出口业务",张**,00000000000,8800.0,8800万人民币,存续,,工程和技术研究和试验发展,80.0,enterprise,true,approved,tianxiagongchang.com,1618384,https://www.tianxiagongchang.com/detail/1618384_zhe-jiang-hua-yi-guang-dian-ke-ji-you-xian-gong-si,LED灯具,91330424587779147Y,2011-12-13,http://www.zjhuayi.cn,13,3,"存续,真实工厂,曾用名,浙江核司特光电科技有限公司 嘉兴核司特光电科技有限公司",工程和技术研究和试验发展,2026-09-15T16:08:20.726521+00:00
杭州信多达电子科技有限公司,杭州经济技术开发区白杨街道22号大街36号3幢1楼南侧及2楼,浙江省,杭州市,钱塘区,"智能家用电器控制板,塑料配件,计算机软件,LED灯具,照明器具,模具,机器人,生产设计并销售,线束,小家电类,技术开发,电磁炉,集成吊顶,电机马达,集成电器线路板,网络技术,炊具,智能小家电控制板,线盘",高**,00000000000,6615.38,6615.3846万人民币,存续,,"电子器件制造,其他未列明专业技术服务业",80.0,enterprise,true,approved,tianxiagongchang.com,2021209,https://www.tianxiagongchang.com/detail/2021209_hang-zhou-xin-duo-da-dian-zi-ke-ji-you-xian-gong-si,LED灯具,91330101685828168X,2009-04-03,http://www.xinduoda.com,26,1,"存续,真实工厂","电子器件制造,其他未列明专业技术服务业",2026-09-15T16:08:20.726521+00:00
四川东骏照明器具制造有限公司,威远县庆卫镇黄石村八社,四川省,内江市,威远县,照明器具,雷**,00000000000,1000.0,1000万人民币,存续,,"电气机械和器材制造业,照明器具制造,照明灯具制造",80.0,enterprise,true,approved,tianxiagongchang.com,3848566,https://www.tianxiagongchang.com/detail/3848566_si-chuan-dong-jun-zhao-ming-qi-ju-zhi-zao-you-xian-gong-si,照明器具,91511024MA636LCL92,2017-03-01,,2,1,"存续,真实工厂","电气机械和器材制造业,照明器具制造,照明灯具制造",2026-09-15T16:08:20.726521+00:00
海盐宇吉照明器具有限公司,浙江省嘉兴市海盐县通元镇石泉集镇工业园区7号,浙江省,嘉兴市,海盐县,"照明器具制造,半导体照明器件制造,电子元器件制造,家用电器研发",顾**,00000000000,200.0,200万人民币,存续,,"电光源制造,电气机械和器材制造业,照明器具制造,照明灯具制造",80.0,enterprise,true,approved,tianxiagongchang.com,3546913,https://www.tianxiagongchang.com/detail/3546913_hai-yan-yu-ji-zhao-ming-qi-ju-you-xian-gong-si,照明器具,91330424MA2JGFGB8N,2021-03-16,,3,1,"存续,真实工厂","电光源制造,电气机械和器材制造业,照明器具制造,照明灯具制造",2026-09-15T16:08:20.726521+00:00
寿县楚光照明器具有限公司,安徽省淮南市寿县蜀山现代产业园区科学大道21号工投临港新兴产业园B4幢,安徽省,淮南市,寿县,"照明器具制造、安装、销售,互联网零售",姚**,00000000000,150.0,150万人民币,存续,,"灯用电器附件及其他照明器具制造,照明器具制造,半导体分立器件制造",80.0,enterprise,true,approved,tianxiagongchang.com,857903,https://www.tianxiagongchang.com/detail/857903_shou-xian-chu-guang-zhao-ming-qi-ju-you-xian-gong-si,照明器具,91340422MA2N36FXXG,2016-11-15,,2,0,"存续,真实工厂","灯用电器附件及其他照明器具制造,照明器具制造,半导体分立器件制造",2026-09-15T16:08:20.726521+00:00
靖江市金星照明器具制造有限公司,靖江市城北园区团结工业园常太路北300米,江苏省,泰州市,靖江市,"照明器具,电光源零件制造、销售",邵**,00000000000,51.0,51万人民币,存续,,"电气机械和器材制造业,照明器具制造,灯用电器附件及其他照明器具制造",80.0,enterprise,true,approved,tianxiagongchang.com,3703767,https://www.tianxiagongchang.com/detail/3703767_jing-jiang-shi-jin-xing-zhao-ming-qi-ju-zhi-zao-you-xian-gong-si,照明器具,91321282557061134Q,2010-06-04,,9,0,"存续,真实工厂","电气机械和器材制造业,照明器具制造,灯用电器附件及其他照明器具制造",2026-09-15T16:08:20.726521+00:00
通州区平潮镇腾宇照明器具厂,通州区平潮镇新坝村十九组106号,江苏省,南通市,通州区,"照明器具制造,照明器具销售,金属丝绳及其制品制造,金属丝绳及其制品销售",顾**,00000000000,20.0,20万人民币,存续,,照明灯具制造,80.0,enterprise,true,approved,tianxiagongchang.com,1113172,https://www.tianxiagongchang.com/detail/1113172_tong-zhou-qu-ping-chao-zhen-teng-yu-zhao-ming-qi-ju-chang,照明器具,92320612MA25P1Y35T,2021-04-13,,2,0,"存续,真实工厂",照明灯具制造,2026-09-15T16:08:20.726521+00:00
广州市华宜香灯照明器具有限责任公司,广州市白云区钟落潭镇良沙一路235号1栋401室,广东省,广州市,白云区,"房地产中介服务,房屋租赁,其他照明器具制造,香薰灯LED灯精油,场地租赁,灯用电器附件,照明灯具制造",陈**,00000000000,10.0,10万人民币,存续,,照明灯具制造,80.0,enterprise,true,approved,tianxiagongchang.com,1132540,https://www.tianxiagongchang.com/detail/1132540_guang-zhou-shi-hua-yi-xiang-deng-zhao-ming-qi-ju-you-xian-ze-ren-gong-si,照明器具,91440111MA59ANQU22,2015-11-11,,4,0,"存续,真实工厂",照明灯具制造,2026-09-15T16:08:20.726521+00:00
余姚市泰格尔照明器具厂,余姚市马渚镇骆家弄17号,浙江省,宁波市,余姚市,"多功能应急灯,各种照明器具,LED野营灯,家居用品,加工LED美甲光疗机,头灯",郑*,00000000000,,,存续,,照明灯具制造,80.0,enterprise,true,approved,tianxiagongchang.com,2938977,https://www.tianxiagongchang.com/detail/2938977_yu-yao-shi-tai-ge-er-zhao-ming-qi-ju-chang,照明器具,92330281MA292WAP56,2008-11-18,,5,0,"存续,真实工厂",照明灯具制造,2026-09-15T16:08:20.726521+00:00
海盐县伟达照明器具加工厂,浙江省嘉兴市海盐县百步镇横港村六组,浙江省,嘉兴市,海盐县,"土木工程建筑业,加工,照明器具制造",冯*,00000000000,5.0,5万人民币,存续,,家用厨房电器具制造,80.0,enterprise,true,approved,tianxiagongchang.com,1728099,https://www.tianxiagongchang.com/detail/1728099_hai-yan-xian-wei-da-zhao-ming-qi-ju-jia-gong-chang,照明器具,92330424MA29F9TR0P,2013-02-28,,2,1,"存续,真实工厂",家用厨房电器具制造,2026-09-15T16:08:20.726521+00:00
肇庆市凯晟德照明器具有限公司,广东省肇庆市鼎湖区桂城宝鼎路70号,广东省,肇庆市,鼎湖区,,李**,00000000000,1200.0,1200万人民币,存续,,"智能照明器具制造,其他未列明制造业",80.0,enterprise,true,approved,tianxiagongchang.com,2560251,https://www.tianxiagongchang.com/detail/2560251_zhao-qing-shi-kai-cheng-de-zhao-ming-qi-ju-you-xian-gong-si,照明器具,91441203MA56GTG34L,2021-05-26,,3,1,"存续,真实工厂","智能照明器具制造,其他未列明制造业",2026-09-15T16:08:20.726521+00:00
广州舜朗照明器具有限公司,广州市番禺区石壁街屏山一村林地园四巷7号301,广东省,广州市,番禺区,,封**,00000000000,100.0,100万人民币,存续,,"照明灯具制造,电光源制造",80.0,enterprise,true,approved,tianxiagongchang.com,2001840,https://www.tianxiagongchang.com/detail/2001840_guang-zhou-shun-lang-zhao-ming-qi-ju-you-xian-gong-si,照明器具,914401135799796755,2011-08-04,,5,2,"存续,真实工厂","照明灯具制造,电光源制造",2026-09-15T16:08:20.726521+00:00
军迈工业机器人（上海）有限公司,上海市松江区申港路1895号3层Z333室,上海市,上海市,松江区,"工业机器人,集成系统,电气成套设备,工业自动化设备,机电设备及配件,机械设备及配件,技术开发,技术咨询,技术服务,五金交电,电子产品销售",周*,00000000000,1500.0,1500万人民币,存续,,"工业机器人制造,其他专用设备制造",80.0,enterprise,true,approved,tianxiagongchang.com,725510,https://www.tianxiagongchang.com/detail/725510_jun-mai-gong-ye-ji-qi-ren-shang-hai-you-xian-gong-si,工业机器人,91310117MA1J170N9A,2016-03-29,,5,2,"存续,真实工厂","工业机器人制造,其他专用设备制造",2026-09-15T16:08:20.726521+00:00
四川纽赛特工业机器人制造有限公司,四川省成都市都江堰市四川都江堰经济开发区同心路8号,四川省,成都市,都江堰市,"工业机器人制造、研发及销售,工业自动控制系统装置制造、研发及销售,工业软件开发及经营,销售机器设备,五金产品,电子产品,货物进出口,工业设计服务,技术进出口,教育咨询服务（不含出国留学及中介服务、不含课外辅导及培训）,信息技术咨询服务,企业管理咨询服务",陈*,00000000000,1677.0,1677万人民币,存续,,"工业机器人制造,其他未列明制造业",80.0,enterprise,true,approved,tianxiagongchang.com,2918892,https://www.tianxiagongchang.com/detail/2918892_si-chuan-niu-sai-te-gong-ye-ji-qi-ren-zhi-zao-you-xian-gong-si,工业机器人,91510181MA61R8DA29,2015-10-23,http://www.nstrobotics.com,8,1,"存续,真实工厂","工业机器人制造,其他未列明制造业",2026-09-15T16:08:20.726521+00:00
深圳正华工业机器人有限公司,深圳市光明区马田街道合水口社区下朗工业区第三十九栋1002,广东省,深圳市,光明区,"电子耗材的销售,电子设备,工业机器人的研发与销售,货物及技术的进出口,自动化设备,国内贸易,五金工具",王**,00000000000,500.0,500万人民币,存续,,"工业机器人制造,批发业,机械设备、五金产品及电子产品批发,其他机械设备及电子产品批发",80.0,enterprise,true,approved,tianxiagongchang.com,3710179,https://www.tianxiagongchang.com/detail/3710179_shen-zhen-zheng-hua-gong-ye-ji-qi-ren-you-xian-gong-si,工业机器人,91440300MA5DDW1J82,2016-06-02,,3,1,"存续,真实工厂","工业机器人制造,批发业,机械设备、五金产品及电子产品批发,其他机械设备及电子产品批发",2026-09-15T16:08:20.726521+00:00
新答尔工业机器人(上海)有限公司,上海市松江区文松路333弄26号401室,上海市,上海市,,"耗材,配件,毛刺清理打磨抛光抓手系统,打磨机器人,变位器,外围设备控制系统,搬运机器人,工业机器人系统集成,机器人夹具,输送设备,机器视觉,FA系统这一领域中,安全装置,围栏,传感器,异形件抛光系统,大型非标准自动化机械制造,抛光机器人,喷涂焊接机器人,去毛刺机器人",李*,00000000000,833.33,833.3333万人民币,存续,,"其他通用设备制造业,工业机器人制造,通用设备制造业",80.0,enterprise,true,approved,tianxiagongchang.com,4415900,https://www.tianxiagongchang.com/detail/4415900_xin-da-er-gong-ye-ji-qi-ren-(-shang-hai-)-you-xian-gong-si,工业机器人,9131011709002964XQ,2014-01-08,https://www.sdr-robotics.cn,9,1,存续,"其他通用设备制造业,工业机器人制造,通用设备制造业",2026-09-15T16:08:20.726521+00:00
福建省微柏工业机器人有限公司,福建省泉州市洛江区河市镇庄田村下庄256号,福建省,泉州市,洛江区,"系统解决方案,上下料,焊接机器人厂家,非标自动化设备,工业机械手,数字化,各类工业机器人的集成应用系统服务,机械手系列产品,模内贴标系统,福建工业机器人,工业机器人,智能化生产设备",蔡**,00000000000,2000.0,2000万人民币,存续,,"工业机器人制造,其他电子专用设备制造",80.0,enterprise,true,approved,tianxiagongchang.com,2537208,https://www.tianxiagongchang.com/detail/2537208_fu-jian-sheng-wei-bai-gong-ye-ji-qi-ren-you-xian-gong-si,工业机器人,913505035692628226,2011-01-26,,24,0,"存续,真实工厂,曾用名,泉州市微柏工业机器人研究院有限公司 微柏工业机器人（泉州）有限公司 微柏数控技术（泉州）有限公司","工业机器人制造,其他电子专用设备制造",2026-09-15T16:08:20.726521+00:00
扬州中欧工业机器人有限公司,扬州高新技术产业开发区吉安北路198号,江苏省,扬州市,邗江区,"自动灌装机械,码垛设备,工业机器人,自营和代理各类商品及技术的进出口业务",曾**,00000000000,1000.0,1000万人民币,存续,,"其他专用设备制造,工业机器人制造",80.0,enterprise,true,approved,tianxiagongchang.com,1268049,https://www.tianxiagongchang.com/detail/1268049_yang-zhou-zhong-ou-gong-ye-ji-qi-ren-you-xian-gong-si,工业机器人,91321003670144759H,2008-01-03,http://www.zojqr.com,33,0,"存续,真实工厂,曾用名,江苏中欧机械有限公司","其他专用设备制造,工业机器人制造",2026-09-15T16:08:20.726521+00:00
东莞市高登工业机器人有限公司,东莞市长安镇上角社区振兴路43号C区三楼301,广东省,东莞市,东莞市,"工业机器人,工业机器视觉系统,机器人集成系统,自动化设备,自动化生产线,治具,夹具,继电器,货物进出口,技术进出口",唐**,00000000000,500.0,500万人民币,存续,,"工业机器人制造,计算机、通信和其他电子设备制造业,电子器件制造",80.0,enterprise,true,approved,tianxiagongchang.com,3701303,https://www.tianxiagongchang.com/detail/3701303_dong-guan-shi-gao-deng-gong-ye-ji-qi-ren-you-xian-gong-si,工业机器人,91441900MA4UJAQ75X,2015-10-27,https://www.gd-robots.com,2,0,"存续,真实工厂","工业机器人制造,计算机、通信和其他电子设备制造业,电子器件制造",2026-09-15T16:08:20.726521+00:00
常州市骠马工业机器人系统工程有限公司,常州市新北区汉江西路999号,江苏省,常州市,新北区,"智能仓储成套设备,电气自动控制系统及软件设计,智能车库成套设备,自营和代理各类商品和技术的进出口业务,技术服务,制造,安装,技术咨询,涂装生产线,房屋租赁,工业,智能冷库成套设备的设计,调试,停车场管理服务,技术服务和销售,移动机器人控制软件及系统的技术开发,工业导航小车,工业机器人系统,销售",季**,00000000000,10000.0,10000万人民币,存续,,"其他专用设备制造,其他非金属矿物制品制造",80.0,enterprise,true,approved,tianxiagongchang.com,2348714,https://www.tianxiagongchang.com/detail/2348714_chang-zhou-shi-biao-ma-gong-ye-ji-qi-ren-xi-tong-gong-cheng-you-xian-gong-si,工业机器人,91320411582258553Q,2011-09-05,http://www.piaoma.net,12,1,"存续,真实工厂","其他专用设备制造,其他非金属矿物制品制造",2026-09-15T16:08:20.726521+00:00
广州启帆工业机器人有限公司,广州经济技术开发区新瑞路2号,广东省,广州市,,"焊接机器人,电子,通信与自动控制技术研究,搬码拣机器人,技术进出口,工业机器人冲压机械手冲压自动化五金冲压机,工业机器人制造,机械设备租赁,三维激光切割,机械零部件加工,通用机械设备销售,码垛机器人,开发,货物进出口,喷涂机器人,商品批发贸易",彭*,00000000000,2862.32,2862.32万人民币,存续,,"专用设备制造业,电子和电工机械专用设备制造,电工机械专用设备制造",80.0,enterprise,true,approved,tianxiagongchang.com,4394028,https://www.tianxiagongchang.com/detail/4394028_guang-zhou-qi-fan-gong-ye-ji-qi-ren-you-xian-gong-si,工业机器人,914401160940981324,2014-03-20,www.stsrobot.com,50,1,存续,"专用设备制造业,电子和电工机械专用设备制造,电工机械专用设备制造",2026-09-15T16:08:20.726521+00:00
无锡百禾工业机器人有限公司,无锡市锡山经济技术开发区通云路77号,江苏省,无锡市,,"数控车床机械手,无人自动化AGV,机器人集成应用产线,AGV小车,电气设备,机床机械手,焊接自动生产线,AGV搬运小车,通用机械设备,桁架机械手,水平多关节机械手,打码机,自动化控制设备,商气动标记打印机,江苏工业机器人,光伏自动生产线,桁架机械手码垛机器人自动物流系统缓冲器等,自动化机械手,6轴机器人,重力搬运产线,工业机器人,码垛机械手,数控车床上下料,零部件,智能机械手,桌上型机械手,数控加工智能产线,搬运机械手,AGVAGV小车AGV自动搬运小车自动搬运AGV小车搬运机器人自动化加工生产线重力搬运产线上下料机械手重力搬运机械手智能机床生产线,百禾工业机器人桁架机械手,电子元器件,工业标记打印机,AGV自动搬运车,关节机器人,工业控制软件,单轴机械手,自动搬运AGV小车,上下料机械手",曲**,00000000000,150.0,150.00万人民币,存续,,"仪器仪表制造业,工业自动控制系统装置制造,通用仪器仪表制造",80.0,enterprise,true,approved,tianxiagongchang.com,4366101,https://www.tianxiagongchang.com/detail/4366101_wu-xi-bai-he-gong-ye-ji-qi-ren-you-xian-gong-si,工业机器人,91320205720634319P,2000-05-15,https://www.wxbaihe.com.cn,35,3,"存续,曾用名,无锡新光电脑设备有限公司 锡山市新光电脑设备有限公司","仪器仪表制造业,工业自动控制系统装置制造,通用仪器仪表制造",2026-09-15T16:08:20.726521+00:00
苏州朗坤自动化设备股份有限公司,苏州高新区火炬路87号,江苏省,苏州市,虎丘区,"电路设计及测试服务,安装服务,维护,测试服务,生产：自动化设备,电子系列工具及小型机电设备,治具,小型机电设备,电子元件,人力资源服务,测试,销售：自产产品并提供相关的技术和售后服务,自动化设备,研发,物流设备,夹具,视觉定位检测的研发,自产产品并提供相关的技术和售后服务,自营和代理各类商品及技术的进出口业务,视觉定位检测的研发和技术咨询服务,激光模板,技术咨询服务,模具,气动元件,自动化专用设备,机器人,安装服务：机械零件,咨询,电子系列工具,视觉定位检测的软件开发,机械零件",郑**,00000000000,7185.56,7185.5612万人民币,存续,,"电子和电工机械专用设备制造,应用电视设备及其他广播电视设备制造",80.0,enterprise,true,approved,tianxiagongchang.com,2285553,https://www.tianxiagongchang.com/detail/2285553_su-zhou-lang-kun-zi-dong-hua-she-bei-gu-fen-you-xian-gong-si,自动化设备,913205056720058759,2008-01-21,http://www.langkunauto.com,9,1,"存续,真实工厂,曾用名,苏州朗坤自动化设备有限公司","电子和电工机械专用设备制造,应用电视设备及其他广播电视设备制造",2026-09-15T16:08:20.726521+00:00
泰安市三恒自动化设备有限公司,新泰市汶南镇（山东华恒矿业有限公司非煤工业园区）,山东省,泰安市,新泰市,"矿用配件,矿用带式输送机制造,通用零部件,工艺品,高压胶管总成组装,电控设备的制造,工业自动控制系统装置制造,工艺品的生产,五金工具的销售,矿用托辊,仪器仪表,化工产品,加工,塑料编织,电控设备,煤矿通信设备,工矿自动化设备,矿山支护用品,机械电器设备的维修,工业自动化成套监控系统装置,叉车租赁,机床加工,电线电缆,销售,钢材",李*,00000000000,5100.0,5100万人民币,存续,,"通用零部件制造,工业自动控制系统装置制造",80.0,enterprise,true,approved,tianxiagongchang.com,2502313,https://www.tianxiagongchang.com/detail/2502313_tai-an-shi-san-heng-zi-dong-hua-she-bei-you-xian-gong-si,自动化设备,913709826601578042,2007-03-16,http://www.tashzdh.com/,3,1,"存续,真实工厂","通用零部件制造,工业自动控制系统装置制造",2026-09-15T16:08:20.726521+00:00
东莞市伟创华鑫自动化设备有限公司,广东省东莞市常平镇东平大道常平段35号,广东省,东莞市,东莞市,"自动化设备,立体停车设备,上门安装及维护保养",胡**,00000000000,33800.0,33800万人民币,存续,,"其他专用设备制造,仪器仪表制造业,通用仪器仪表制造",80.0,enterprise,true,approved,tianxiagongchang.com,3749440,https://www.tianxiagongchang.com/detail/3749440_dong-guan-shi-wei-chuang-hua-xin-zi-dong-hua-she-bei-you-xian-gong-si,自动化设备,9144190032500195X8,2015-01-09,,8,1,"存续,真实工厂","其他专用设备制造,仪器仪表制造业,通用仪器仪表制造",2026-09-15T16:08:20.726521+00:00
无锡科天海自动化设备有限公司,无锡市惠山区堰桥街道堰宁路88号,江苏省,无锡市,惠山区,"自动化设备,搬运设备,包装机械,环保设备的研发、制造、加工、安装、维修,技术服务,技术转让,机械设备,五金产品,电子产品的销售,自营和代理各类商品及技术的进出口业务",邹**,00000000000,1500.0,1500万人民币,存续,,"其他未列明通用设备制造业,工程和技术研究和试验发展",80.0,enterprise,true,approved,tianxiagongchang.com,272220,https://www.tianxiagongchang.com/detail/272220_wu-xi-ke-tian-hai-zi-dong-hua-she-bei-you-xian-gong-si,自动化设备,91320206MA1N1XGD3X,2016-12-06,http://www.wuxikth.com,9,1,"存续,真实工厂","其他未列明通用设备制造业,工程和技术研究和试验发展",2026-09-15T16:08:20.726521+00:00
苏州盛地自动化设备有限公司,苏州市吴中区东太湖路2266号2幢,江苏省,苏州市,吴中区,"水处理设备,喷枪PH计,维护,仪器仪表,电子产品,工业自动化设备,机械设备,机电设备安装",吴**,00000000000,1001.0,1001万人民币,存续,,工业自动控制系统装置制造,80.0,enterprise,true,approved,tianxiagongchang.com,380072,https://www.tianxiagongchang.com/detail/380072_su-zhou-sheng-di-zi-dong-hua-she-bei-you-xian-gong-si,自动化设备,913205067859576103,2006-03-23,http://www.sengd.com,17,1,"存续,真实工厂",工业自动控制系统装置制造,2026-09-15T16:08:20.726521+00:00
河北有为安科自动化设备有限公司,河北省沧州市黄骅市开发区神华大街西金江路北,河北省,沧州市,黄骅市,"制造,安装自动化机械设备,环保设备,汽车配件,金属制品,通用零部件加工,销售机电设备及配件,金属材料,不锈钢制品,五金交电,建筑材料,装饰材料,劳务服务,建筑劳务分包,专业承包,施工总承包,仓储服务,机械设备租赁,自动化设备技术开发,技术咨询、技术服务,道路货物运输,货物进出口",商**,00000000000,1200.0,1200万人民币,存续,,"其他未列明通用设备制造业,工业自动控制系统装置制造",80.0,enterprise,true,approved,tianxiagongchang.com,412478,https://www.tianxiagongchang.com/detail/412478_he-bei-you-wei-an-ke-zi-dong-hua-she-bei-you-xian-gong-si,自动化设备,91130983MA07Q73893,2016-04-26,,4,1,"存续,真实工厂","其他未列明通用设备制造业,工业自动控制系统装置制造",2026-09-15T16:08:20.726521+00:00
新乡市华隆自动化设备有限公司,河南省新乡市高新区火炬园F3座（201-202）-150,河南省,新乡市,红旗区,"技术转让,互联网服务,节水灌溉物联网控制设备,销售,技术开发,货物进出口,自动化设备,水利水电智能系统软件,玻璃钢制品,工业机器人,电子产品销售,农业远程自动化监控系统的技术研发销售及技术服务,阀门,环保设备,仪器仪表生产,农田灌溉信息化系统,电气设备,水电双计量控制设备,计算机系统集成,光伏发电产品,软件开发销售,智能节水灌溉设备,涡轮,涡街流量计,五金机电,电磁",宋*,00000000000,1200.0,1200万人民币,存续,,"通用仪器仪表制造,其他机械设备及电子产品批发",80.0,enterprise,true,approved,tianxiagongchang.com,577865,https://www.tianxiagongchang.com/detail/577865_xin-xiang-shi-hua-long-zi-dong-hua-she-bei-you-xian-gong-si,自动化设备,914107003176810438,2014-12-01,http://www.xxhualong.com,10,3,"存续,真实工厂","通用仪器仪表制造,其他机械设备及电子产品批发",2026-09-15T16:08:20.726521+00:00
无锡畅达万盛自动化设备有限公司,无锡市惠山区洛社镇广石路1087号,江苏省,无锡市,惠山区,"制造,输送设备,自动化设备,销售,加工,通用设备的研发",孙**,00000000000,1600.0,1600万人民币,存续,,"其他通用设备制造业,通用仪器仪表制造",80.0,enterprise,true,approved,tianxiagongchang.com,648781,https://www.tianxiagongchang.com/detail/648781_wu-xi-chang-da-wan-sheng-zi-dong-hua-she-bei-you-xian-gong-si,自动化设备,913202063308881299,2015-02-25,http://www.wxcdws.cn,3,1,"存续,真实工厂","其他通用设备制造业,通用仪器仪表制造",2026-09-15T16:08:20.726521+00:00
山东道名自动化设备有限公司,山东省德州市禹城市国家高新技术产业开发区创业街中段（禹城智能制造产业园11号）,山东省,德州市,禹城市,"机电设备,建材,木制品,空气净化设备,包装设备,空调,销售,电力设备销售,水处理设备,软件开发,安装,五金交电,建筑材料销售,电线电缆,金属制品,五金制品,塑料包装制品生产,畜牧养殖设备,工业机器人,园林绿化工程,智能仓储设备,钢结构安装工程施工,建筑设备,销售：自动化设备,五金电料,钢材,自动化设备,建筑装饰装修工程,电子产品,机械设备及配件",梁**,00000000000,2000.0,2000万人民币,存续,,"电线、电缆制造,其他机械设备及电子产品批发",80.0,enterprise,true,approved,tianxiagongchang.com,807627,https://www.tianxiagongchang.com/detail/807627_shan-dong-dao-ming-zi-dong-hua-she-bei-you-xian-gong-si,自动化设备,91370102MA3C6RMMX5,2016-02-29,,10,1,"存续,真实工厂","电线、电缆制造,其他机械设备及电子产品批发",2026-09-15T16:08:20.726521+00:00
山东山诚自动化设备有限公司,山东省济南市莱芜区汇河大道以北太平西路以西连城智造产业园3号楼,山东省,济南市,莱芜区,"自动化设备,机电产品,防爆电器,仪器仪表,电气开关,环保设备,矿山机械及配件,锅炉辅机及配件销售、维修",陈*,00000000000,3600.0,3600万人民币,存续,,"配电开关控制设备制造,其他未列明电气机械及器材制造",80.0,enterprise,true,approved,tianxiagongchang.com,823816,https://www.tianxiagongchang.com/detail/823816_shan-dong-shan-cheng-zi-dong-hua-she-bei-you-xian-gong-si,自动化设备,91370116MA3R7RCM5A,2019-12-16,,5,1,"存续,真实工厂,曾用名,山东众诚自动化设备有限公司","配电开关控制设备制造,其他未列明电气机械及器材制造",2026-09-15T16:08:20.726521+00:00
宁波华臣输送设备制造有限公司,浙江省象山县经济开发区滨海工业园金商路20号,浙江省,宁波市,象山县,"聚胺脂清扫器,无动力除尘治理技术转动站设备,防撕裂缓冲床,新型酒水器,固定带式输送机,加工,密封式电动三通挡板,皮带伸缩装置及其主要配备产品,滚筒组,刮水器,栈桥冲洗器,电动推杆及各类型托辊,DTⅡ型,输送设备,电动双侧犁式卸料器,锁气漏斗,各类耐冲击熘管,弯管,齿轮对中缓冲锁气器,HQ型移动式带式输送机,机械配件制造,DT75型",陈**,00000000000,6000.0,6000万人民币,存续,,"其他专用设备制造,其他物料搬运设备制造",80.0,enterprise,true,approved,tianxiagongchang.com,924071,https://www.tianxiagongchang.com/detail/924071_ning-bo-hua-chen-shu-song-she-bei-zhi-zao-you-xian-gong-si,输送设备,91330225775600853X,2005-05-31,http://www.nbhczz.cn,17,2,"存续,真实工厂","其他专用设备制造,其他物料搬运设备制造",2026-09-15T16:08:20.726521+00:00
保定铭德输送设备制造有限公司,河北省保定市蠡县蠡吾镇大宋村,河北省,保定市,蠡县,"销售输送机械设备整机及配件,托辊支架,托辊,阻燃输送带,输送带,安装,特种输送带,制造,输送设备设计,加工,普通输送带,滚筒,帆布,货物或技术进出口",赵**,00000000000,9580.0,9580万人民币,存续,,"橡胶板、管、带制造,连续搬运设备制造",80.0,enterprise,true,approved,tianxiagongchang.com,2748494,https://www.tianxiagongchang.com/detail/2748494_bao-ding-ming-de-shu-song-she-bei-zhi-zao-you-xian-gong-si,输送设备,91130635056520072M,2012-11-07,,11,1,"存续,真实工厂","橡胶板、管、带制造,连续搬运设备制造",2026-09-15T16:08:20.726521+00:00
天津德仕达起重输送设备有限公司,天津开发区黄海路8号海盈公寓-1706（存在多址信息）,天津市,天津市,滨海新区,"欧式起重设备,物料输送产品,调试及相关技术咨询服务,起重设备,安装,影视,体育,娱乐,物料输送设备,产品设计,生产,非标物流设备",王**,00000000000,5005.0,5005万人民币,存续,,物料搬运设备制造,80.0,enterprise,true,approved,tianxiagongchang.com,3432694,https://www.tianxiagongchang.com/detail/3432694_tian-jin-de-shi-da-qi-zhong-shu-song-she-bei-you-xian-gong-si,输送设备,911201167736493706,2005-06-27,http://www.deustar.com,51,1,"存续,真实工厂",物料搬运设备制造,2026-09-15T16:08:20.726521+00:00
建平华凯输送设备有限公司,辽宁省朝阳市建平县经济开发区东城街道工人路北,辽宁省,朝阳市,建平县,"普通货运,制造输送设备,链条加工,链条组装服务,热处理加工及劳务服务,喷漆施工,机械零部件加工及劳务服务,机械零部件包装服务,钢材销售",张**,00000000000,2000.0,2000万人民币,存续,,"黑色金属铸造,普通货物道路运输",80.0,enterprise,true,approved,tianxiagongchang.com,446091,https://www.tianxiagongchang.com/detail/446091_jian-ping-hua-kai-shu-song-she-bei-you-xian-gong-si,输送设备,91211322MA0XQL7L2P,2018-05-04,http://www.jphkss.com,10,1,"存续,真实工厂","黑色金属铸造,普通货物道路运输",2026-09-15T16:08:20.726521+00:00
象山鸿运输送设备有限公司,浙江省象山县丹西街道菱河头村,浙江省,宁波市,象山县,"输送设备,相关机械配套设备,五金机械,橡胶制品制造、加工、批发、零售,电力设备安装、检修、维护",陈**,00000000000,2000.0,2000万人民币,存续,,其他传动部件制造,80.0,enterprise,true,approved,tianxiagongchang.com,981679,https://www.tianxiagongchang.com/detail/981679_xiang-shan-hong-yun-shu-song-she-bei-you-xian-gong-si,输送设备,91330225MA2817TT4Y,2015-11-24,,6,1,"存续,真实工厂",其他传动部件制造,2026-09-15T16:08:20.726521+00:00
河南瑞德克气力输送设备有限公司,河南省新乡市长垣市常村镇循环经济产业园纬二路常樊路交叉口向东100米路北,河南省,新乡市,长垣市,"自动化成套控制系统设计、生产、销售,气力输送设备专业承包,机械设备,干灰散装机,脉冲布袋除尘器,技术咨询,气力输送设备施工总承包,技术转让,阀门,仪器仪表,代理进出口,电气设备,真空压力释放阀,压力容器设计、制造、维修和安装,气力输送系统设备,粉料输送系统,喷吹系统,环保设备设计、制造,机械输送设备技术开发,计算机系统服务,气力输送设备,双轴加湿搅拌机,灰库设备,配料成套解决方案,货物进出口,技术进出口,销售自产产品,技术服务,金属材料,工业智能化固体物料气力输送系统,工业设备",胡**,00000000000,5000.0,5000万人民币,存续,,连续搬运设备制造,80.0,enterprise,true,approved,tianxiagongchang.com,4197089,https://www.tianxiagongchang.com/detail/4197089_he-nan-rui-de-ke-qi-li-shu-song-she-bei-you-xian-gong-si,输送设备,91410728MA44F9UQ8F,2017-09-29,http://www.bjredc.com,10,1,"存续,真实工厂",连续搬运设备制造,2026-09-15T16:08:20.726521+00:00
江西博阳输送设备有限公司,江西省宜春市奉新县工业园区广源路,江西省,宜春市,奉新县,"输送设备生产,销售",任**,00000000000,2000.0,2000万人民币,存续,,连续搬运设备制造,80.0,enterprise,true,approved,tianxiagongchang.com,4277746,https://www.tianxiagongchang.com/detail/4277746_jiang-xi-bo-yang-shu-song-she-bei-you-xian-gong-si,输送设备,91360921MA35TLAF9W,2017-03-24,,3,1,"存续,真实工厂",连续搬运设备制造,2026-09-15T16:08:20.726521+00:00
无锡惠畅输送设备有限公司,无锡惠山经济开发区阳山配套区天顺路12号,江苏省,无锡市,惠山区,"输送设备,加工,通用机械及配件的制造",薛*,00000000000,500.0,500万人民币,存续,,"其他通用零部件制造,物料搬运设备制造",80.0,enterprise,true,approved,tianxiagongchang.com,554515,https://www.tianxiagongchang.com/detail/554515_wu-xi-hui-chang-shu-song-she-bei-you-xian-gong-si,输送设备,913202065939504734,2012-04-17,,6,1,"存续,真实工厂","其他通用零部件制造,物料搬运设备制造",2026-09-15T16:08:20.726521+00:00
沧州众锐输送设备制造有限公司,盐山县西三里村西路南,河北省,沧州市,盐山县,"其他物料搬运设备制造,制造销售机械设备,建筑机械设备,输送设备,输送设备配件,橡塑制品,五金配件,焊接件,管道管件,法兰,支吊架,不锈钢制品,货物及技术的进出口业务",汪*,00000000000,600.0,600万人民币,存续,,"金属结构制造,其他物料搬运设备制造",80.0,enterprise,true,approved,tianxiagongchang.com,856529,https://www.tianxiagongchang.com/detail/856529_cang-zhou-zhong-rui-shu-song-she-bei-zhi-zao-you-xian-gong-si,输送设备,91130925MA7MFW105L,2022-04-18,,2,2,"存续,真实工厂","金属结构制造,其他物料搬运设备制造",2026-09-15T16:08:20.726521+00:00
无锡振鼎输送设备有限公司,无锡市惠山区洛社镇镇北村祥和路25号,江苏省,无锡市,惠山区,"加工,通用设备的制造,输送设备,通用设备,弯管,金属制品",卞**,00000000000,1000.0,1000万人民币,存续,,"机械零部件加工,物料搬运设备制造",80.0,enterprise,true,approved,tianxiagongchang.com,1103025,https://www.tianxiagongchang.com/detail/1103025_wu-xi-zhen-ding-shu-song-she-bei-you-xian-gong-si,输送设备,91320206314015600U,2014-09-26,,6,1,"存续,真实工厂","机械零部件加工,物料搬运设备制造",2026-09-15T16:08:20.726521+00:00
廊坊百冠包装机械有限公司,廊坊开发区全兴路27号,河北省,廊坊市,广阳区,"灌装机,饮料包装设备,纯净水生产线,包装机械,七,半自动吹瓶机及模具,果汁茶饮料生产线,饮料机械,吹瓶机,六,全自动吹瓶机,无菌灌装生产线",刘**,00000000000,5128.2,5128.2万人民币,存续,,食品、酒、饮料及茶生产专用设备制造,80.0,enterprise,true,approved,tianxiagongchang.com,914951,https://www.tianxiagongchang.com/detail/914951_lang-fang-bai-guan-bao-zhuang-ji-xie-you-xian-gong-si,包装机械,91131001673242098B,2007-01-16,http://www.bestcrownchina.com,55,1,"存续,真实工厂,曾用名,廊坊包装设备制造总公司 廊坊锻压机床厂（廊坊包装设备制造总公司） 锻压机床厂 廊坊锻压机床厂（廊坊包装设备制造总公司",食品、酒、饮料及茶生产专用设备制造,2026-09-15T16:08:20.726521+00:00
山东明辉包装机械有限公司,山东省潍坊市青州市经济开发区昭德北路3209号,山东省,潍坊市,青州市,"液体灌装机械,货物进出口,包装机械,销售,塑料机械,塑料制品销售,水处理设备制造,制造,灌装机械",卢**,00000000000,7000.0,7000万人民币,存续,,"食品、酒、饮料及茶生产专用设备制造,其他未列明制造业",80.0,enterprise,true,approved,tianxiagongchang.com,2008569,https://www.tianxiagongchang.com/detail/2008569_shan-dong-ming-hui-bao-zhuang-ji-xie-you-xian-gong-si,包装机械,913707817402141865,2002-05-10,http://www.sdmhjx.com,31,1,"存续,真实工厂,曾用名,青州市明辉包装机械有限公司","食品、酒、饮料及茶生产专用设备制造,其他未列明制造业",2026-09-15T16:08:20.726521+00:00
恩七特包装机械（昆山）有限公司,昆山市千灯镇石浦仁成路172号3幢,江苏省,苏州市,昆山市,"五金包装机械的研发、生产、销售及上门维护服务,塑料制品,电子产品,劳保用品,建筑材料,机械设备,机电设备,包装材料,纸制品的销售,货物及技术的进出口业务",白**,00000000000,1500.0,1500万人民币,存续,,"其他机械设备及电子产品批发,金属加工机械制造",80.0,enterprise,true,approved,tianxiagongchang.com,834646,https://www.tianxiagongchang.com/detail/834646_en-qi-te-bao-zhuang-ji-xie-kun-shan-you-xian-gong-si,包装机械,91320583MA1MFM5J84,2016-03-01,,13,1,"存续,真实工厂","其他机械设备及电子产品批发,金属加工机械制造",2026-09-15T16:08:20.726521+00:00
南京顺鼎包装机械有限公司,南京市江宁区淳化街道青龙大道11号,江苏省,南京市,江宁区,"电气设备,普通机械及配件,机械设备,电子元器件,包装机械,技术服务,温瓶机,五金交电销售,自动化系统工程设计,建筑材料,电气设备安装,饮料工业生产流水线设备,销售,安装,冷瓶机,输箱系统,啤酒饮料无压力输送系统,输瓶系统,电力设备及配件,电子设备加工",丁*,00000000000,1080.0,1080万人民币,存续,,"包装专用设备制造,电气设备批发",80.0,enterprise,true,approved,tianxiagongchang.com,1083035,https://www.tianxiagongchang.com/detail/1083035_nan-jing-shun-ding-bao-zhuang-ji-xie-you-xian-gong-si,包装机械,913201153024181111,2014-10-08,http://www.njshunding.com,7,1,"存续,真实工厂","包装专用设备制造,电气设备批发",2026-09-15T16:08:20.726521+00:00
江苏辉河包装机械有限公司,东台经济开发区人民路366号,江苏省,盐城市,东台市,液体包装机械,赵**,00000000000,1236.79,1236.7925万人民币,存续,,碳酸饮料制造,80.0,enterprise,true,approved,tianxiagongchang.com,1129354,https://www.tianxiagongchang.com/detail/1129354_jiang-su-hui-he-bao-zhuang-ji-xie-you-xian-gong-si,包装机械,91320582331152762W,2015-04-08,http://www.huihemachinery.com,19,1,"存续,真实工厂",碳酸饮料制造,2026-09-15T16:08:20.726521+00:00
瑞安市长城印刷包装机械有限公司,浙江省温州市瑞安市南滨街道围三路268号,浙江省,温州市,瑞安市,"通讯,印刷机械,塑料机械制造,技术进出口,包装机械,销售,电子,货物进出口,通信",王*,00000000000,3500.0,3500万人民币,存续,,印刷专用设备制造,80.0,enterprise,true,approved,tianxiagongchang.com,1305571,https://www.tianxiagongchang.com/detail/1305571_rui-an-shi-chang-cheng-yin-shua-bao-zhuang-ji-xie-you-xian-gong-si,包装机械,913303811456122947,1986-12-31,,20,1,"存续,真实工厂,曾用名,瑞安市长城印刷包装机械实业公司 瑞安市长城机电设备厂",印刷专用设备制造,2026-09-15T16:08:20.726521+00:00
温州凯祥包装机械有限公司,浙江省温州市平阳县海西镇宋埠村公园北路50号西侧楼419,浙江省,温州市,平阳县,"加工,技术进出口,包装机械,包装机械制造,机械设备制造,销售,货物进出口",杨**,00000000000,1010.0,1010万人民币,存续,,"包装专用设备制造,其他金属加工机械制造",80.0,enterprise,true,approved,tianxiagongchang.com,1743730,https://www.tianxiagongchang.com/detail/1743730_wen-zhou-kai-xiang-bao-zhuang-ji-xie-you-xian-gong-si,包装机械,91330381069233902D,2013-05-20,http://www.wzkxjx.com,18,3,"存续,真实工厂,曾用名,瑞安市凯祥包装机械有限公司","包装专用设备制造,其他金属加工机械制造",2026-09-15T16:08:20.726521+00:00
诸城市亿康食品包装机械有限公司,山东省潍坊市诸城市龙都街道办事处龙都工业园,山东省,潍坊市,诸城市,"货物进出口业务,包装机械,屠宰机械,运输,食品机械,物流,仓储",赵**,00000000000,3000.0,3000万人民币,存续,,食品、酒、饮料及茶生产专用设备制造,80.0,enterprise,true,approved,tianxiagongchang.com,2268757,https://www.tianxiagongchang.com/detail/2268757_zhu-cheng-shi-yi-kang-shi-pin-bao-zhuang-ji-xie-you-xian-gong-si,包装机械,913707827609583773,2004-03-16,,20,1,"存续,真实工厂",食品、酒、饮料及茶生产专用设备制造,2026-09-15T16:08:20.726521+00:00
东光县立飞包装机械有限公司,河北省沧州市东光经济开发区包装和机械装备制造园区A区,河北省,沧州市,东光县,"水墨瓦楞纸板印刷机,三五层瓦楞纸板生产线,其他包装成型机械,包装机械配附件,其他印刷设备,免版模切成型机,模切机,平台模切机,碰线机,高速自动隔板机,薄刀分切压线机,包装机械,成型机,高速机,贴面机,圆压圆模切成型机,订箱机,单面瓦楞纸板生产线,印刷机,裱胶机,包装生产线",李**,00000000000,4000.0,4000万人民币,存续,,印刷专用设备制造,80.0,enterprise,true,approved,tianxiagongchang.com,2300617,https://www.tianxiagongchang.com/detail/2300617_dong-guang-xian-li-fei-bao-zhuang-ji-xie-you-xian-gong-si,包装机械,911309237744429027,2005-05-27,http://lfbzjx.jdzj.com,19,1,"存续,真实工厂",印刷专用设备制造,2026-09-15T16:08:20.726521+00:00
泉州市科盛包装机械有限公司,泉州市惠安城南工业区1号路,福建省,泉州市,惠安县,"开箱机,包装机械,封箱机,半自动热收缩包装机,全自动热收缩包装机,包装机,码垛机,装箱机,自动贴标机,制定塑膜包装机,自动折盒机,自动开箱机,码垛机器人",曾**,00000000000,2000.0,2000万人民币,存续,,"可穿戴智能设备制造,包装专用设备制造,农林牧渔机械配件制造",80.0,enterprise,true,approved,tianxiagongchang.com,3122583,https://www.tianxiagongchang.com/detail/3122583_quan-zhou-shi-ke-sheng-bao-zhuang-ji-xie-you-xian-gong-si,包装机械,91350500156128094J,1991-12-20,http://www.keshengpacking.com,34,1,"存续,真实工厂,曾用名,泉州市科盛包装机械厂","可穿戴智能设备制造,包装专用设备制造,农林牧渔机械配件制造",2026-09-15T16:08:20.726521+00:00
唐山久恒印刷机械有限公司,河北省唐山市玉田县彩亭桥镇东王庄村,河北省,唐山市,玉田县,"计算机系统技术开发,技术服务,技术咨询,技术转让,基础软件的开发与应用,石墨烯,印刷机械设备,医疗器械制造、销售,电子产品,通讯设备,消毒用品销售,机械零部件加工及销售,货物或技术进出口",马**,00000000000,2000.0,2000万人民币,存续,,印刷专用设备制造,80.0,enterprise,true,approved,tianxiagongchang.com,309532,https://www.tianxiagongchang.com/detail/309532_tang-shan-jiu-heng-yin-shua-ji-xie-you-xian-gong-si,印刷机械,91130229688220035F,2009-04-24,,4,1,"存续,真实工厂,曾用名,玉田县久恒印刷包装机械制造有限公司",印刷专用设备制造,2026-09-15T16:08:20.726521+00:00
常州纪文印刷机械有限公司,常州市武进区湟里镇湟里村委弯里村66号,江苏省,常州市,武进区,"印刷器材销售,销售,化工,汽车配件的销售,机械设备,五金,加工,工装夹具,金属材料,纸箱,包装材料,刀模版的制造,纸及纸制品,电子产品,表面喷涂加工,橡塑制品,不干胶,印刷机械设备,丝网印刷,交电",纪**,00000000000,500.0,500万人民币,存续,,"包装装潢及其他印刷,装订及印刷相关服务",80.0,enterprise,true,approved,tianxiagongchang.com,279878,https://www.tianxiagongchang.com/detail/279878_chang-zhou-ji-wen-yin-shua-ji-xie-you-xian-gong-si,印刷机械,913204027487258024,2003-04-24,,9,1,"存续,真实工厂","包装装潢及其他印刷,装订及印刷相关服务",2026-09-15T16:08:20.726521+00:00
盐城松洋印刷机械有限公司,盐城市盐都区郭猛镇新星村六组（H）,江苏省,盐城市,盐都区,"食品用塑料包装容器,塑料包装销售,塑料包装制品制造及销售,纸张,包装装潢塑料印刷,印刷机械,印刷机械制造及销售",吴**,00000000000,500.0,500万人民币,存续,,"包装装潢及其他印刷,印刷、制药、日化及日用品生产专用设备制造",80.0,enterprise,true,approved,tianxiagongchang.com,1272844,https://www.tianxiagongchang.com/detail/1272844_yan-cheng-song-yang-yin-shua-ji-xie-you-xian-gong-si,印刷机械,91320903058638365W,2012-12-04,,5,1,"存续,真实工厂","包装装潢及其他印刷,印刷、制药、日化及日用品生产专用设备制造",2026-09-15T16:08:20.726521+00:00
无锡市苏盛印刷机械有限公司,无锡市惠山区洛社镇镇北村胜利路10号1幢,江苏省,无锡市,惠山区,"聚氨脂辊,印刷机械配件,电器配件,不锈钢辊,橡胶辊芯",苏*,00000000000,500.0,500万人民币,存续,,"金属切削机床制造,采矿、冶金、建筑专用设备制造",80.0,enterprise,true,approved,tianxiagongchang.com,1612376,https://www.tianxiagongchang.com/detail/1612376_wu-xi-shi-su-sheng-yin-shua-ji-xie-you-xian-gong-si,印刷机械,913202067546298680,2003-10-23,,6,2,"存续,真实工厂","金属切削机床制造,采矿、冶金、建筑专用设备制造",2026-09-15T16:08:20.726521+00:00
三明恒顺印刷机械有限公司,三明市三元区荆东工业园9号,福建省,三明市,三元区,"烫印机,绷网机,电子,原辅材料,固化机,火焰处理机,印刷机械,通信,丝网印刷机,通讯,移印机",黄**,00000000000,600.0,600万人民币,存续,,"印刷专用设备制造,印刷、制药、日化及日用品生产专用设备制造",80.0,enterprise,true,approved,tianxiagongchang.com,1659730,https://www.tianxiagongchang.com/detail/1659730_san-ming-heng-shun-yin-shua-ji-xie-you-xian-gong-si,印刷机械,91350400782173044C,2005-11-29,,19,2,"存续,真实工厂","印刷专用设备制造,印刷、制药、日化及日用品生产专用设备制造",2026-09-15T16:08:20.726521+00:00
瑞安市宏强印刷机械有限公司,浙江省温州市瑞安市南滨街道高新技术产业园区81号地块,浙江省,温州市,瑞安市,"机械,机械配件,销售,印刷机械制造,五金制品销售,货物或技术进出口,加工",张**,00000000000,800.0,800万人民币,存续,,印刷专用设备制造,80.0,enterprise,true,approved,tianxiagongchang.com,1748533,https://www.tianxiagongchang.com/detail/1748533_rui-an-shi-hong-qiang-yin-shua-ji-xie-you-xian-gong-si,印刷机械,91330381L17344179T,2014-06-30,,15,3,"存续,真实工厂",印刷专用设备制造,2026-09-15T16:08:20.726521+00:00
瑞安市德科印刷机械有限公司,瑞安市南滨街道宋浦东路1555号云江标准厂房机械区4幢101室（中科厂房南一楼）,浙江省,温州市,瑞安市,"印刷机械,包装机械制造,销售,加工",薛**,00000000000,500.0,500万人民币,存续,,印刷专用设备制造,80.0,enterprise,true,approved,tianxiagongchang.com,1782404,https://www.tianxiagongchang.com/detail/1782404_rui-an-shi-de-ke-yin-shua-ji-xie-you-xian-gong-si,印刷机械,913303815777481014,2011-07-01,,5,1,"存续,真实工厂",印刷专用设备制造,2026-09-15T16:08:20.726521+00:00
浙江晶蓝印刷机械有限公司,浙江省温州市平阳县万全轻工基地综合园A16、A18、A19,浙江省,温州市,平阳县,"印刷机械制造、销售,货物进出口,技术进出口",林**,00000000000,1000.0,1000万人民币,存续,,印刷专用设备制造,80.0,enterprise,true,approved,tianxiagongchang.com,2167304,https://www.tianxiagongchang.com/detail/2167304_zhe-jiang-jing-lan-yin-shua-ji-xie-you-xian-gong-si,印刷机械,91330326MA2AR4DQ3W,2019-02-27,http://www.jinglanjixie.com,14,1,"存续,真实工厂",印刷专用设备制造,2026-09-15T16:08:20.726521+00:00
温州创达印刷机械有限公司,浙江省温州市平阳县鳌江镇务垟纸箱工业区,浙江省,温州市,平阳县,"销售,货物进出口,印刷机械制造,技术进出口",周**,00000000000,1000.0,1000万人民币,存续,,"其他专用设备制造,印刷专用设备制造",80.0,enterprise,true,approved,tianxiagongchang.com,2239069,https://www.tianxiagongchang.com/detail/2239069_wen-zhou-chuang-da-yin-shua-ji-xie-you-xian-gong-si,印刷机械,91330326062019575X,2013-01-24,http://www.wzcdjx.com,12,2,"存续,真实工厂,曾用名,平阳县沃达印刷机械有限公司","其他专用设备制造,印刷专用设备制造",2026-09-15T16:08:20.726521+00:00
温州汇龙印刷机械有限公司,浙江省温州市平阳县鳌江镇大底村大丰西路19-6号,浙江省,温州市,平阳县,"胶片机,贴窗机,技术进出口,货物进出口,销售,贴膜机,包装机械加工,印刷机械",袁**,00000000000,1000.0,1000万人民币,存续,,印刷专用设备制造,80.0,enterprise,true,approved,tianxiagongchang.com,2401493,https://www.tianxiagongchang.com/detail/2401493_wen-zhou-hui-long-yin-shua-ji-xie-you-xian-gong-si,印刷机械,91330326MA29ARL431,2018-02-02,http://www.hlmec.com,8,1,"存续,真实工厂",印刷专用设备制造,2026-09-15T16:08:20.726521+00:00
如东瀚邦食品机械有限公司,如东县马塘镇长路村13组,江苏省,南通市,如东县,"食品机械,搅拌机,面机,烘箱,绞肉机,绞切机,各类配件",刘**,00000000000,2000.0,2000万人民币,存续,,农、林、牧、渔专用机械制造,80.0,enterprise,true,approved,tianxiagongchang.com,629122,https://www.tianxiagongchang.com/detail/629122_ru-dong-han-bang-shi-pin-ji-xie-you-xian-gong-si,食品机械,91320623598561215L,2012-06-15,,5,1,"存续,真实工厂,曾用名,南通瀚邦纺织品有限公司",农、林、牧、渔专用机械制造,2026-09-15T16:08:20.726521+00:00
周口邦杰食品机械有限公司,周口市川汇产业集聚区神农路,河南省,周口市,川汇区,"销售,生产,食品机械设计,货物进出口,环保设备制造",夏**,00000000000,2000.0,2000万人民币,存续,,"其他金属制日用品制造,其他未列明制造业",80.0,enterprise,true,approved,tianxiagongchang.com,1745598,https://www.tianxiagongchang.com/detail/1745598_zhou-kou-bang-jie-shi-pin-ji-xie-you-xian-gong-si,食品机械,91411602094902581K,2014-03-11,,12,1,"存续,真实工厂","其他金属制日用品制造,其他未列明制造业",2026-09-15T16:08:20.726521+00:00
福建省腾华食品机械制造有限公司,莆田市涵江区洞庭开发区,福建省,莆田市,涵江区,"销售,不锈钢制品,食品机械生产",陈**,00000000000,1500.0,1500万人民币,存续,,"食品、酒、饮料及茶生产专用设备制造,有色金属合金制造",80.0,enterprise,true,approved,tianxiagongchang.com,1918323,https://www.tianxiagongchang.com/detail/1918323_fu-jian-sheng-teng-hua-shi-pin-ji-xie-zhi-zao-you-xian-gong-si,食品机械,913503030584089575,2012-11-27,http://www.thjx869.com,6,1,"存续,真实工厂,曾用名,莆田市腾华不锈钢制品有限公司","食品、酒、饮料及茶生产专用设备制造,有色金属合金制造",2026-09-15T16:08:20.726521+00:00
无锡金裕华食品机械制造有限公司,无锡市锡山区羊尖工业园胶山路以南、蠡河港以西,江苏省,无锡市,锡山区,"食品机械,可可制品及焙烤咖啡产品,从事食品机械的研究开发及生产,食品",胡**,00000000000,1632.0,1632万人民币,存续,,"其他未列明食品制造,改装汽车制造",80.0,enterprise,true,approved,tianxiagongchang.com,2515886,https://www.tianxiagongchang.com/detail/2515886_wu-xi-jin-yu-hua-shi-pin-ji-xie-zhi-zao-you-xian-gong-si,食品机械,91320205573765297B,2011-07-07,,4,1,"存续,真实工厂","其他未列明食品制造,改装汽车制造",2026-09-15T16:08:20.726521+00:00
浙江兴茂制冷食品机械有限公司,浙江省绍兴市上虞区小越街道工业园区,浙江省,绍兴市,上虞区,"保温板,食品机械的制造安装,子恒温恒湿贮藏冷库,水产肉食冷库,冷库及制冷系统制造和安装,食用菌培育库,冷库及制冷系统,冷库,低温物流冷库,药品冷库,化工冷库,制冷设备,包装",闫**,00000000000,3058.0,3058万人民币,存续,,制冷、空调设备制造,80.0,enterprise,true,approved,tianxiagongchang.com,2682408,https://www.tianxiagongchang.com/detail/2682408_zhe-jiang-xing-mao-zhi-leng-shi-pin-ji-xie-you-xian-gong-si,食品机械,91330604753031557Y,2003-08-11,https://www.zjxmzl.com,28,1,"存续,真实工厂",制冷、空调设备制造,2026-09-15T16:08:20.726521+00:00
浙江鲨鱼食品机械有限公司,浙江省丽水市遂昌县工业园区毛田区块,浙江省,丽水市,遂昌县,"厨房设备,风机,包装设备制造,货物进出口,技术进出口业务,自动化设备,食品机械,刮毛机切片切丝机,电机,烘焙设备",余**,00000000000,1200.0,1200万人民币,存续,,"其他通用设备制造业,通用设备制造业,金属加工机械制造,铸造机械制造,食品、酒、饮料及茶生产专用设备制造",80.0,enterprise,true,approved,tianxiagongchang.com,3556214,https://www.tianxiagongchang.com/detail/3556214_zhe-jiang-sha-yu-shi-pin-ji-xie-you-xian-gong-si,食品机械,91331123587769467Q,2011-12-14,,13,2,"存续,真实工厂","其他通用设备制造业,通用设备制造业,金属加工机械制造,铸造机械制造,食品、酒、饮料及茶生产专用设备制造",2026-09-15T16:08:20.726521+00:00
郑州市云龙食品机械有限公司,郑州市二七区马寨镇程炉村,河南省,郑州市,二七区,"货物及技术的进出口业务,食品机械加工与销售,米面机械压面机多轴熟化机连续和面机",马**,00000000000,500.0,500万人民币,存续,,其他未列明制造业,80.0,enterprise,true,approved,tianxiagongchang.com,576120,https://www.tianxiagongchang.com/detail/576120_zheng-zhou-shi-yun-long-shi-pin-ji-xie-you-xian-gong-si,食品机械,91410103559631102P,2010-07-23,,10,2,"存续,真实工厂",其他未列明制造业,2026-09-15T16:08:20.726521+00:00
诸城市利特食品机械有限公司,山东省潍坊市诸城市龙都街道土墙工业园,山东省,潍坊市,诸城市,"蔬菜清洗机,巴氏杀菌机,去皮机,果蔬去杂机,毛发去杂机,食品输送机,挑选机,食品机械,风干机",杨*,00000000000,800.0,800万人民币,存续,,食品、酒、饮料及茶生产专用设备制造,80.0,enterprise,true,approved,tianxiagongchang.com,749527,https://www.tianxiagongchang.com/detail/749527_zhu-cheng-shi-li-te-shi-pin-ji-xie-you-xian-gong-si,食品机械,913707825716645483,2011-03-15,http://www.zcltjx.net,56,1,"存续,真实工厂",食品、酒、饮料及茶生产专用设备制造,2026-09-15T16:08:20.726521+00:00
天津市迎大华食品机械制造有限公司,天津市津南区辛庄镇旭盛路2号（存在多址信息）,天津市,天津市,津南区,"管道安装,化工设备,压力容器,电气焊加工,以上经营范围涉及行业许可的凭许可证件,在有效期限内经营,食品机械,机加工,货物及技术的进出口业务,转让,压力容器制造,咨询,常压设备,空调制造,安装,服务,食品机械技术开发,销售,国家有专项专营规定的按规定办理",王**,00000000000,1000.0,1000万人民币,存续,,"农副食品加工专用设备制造,食品、酒、饮料及茶生产专用设备制造",80.0,enterprise,true,approved,tianxiagongchang.com,824101,https://www.tianxiagongchang.com/detail/824101_tian-jin-shi-ying-da-hua-shi-pin-ji-xie-zhi-zao-you-xian-gong-si,食品机械,91120112687710665M,2009-04-20,http://www.yingdahua.net,9,1,"存续,真实工厂","农副食品加工专用设备制造,食品、酒、饮料及茶生产专用设备制造",2026-09-15T16:08:20.726521+00:00
东台市朝阳食品机械有限公司,东台市东台镇灶南居委会四组,江苏省,盐城市,东台市,"食品机械,包装机,成形机,糖果,食品包装机械",王**,00000000000,500.0,500万人民币,存续,,"烘炉、风机、包装等设备制造,糖果、巧克力制造",80.0,enterprise,true,approved,tianxiagongchang.com,1624327,https://www.tianxiagongchang.com/detail/1624327_dong-tai-shi-zhao-yang-shi-pin-ji-xie-you-xian-gong-si,食品机械,91320981782726729P,2005-12-02,https://www.cnchaoyang.com,20,1,"存续,真实工厂","烘炉、风机、包装等设备制造,糖果、巧克力制造",2026-09-15T16:08:20.726521+00:00
济宁博润医疗设备有限公司,山东省济宁市曲阜市陵城高新区新材料产业区杏坛路,山东省,济宁市,曲阜市,"医疗科技开发转让,手术床,不锈钢系列车,数字化手术室设备的生产,通信设备,可穿戴设备,销售,急救室,远程医疗设备,无影灯,服务器,电子产品的生产与销售,医用不锈钢设备生产与销售,货物进出口,安装,柜,原辅材料生产与销售,医疗信息化系统,网络设备,Ⅱ类手术室,3C数码,器具的生产与销售,病床,ABS系列,手术示教设备,医用设备及零配件,Ⅱ类病房护理设备及器具,Ⅰ,服务器设备,人工智能,安防设备,机电一体化,视频设备,安防监控系统,医用消毒设备生产与销售,诊疗室设备,五金机电",李*,00000000000,3600.0,3600万人民币,存续,,"医疗仪器设备及器械制造,其他医疗设备及器械制造",80.0,enterprise,true,approved,tianxiagongchang.com,1459428,https://www.tianxiagongchang.com/detail/1459428_ji-ning-bo-run-yi-liao-she-bei-you-xian-gong-si,医疗设备,91370881MA3C6TD75P,2016-02-29,http://www.jnbryl.com,15,1,"存续,真实工厂","医疗仪器设备及器械制造,其他医疗设备及器械制造",2026-09-15T16:08:20.726521+00:00
重庆德邦医疗设备有限公司,重庆市南川区大观镇石桥村六社,重庆市,重庆市,南川区,"自营和代理各类商品及技术的进出口业务,医疗科技信息咨询,医疗设备安装,一类医疗器械,日用百货,计算机软硬件销售及技术服务,病床医用柜系列,营销服务,建筑材料销售,电子产品,维修服务,医用耗材,五金电器",李**,00000000000,500.0,500万人民币,存续,,"其他医疗设备及器械制造,医疗用品及器材批发",80.0,enterprise,true,approved,tianxiagongchang.com,1176139,https://www.tianxiagongchang.com/detail/1176139_chong-qing-de-bang-yi-liao-she-bei-you-xian-gong-si,医疗设备,9150011955675828X4,2010-05-28,,8,2,"存续,真实工厂","其他医疗设备及器械制造,医疗用品及器材批发",2026-09-15T16:08:20.726521+00:00
香河康瑞佳医疗设备有限公司,河北省廊坊市香河县五百户镇香五路东七百户村路口北,河北省,廊坊市,香河县,"医疗仪器设备及器械制造、销售及技术开发,技术转让,技术咨询,技术服务,销售化工产品（危险化学品除外）,卫生用品,消杀用品（医药及医疗器材除外）,保健食品,医疗设备批发、安装、维护,电子仪器销售、安装、维护,劳务服务",张*,00000000000,600.0,600万人民币,存续,,其他医疗设备及器械制造,80.0,enterprise,true,approved,tianxiagongchang.com,1845051,https://www.tianxiagongchang.com/detail/1845051_xiang-he-kang-rui-jia-yi-liao-she-bei-you-xian-gong-si,医疗设备,91131024MA0EJRBN5P,2020-02-26,,1,1,"存续,真实工厂",其他医疗设备及器械制造,2026-09-15T16:08:20.726521+00:00
深圳元华医疗设备技术有限公司,深圳市宝安区沙井街道后亭社区茅洲山工业园工业大厦全至科技创新园科创大厦3层E,广东省,深圳市,宝安区,"经营进出口业务,空气净化集氧仪,医疗设备的销售,红外超声显像仪,投资兴办实业,国内贸易,便携式麻醉超声诊断分析系统,销售,生产,相关软件研发,服务,新型医学仪器,医疗设备的研发",张**,00000000000,600.0,600万人民币,存续,,"其他医疗设备及器械制造,卫生材料及医药用品制造",80.0,enterprise,true,approved,tianxiagongchang.com,2055802,https://www.tianxiagongchang.com/detail/2055802_shen-zhen-yuan-hua-yi-liao-she-bei-ji-shu-you-xian-gong-si,医疗设备,91440300082492036F,2013-11-05,,8,1,"存续,真实工厂","其他医疗设备及器械制造,卫生材料及医药用品制造",2026-09-15T16:08:20.726521+00:00
杭州匠心医疗设备有限公司,浙江省杭州市余杭区良渚街道安溪路2-6号1幢101室,浙江省,杭州市,余杭区,一二类医疗设备,刘**,00000000000,500.0,500万人民币,存续,,其他医疗设备及器械制造,80.0,enterprise,true,approved,tianxiagongchang.com,3440126,https://www.tianxiagongchang.com/detail/3440126_hang-zhou-jiang-xin-yi-liao-she-bei-you-xian-gong-si,医疗设备,91330110MA27Y0DR6Q,2016-06-22,,8,1,"存续,真实工厂",其他医疗设备及器械制造,2026-09-15T16:08:20.726521+00:00
苏州市天烨医疗设备有限公司,苏州市吴中区胥口镇繁丰路777号,江苏省,苏州市,吴中区,"医疗设备和零件,机械设备和零件,电子设备,元器件,汽车配件,设计外包服务,自营和代理各类商品及技术的进出口业务",蒋**,00000000000,1000.0,1000万人民币,存续,,"专用设备制造业,医疗仪器设备及器械制造,其他医疗设备及器械制造,其他未列明制造业",80.0,enterprise,true,approved,tianxiagongchang.com,3716062,https://www.tianxiagongchang.com/detail/3716062_su-zhou-shi-tian-ye-yi-liao-she-bei-you-xian-gong-si,医疗设备,9132050632358707XP,2015-01-06,,10,2,"存续,真实工厂","专用设备制造业,医疗仪器设备及器械制造,其他医疗设备及器械制造,其他未列明制造业",2026-09-15T16:08:20.726521+00:00
霸州市欧诺医疗设备有限公司,河北省廊坊市霸州市煎茶铺镇赵各庄村,河北省,廊坊市,霸州市,"生产销售医疗设备,Ⅰ类医疗器械,Ⅱ类医疗器械,医疗器械配件,医疗电子设备,日用塑料制品,五金配件",张**,00000000000,300.0,300万人民币,存续,,"塑料零件及其他塑料制品制造,其他医疗设备及器械制造",80.0,enterprise,true,approved,tianxiagongchang.com,1689324,https://www.tianxiagongchang.com/detail/1689324_ba-zhou-shi-ou-nuo-yi-liao-she-bei-you-xian-gong-si,医疗设备,91131081MA07XH9L9H,2016-11-10,,3,2,"存续,真实工厂","塑料零件及其他塑料制品制造,其他医疗设备及器械制造",2026-09-15T16:08:20.726521+00:00
桐庐立诚医疗设备有限公司,浙江省杭州市桐庐县城南街道高家路289号4号楼313室,浙江省,杭州市,桐庐县,"技术服务,护理机构服务,化妆品零售,技术开发,办公用品销售,企业形象策划,技术推广,技术咨询,技术交流,销售：第Ⅰ类,企业管理咨询,第Ⅱ类,市场营销策划,第Ⅲ类医疗器械,个人卫生用品销售,专用设备修理,医疗设备租赁,第三类医疗器械经营,市场调查,医护人员防护用品批发,第二类医疗器械销售,第一类医疗器械销售,技术转让,化妆品批发,体育健康服务,会议及展览服务,健康咨询服务,医院管理,电子产品销售",钱**,00000000000,100.0,100万人民币,存续,,"其他医疗设备及器械制造,医疗用品及器材零售",80.0,enterprise,true,approved,tianxiagongchang.com,2033867,https://www.tianxiagongchang.com/detail/2033867_tong-lu-li-cheng-yi-liao-she-bei-you-xian-gong-si,医疗设备,91330122577325889L,2011-07-11,,6,1,"存续,真实工厂","其他医疗设备及器械制造,医疗用品及器材零售",2026-09-15T16:08:20.726521+00:00
成都频泰医疗设备有限公司,成都市双流区西南航空港经济开发区公兴街道双兴大道,四川省,成都市,双流区,"计算机软件开发,电子仪器,光学仪器研发,机械设备,生产销售,医疗设备",敖**,00000000000,100.0,100万人民币,存续,,其他医疗设备及器械制造,80.0,enterprise,true,approved,tianxiagongchang.com,2946709,https://www.tianxiagongchang.com/detail/2946709_cheng-du-pin-tai-yi-liao-she-bei-you-xian-gong-si,医疗设备,91510122MA61W09J66,2016-05-30,,2,1,"存续,真实工厂",其他医疗设备及器械制造,2026-09-15T16:08:20.726521+00:00
百微特（深圳）医疗设备有限公司,深圳市宝安区新安街道兴东社区72区群辉路25号401,广东省,深圳市,宝安区,"生物科技产品（以上均不含药品）,电子产品,宠物用品与设备的技术开发及销售, 从事代理报关业务,投资兴办实业（具体项目另行申报）,商务信息咨询,经营电子商务,国内贸易,货物及技术进出口,兽用医疗设备,兽用医疗耗材及用品",钟**,00000000000,20.0,20万人民币,存续,,"其他医疗设备及器械制造,其他居民服务业",80.0,enterprise,true,approved,tianxiagongchang.com,1970962,https://www.tianxiagongchang.com/detail/1970962_bai-wei-te-shen-zhen-yi-liao-she-bei-you-xian-gong-si,医疗设备,91440300MA5ER97139,2017-09-28,,1,1,"存续,真实工厂","其他医疗设备及器械制造,其他居民服务业",2026-09-15T16:08:20.726521+00:00
鄄城现代实验仪器有限公司,鄄二路南段路东（实小南院）,山东省,菏泽市,鄄城县,"石油仪器,教学仪器,旅游,酒店,实验仪器,餐饮,化玻仪器",张**,00000000000,510.0,510万人民币,存续,,教学用模型及教具制造,80.0,enterprise,true,approved,tianxiagongchang.com,835069,https://www.tianxiagongchang.com/detail/835069_juan-cheng-xian-dai-shi-yan-yi-qi-you-xian-gong-si,实验仪器,91371726798694602Q,2007-03-07,,12,3,"存续,真实工厂",教学用模型及教具制造,2026-09-15T16:08:20.726521+00:00
绍兴上虞一博实验仪器有限公司,浙江省绍兴市上虞区道墟街道沥泗村赵家娄41号,浙江省,绍兴市,上虞区,"干燥箱烘箱培养箱水浴锅,公路仪器制造销售,实验仪器",任*,00000000000,500.0,500万人民币,存续,,"其他通用仪器制造,五金产品批发",80.0,enterprise,true,approved,tianxiagongchang.com,2095127,https://www.tianxiagongchang.com/detail/2095127_shao-xing-shang-yu-yi-bo-shi-yan-yi-qi-you-xian-gong-si,实验仪器,91330604325579591Y,2014-12-16,,3,1,"存续,真实工厂","其他通用仪器制造,五金产品批发",2026-09-15T16:08:20.726521+00:00
重庆宇硕实验仪器有限公司,重庆市九龙坡区白市驿镇九里村15社12号,重庆市,重庆市,九龙坡区,销售实验仪器及配件,严*,00000000000,500.0,500万人民币,存续,,"试验机制造,其他未列明批发业",80.0,enterprise,true,approved,tianxiagongchang.com,2318822,https://www.tianxiagongchang.com/detail/2318822_chong-qing-yu-shuo-shi-yan-yi-qi-you-xian-gong-si,实验仪器,91500107094538935E,2014-03-20,http://www.ysukyq.com,11,6,"存续,真实工厂","试验机制造,其他未列明批发业",2026-09-15T16:08:20.726521+00:00
苏州迪艾拓实验仪器有限公司,苏州市吴中区木渎镇木东路317号2幢601室,江苏省,苏州市,,"实验仪器,医疗器械,电子产品,机械设备及配件,实验耗材,技术开发,技术咨询,技术转让,技术服务,计算机软硬件,信息咨询服务,企业管理咨询服务,普通货物仓储服务",钱*,00000000000,500.0,500.00万人民币,存续,,"批发业,机械设备、五金产品及电子产品批发",80.0,enterprise,true,approved,tianxiagongchang.com,4369798,https://www.tianxiagongchang.com/detail/4369798_su-zhou-di-ai-tuo-shi-yan-yi-qi-you-xian-gong-si,实验仪器,91320506MA20M2K629,2019-12-17,,3,1,存续,"批发业,机械设备、五金产品及电子产品批发",2026-09-15T16:08:20.726521+00:00
黄骅市星辰实验仪器有限公司,河北省沧州市黄骅市旧城工业园区河北骅照新能源科技有限公司2#厂房,河北省,沧州市,黄骅市,"消毒锅,生产,销售实验耗材,加工实验仪器及装置,实验仪器及配件,塑料制品,玻璃仪器,机箱,货物进出口业务,五金制品,风机",康**,00000000000,300.0,300万人民币,存续,,其他日用杂品制造,80.0,enterprise,true,approved,tianxiagongchang.com,1138942,https://www.tianxiagongchang.com/detail/1138942_huang-hua-shi-xing-chen-shi-yan-yi-qi-you-xian-gong-si,实验仪器,91130983MA092FXB78,2017-09-15,,11,1,"存续,真实工厂",其他日用杂品制造,2026-09-15T16:08:20.726521+00:00
重庆重标实验仪器有限公司,重庆市巴南区莲花街道平江东路66号2幢14-8,重庆市,重庆市,巴南区,"机械设备销售,重庆电子万能试验机,计算机软硬件及辅助设备零售,弹簧试验机,五金产品零售,五金产品批发,重庆熔,重庆环刚度试验机,仪器仪表销售,重庆金相检测设备,重庆金属检测仪,重庆,重庆拉力试验机,环刚,电子检测,重庆悬臂梁冲击试验机,电子产品销售,二手日用百货销售,重庆硬,电子,绘图,计算机及办公设备维修,空调设备销售,重庆影像测量仪,计算及测量仪器销售,机械设备租赁,软件销售,拉力试验机,重庆拉力机,重庆熔体流动速率仪,金属工具销售,办公用品销售,日用百货销售,实验仪器,重庆万能材料试验机,仪器仪表修理,重庆高底温试验箱,熔体流动速率仪,重庆纸品包装检测仪,重庆冲击试验机,重庆塑料检测设备,重庆电子检测仪器,技术转让,技术推广,重庆光谱分析仪,技术服务,制冷,计算机及通讯设备租赁,化工产品销售,建筑用金属配件销售,安全生产检验检测,技术交流,家用电器销售,重庆鞋类检测仪器,拉力机,机械设备维护,悬臂梁冲击试验机,检验检测服务,技术开发,普通机械设备安装服务,电子元器件与机电组件设备销售,信息技术咨询服务,技术咨询,家具安装和维修服务,机械设备研发",刘**,00000000000,300.0,300万人民币,存续,,"试验机制造,其他机械设备及电子产品批发",80.0,enterprise,true,approved,tianxiagongchang.com,1497988,https://www.tianxiagongchang.com/detail/1497988_chong-qing-zhong-biao-shi-yan-yi-qi-you-xian-gong-si,实验仪器,91500104554084752X,2010-05-12,http://www.cbsyyq.com,12,2,"存续,真实工厂","试验机制造,其他机械设备及电子产品批发",2026-09-15T16:08:20.726521+00:00
郑州长盛实验仪器有限公司,河南省郑州市上街区科学大道1187号9幢302号,河南省,郑州市,上街区,"单,建材,低温恒温反应浴系列,低温冷却液循环泵系列,仪器仪表,双层玻璃反应釜系列,旋转蒸发仪系列,五金,实验仪器",陈**,00000000000,100.0,100万人民币,存续,,"其他专用设备制造,实验分析仪器制造",80.0,enterprise,true,approved,tianxiagongchang.com,2068505,https://www.tianxiagongchang.com/detail/2068505_zheng-zhou-zhang-sheng-shi-yan-yi-qi-you-xian-gong-si,实验仪器,91410106559615380X,2010-07-28,http://zzcssy.com,14,2,"存续,真实工厂","其他专用设备制造,实验分析仪器制造",2026-09-15T16:08:20.726521+00:00
蚌埠市迈瑞特实验仪器有限公司,安徽省蚌埠市龙子湖区李楼乡栖岩路23号,安徽省,蚌埠市,龙子湖区,"计算机设备,仪器,教学仪器及设备,体育器材,音乐器材,实验仪器及设备,办公设备",孙**,00000000000,100.0,100万人民币,存续,,"其他文教办公用品制造,仪器仪表制造业,其他仪器仪表制造业",80.0,enterprise,true,approved,tianxiagongchang.com,3827915,https://www.tianxiagongchang.com/detail/3827915_beng-bu-shi-mai-rui-te-shi-yan-yi-qi-you-xian-gong-si,实验仪器,91340300090796363X,2014-01-23,,8,1,"存续,真实工厂","其他文教办公用品制造,仪器仪表制造业,其他仪器仪表制造业",2026-09-15T16:08:20.726521+00:00
常州市顶新实验仪器有限公司,常州市金坛区金湖路29号,江苏省,常州市,金坛区,"乡村休闲观光,销售,旅游景区配套设施建设,经营管理,乡村旅游资源开发,旅游项目投资,旅游宣传策划,旅游商品开发销售,农产品种植,加工及销售,分析仪器的生产,实验仪器",王**,00000000000,50.0,50万人民币,存续,,实验分析仪器制造,80.0,enterprise,true,approved,tianxiagongchang.com,1160978,https://www.tianxiagongchang.com/detail/1160978_chang-zhou-shi-ding-xin-shi-yan-yi-qi-you-xian-gong-si,实验仪器,913204130695145442,2013-05-28,,5,1,"存续,真实工厂",实验分析仪器制造,2026-09-15T16:08:20.726521+00:00
宁波奉化克林纳实验仪器有限公司,浙江省宁波市奉化区尚田街道桥棚村,浙江省,宁波市,奉化区,"充电器,机械配件,超声波粉碎机,超声波焊接机研发,超声波清洗机,封口机制造,橡胶,第一类医疗器械,塑料制品,配电开关控制器,加工,塑料实验仪器",胡**,00000000000,50.0,50万人民币,存续,,"实验分析仪器制造,塑料零件及其他塑料制品制造",80.0,enterprise,true,approved,tianxiagongchang.com,2269553,https://www.tianxiagongchang.com/detail/2269553_ning-bo-feng-hua-ke-lin-na-shi-yan-yi-qi-you-xian-gong-si,实验仪器,913302830629352740,2013-03-29,,4,1,"存续,真实工厂,曾用名,奉化克林纳实验仪器有限公司","实验分析仪器制造,塑料零件及其他塑料制品制造",2026-09-15T16:08:20.726521+00:00
重庆嘉凯捷仪器仪表有限公司,重庆市北碚区云福路285号17号楼-1,重庆市,重庆市,北碚区,"化工产品及原料,五金交电,仪器仪表技术咨询及开发,[经营范围中属于法律,行政法规规定需经批准的项目,应当依法经过批准后方可经营],环保设备,销售：仪器仪表,仪表材料及元件,行政法规禁止的不得经营,技术咨询及开发,工业自动化仪器仪表,机械零配件,五金工具,高中低压电器,仪器仪表维修,机电设备,计算机及配件,制造,法律",文**,00000000000,6800.0,6800万人民币,存续,,"其他仪器仪表制造业,工业自动控制系统装置制造",80.0,enterprise,true,approved,tianxiagongchang.com,422767,https://www.tianxiagongchang.com/detail/422767_chong-qing-jia-kai-jie-yi-qi-yi-biao-you-xian-gong-si,仪器仪表,915001095979815413,2012-06-10,https://www.kkacv.com,15,4,"存续,真实工厂","其他仪器仪表制造业,工业自动控制系统装置制造",2026-09-15T16:08:20.726521+00:00
河北远江仪器仪表科技有限公司,河北省石家庄市鹿泉区丰源路36号远江科技产业园,河北省,石家庄市,鹿泉区,"超声波热量表,超声波式热量表,仪器仪表,IC卡冷水表,智能水表,智能冷水水表,机械式热量表,IC卡热水表,热水水表",尚**,00000000000,12000.0,12000万人民币,存续,,其他仪器仪表制造业,80.0,enterprise,true,approved,tianxiagongchang.com,853892,https://www.tianxiagongchang.com/detail/853892_he-bei-yuan-jiang-yi-qi-yi-biao-ke-ji-you-xian-gong-si,仪器仪表,91130100567393677E,2011-01-18,http://www.yjkj.pro,12,1,"存续,真实工厂",其他仪器仪表制造业,2026-09-15T16:08:20.726521+00:00
铁岭铁光仪器仪表有限责任公司,铁岭市银州区汇工街72号,辽宁省,铁岭市,银州区,"电子工程,阀门,零部件,火焰监视装置安装施工,压力容器附件,双色水位计系列生产,流量计系列生产,仪器仪表,工业自动化控制系统,光学产品制造,物位仪表生产",李**,00000000000,5100.0,5100万人民币,存续,,"工业自动控制系统装置制造,光学仪器制造",80.0,enterprise,true,approved,tianxiagongchang.com,2092651,https://www.tianxiagongchang.com/detail/2092651_tie-ling-tie-guang-yi-qi-yi-biao-you-xian-ze-ren-gong-si,仪器仪表,91211200726856772G,2001-03-15,http://www.tlbbk.com,18,4,"存续,真实工厂","工业自动控制系统装置制造,光学仪器制造",2026-09-15T16:08:20.726521+00:00
无锡和佳仪器仪表有限公司,无锡市滨湖区胡埭镇工业园陆藕路12号,江苏省,无锡市,滨湖区,"计算机及配件,技术咨询,切断阀,技术转让及技术服务,电动,气动执行器,金属材料的销售,换向阀,仪器仪表,工业自动化设备,调节阀产品,气动型调节阀,办公设备,电子产品,计算机软硬件的技术开发",朱**,00000000000,12000.0,12000万人民币,存续,,"阀门和旋塞制造,工业自动控制系统装置制造",80.0,enterprise,true,approved,tianxiagongchang.com,2225718,https://www.tianxiagongchang.com/detail/2225718_wu-xi-he-jia-yi-qi-yi-biao-you-xian-gong-si,仪器仪表,91320200557084416X,2010-06-09,http://www.hj-tech.com,11,1,"存续,真实工厂","阀门和旋塞制造,工业自动控制系统装置制造",2026-09-15T16:08:20.726521+00:00
人民电器集团仪器仪表有限公司,乐清市柳市镇人民工业园(乐清经济开发区),浙江省,温州市,乐清市,"智能仪器仪表制造,环境监测专用仪器仪表销售,物联网设备销售,物联网技术研发,仪器仪表,智能控制系统集成,消防技术服务,信息系统运行维护服务,数据处理和存储支持服务,互联网数据服务,电工仪器仪表制造,消防器材销售,电力电子元器件制造,电子测量仪器销售,网络与信息安全软件开发,无一般经营项目,通信设备制造,电子专用设备制造,环境监测专用仪器仪表制造,物联网设备制造,信息技术咨询服务,电力电子元器件销售,软件开发,许可经营项目,其他电子器件制造,仪器仪表制造,电子测量仪器制造,电工仪器仪表销售,物联网应用服务,智能仪器仪表销售,阀门和旋塞销售,电子元器件制造,供应用仪器仪表制造,电子元器件零售,物联网技术服务,人工智能行业应用系统集成服务,电子元器件批发,供应用仪器仪表销售",郑**,00000000000,5200.0,5200万人民币,存续,,电工仪器仪表制造,80.0,enterprise,true,approved,tianxiagongchang.com,3144560,https://www.tianxiagongchang.com/detail/3144560_ren-min-dian-qi-ji-tuan-yi-qi-yi-biao-you-xian-gong-si,仪器仪表,913303827964796774,2000-01-06,http://www.peoplemeters.cn,14,1,"存续,真实工厂",电工仪器仪表制造,2026-09-15T16:08:20.726521+00:00
重庆西美仪器仪表有限公司,重庆市合川区南津街道岩渠路68号,重庆市,重庆市,合川区,"燃气表,燃气表检测台,燃气表系列产品,仪器仪表,调压设备,加气机,燃气设备",戴*,00000000000,10000.0,10000万人民币,存续,,"其他专用仪器制造,仪器仪表制造业,其他仪器仪表制造业,其他日用杂品制造",80.0,enterprise,true,approved,tianxiagongchang.com,3489848,https://www.tianxiagongchang.com/detail/3489848_chong-qing-xi-mei-yi-qi-yi-biao-you-xian-gong-si,仪器仪表,91500112787478904U,2006-05-10,http://www.cqsemay.cn,27,1,"存续,真实工厂","其他专用仪器制造,仪器仪表制造业,其他仪器仪表制造业,其他日用杂品制造",2026-09-15T16:08:20.726521+00:00
安徽蓝英仪器仪表科技有限公司,安徽省天长市铜城镇铜南村工业园区纬三路,安徽省,滁州市,天长市,"销售,管件生产,管件,仪器仪表,仪表配件加工,电线电缆,【依法须经批准的项目,防爆电器销售,经相关部门批准后方可开展经营活动】,阀门,桥架,电气设备配件,高低压配电柜",王*,00000000000,5280.0,5280万人民币,存续,,"其他通用仪器制造,仪器仪表制造业,其他仪器仪表制造业",80.0,enterprise,true,approved,tianxiagongchang.com,3796275,https://www.tianxiagongchang.com/detail/3796275_an-hui-lan-ying-yi-qi-yi-biao-ke-ji-you-xian-gong-si,仪器仪表,91341181MA2MWY3N5J,2016-06-16,http://www.ahlyyb.cn,5,3,"存续,真实工厂","其他通用仪器制造,仪器仪表制造业,其他仪器仪表制造业",2026-09-15T16:08:20.726521+00:00
辽宁利锐自动化仪器仪表有限公司,辽宁省沈阳市沈北新区道义四街36-1号（B38）,辽宁省,沈阳市,沈北新区,"技术进出口,特种设备设计,特种设备制造,特种设备安装改造修理,货物进出口,集成电路芯片及产品制造,集成电路芯片及产品销售,智能控制系统集成,软件开发,仪器仪表制造,仪器仪表销售,仪器仪表修理,光学仪器制造,光学仪器销售,工业自动控制系统装置制造,工业自动控制系统装置销售,智能仪器仪表销售,其他通用仪器制造,智能仪器仪表制造,终端计量设备制造,供应用仪器仪表制造,供应用仪器仪表销售,电子测量仪器制造,电子测量仪器销售,普通阀门和旋塞制造(不含特种设备制造）,阀门和旋塞销售,石油钻采专用设备销售,其他专用仪器制造,计量服务,普通机械设备安装服务,污水处理及其再生利用,智能水务系统开发,矿山机械制造,矿山机械销售,电子（气）物理设备,其他电子设备制造,技术服务,技术开发,技术咨询,技术交流,技术转让,技术推广",曲**,00000000000,1100.0,1100万人民币,存续,,"供应用仪器仪表制造,通用仪器仪表制造",80.0,enterprise,true,approved,tianxiagongchang.com,478728,https://www.tianxiagongchang.com/detail/478728_liao-ning-li-rui-zi-dong-hua-yi-qi-yi-biao-you-xian-gong-si,仪器仪表,91211221MA0UPACF7M,2017-11-23,http://www.tlgm.cn,4,2,"存续,真实工厂","供应用仪器仪表制造,通用仪器仪表制造",2026-09-15T16:08:20.726521+00:00
辽宁华源仪器仪表有限公司,铁岭经济开发区桑园岭分场,辽宁省,铁岭市,银州区,"磁浮式液位计,生产物位测量仪表,高压双色水位计,仪器仪表,安全阀校正装置",赵**,00000000000,1428.0,1428万人民币,存续,,其他仪器仪表制造业,80.0,enterprise,true,approved,tianxiagongchang.com,698295,https://www.tianxiagongchang.com/detail/698295_liao-ning-hua-yuan-yi-qi-yi-biao-you-xian-gong-si,仪器仪表,91211200761821137P,2004-06-03,http://www.tlhn.cn,9,2,"存续,真实工厂,曾用名,铁岭经济开发区华能仪器仪表有限公司",其他仪器仪表制造业,2026-09-15T16:08:20.726521+00:00
临沂市孝源仪器仪表有限公司,山东省临沂市兰山区白沙埠镇工业园白沙埠镇供电所南350米,山东省,临沂市,兰山区,"生产销售：仪器仪表,智能阀门,IC卡饮用水冷水水表,机械热量表,销售：机械热量表,仪器仪表,超声波热能表",臧**,00000000000,5000.0,5000万人民币,存续,,"供应用仪器仪表制造,其他通用仪器制造",80.0,enterprise,true,approved,tianxiagongchang.com,771044,https://www.tianxiagongchang.com/detail/771044_lin-yi-shi-xiao-yuan-yi-qi-yi-biao-you-xian-gong-si,仪器仪表,913713005926053790,2012-03-14,http://www.lyxiaoyuan.cn,12,1,"存续,真实工厂,曾用名,临沂市孝源水表有限公司","供应用仪器仪表制造,其他通用仪器制造",2026-09-15T16:08:20.726521+00:00
苏州帝泰克检测设备有限公司,苏州高新区浒墅关镇大通路28号2号厂房,江苏省,苏州市,虎丘区,"检测设备研发生产销售及配件销售,承接检测工程,相关技术咨询,金属切割,焊接设备制造,专用设备制造（不含许可类专业设备制造）,液压动力机械及元件制造,专用设备修理,信息技术咨询服务,技术服务,技术开发,技术咨询,技术交流、技术转让,技术推广,机械设备研发,液压动力机械及元件销售,机械设备销售",杨**,00000000000,6140.0,6140万人民币,存续,,"其他专用设备制造,通用仪器仪表制造",80.0,enterprise,true,approved,tianxiagongchang.com,2241475,https://www.tianxiagongchang.com/detail/2241475_su-zhou-di-tai-ke-jian-ce-she-bei-you-xian-gong-si,检测设备,91320505MA1MT74G2T,2016-08-25,https://www.dtaic.com,8,1,"存续,真实工厂","其他专用设备制造,通用仪器仪表制造",2026-09-15T16:08:20.726521+00:00
成都新成汽车检测设备有限公司,成都市新津区普兴街道平塘西路287号（工业园区）,四川省,成都市,新津区,"生产,货物进出口,汽车检测设备,销售：汽车检测设备",胡**,00000000000,2197.8,2197.8022万人民币,存续,,"汽车零部件及配件制造,其他专用设备制造",80.0,enterprise,true,approved,tianxiagongchang.com,468062,https://www.tianxiagongchang.com/detail/468062_cheng-du-xin-cheng-qi-che-jian-ce-she-bei-you-xian-gong-si,检测设备,915101326890440028,2009-06-15,https://www.cdxcjc.com,6,2,"存续,真实工厂","汽车零部件及配件制造,其他专用设备制造",2026-09-15T16:08:20.726521+00:00
山东联工检测设备有限公司,山东省德州市齐河县济北高铁枢纽经济协作区联工大街1号,山东省,德州市,齐河县,"实验仪器,电器,试验机测试技术咨询,机器人的制造,货物及技术进出口业务,服务,设备维修,检测设备,工业设备,五金建材,销售,软件开发,材料检测,制造,拉力试验机,检测业务,通用机械,高低温仪器研发,普通机床及零部件",黄**,00000000000,3000.0,3000万人民币,存续,,"试验机制造,其他未列明通用设备制造业",80.0,enterprise,true,approved,tianxiagongchang.com,561257,https://www.tianxiagongchang.com/detail/561257_shan-dong-lian-gong-jian-ce-she-bei-you-xian-gong-si,检测设备,91371425310390059F,2014-11-25,http://www.lgtester.com,32,1,"存续,真实工厂","试验机制造,其他未列明通用设备制造业",2026-09-15T16:08:20.726521+00:00
四川远德安防检测设备有限公司,,四川省,自贡市,沿滩区,"滑坡灾害监测报警,承接地质灾害预警,建筑工程设计施工,电子与智能化工程设计施工,监测工程及咨询,安防检测设备,泥石流灾害监测报警,水平倾斜监测报警,室内外装饰装修工程设计施工,沉降监测报警,软件开发,机动车自救装置",熊**,00000000000,3101.0,3101万人民币,存续,,"其他未列明制造业,安全、消防用金属制品制造",80.0,enterprise,true,approved,tianxiagongchang.com,2921234,https://www.tianxiagongchang.com/detail/2921234_si-chuan-yuan-de-an-fang-jian-ce-she-bei-you-xian-gong-si,检测设备,91510300567614679J,2010-12-23,http://www.scydaf.cn,10,2,"存续,真实工厂","其他未列明制造业,安全、消防用金属制品制造",2026-09-15T16:08:20.726521+00:00
石家庄开发区中实检测设备有限公司,石家庄市新石北路368号金石园区1号楼一楼西侧108室,河北省,石家庄市,桥西区,"广告,小尺寸塑料阀门扭矩疲劳试验机,塑料橡胶专用检测设备,非金属材料检测设备,商务服务,材料试验机,密封试验机,针对大尺寸塑料燃气阀门的密封扭矩",谭**,00000000000,1110.0,1110万人民币,存续,,"试验机制造,计算机、通信和其他电子设备制造业,其他电子设备制造",80.0,enterprise,true,approved,tianxiagongchang.com,3574492,https://www.tianxiagongchang.com/detail/3574492_shi-jia-zhuang-kai-fa-qu-zhong-shi-jian-ce-she-bei-you-xian-gong-si,检测设备,91130101713183847U,1999-04-23,https://www.plastictester.com,29,2,"存续,真实工厂","试验机制造,计算机、通信和其他电子设备制造业,其他电子设备制造",2026-09-15T16:08:20.726521+00:00
东莞市高鑫检测设备有限公司,东莞市万江区新和社区创业工业园盛丰路7号,广东省,东莞市,东莞市,"检测设备,五金制品,试验机,检测设备租赁,仪表仪器及配件,仪表,通用机械设备及配件,仪器,电池安全检测设备,环境仪器",胡**,00000000000,1800.0,1800万人民币,存续,,"其他未列明通用设备制造业,批发业,机械设备、五金产品及电子产品批发,其他机械设备及电子产品批发",80.0,enterprise,true,approved,tianxiagongchang.com,3680210,https://www.tianxiagongchang.com/detail/3680210_dong-guan-shi-gao-xin-jian-ce-she-bei-you-xian-gong-si,检测设备,91441900668166369B,2007-10-22,http://www.gbtest.net,109,3,"存续,真实工厂","其他未列明通用设备制造业,批发业,机械设备、五金产品及电子产品批发,其他机械设备及电子产品批发",2026-09-15T16:08:20.726521+00:00
成都美迅检测设备有限公司,中国（四川）自由贸易试验区成都高新区益州大道中段722号1栋5层504号,四川省,成都市,武侯区,"MDSystem设备综合信息管理平台,MD3905高速旋转机械在线监测与诊断系统,检测设备技术开发,故障智能诊断,行业设备状态监测,MD8508C便携式在线监测仪,电力,能源管理信息系统,设备管理信息系统,美迅检测,MD4006设备在线监测与诊断系统,技术服务及销售,石油化工,钢铁,MD7500系列设备点检管理系统",肖*,00000000000,2000.0,2000万人民币,存续,,"其他专用仪器制造,专业技术服务业,工业与专业设计及其他专业技术服务,其他未列明专业技术服务业",80.0,enterprise,true,approved,tianxiagongchang.com,3853320,https://www.tianxiagongchang.com/detail/3853320_cheng-du-mei-xun-jian-ce-she-bei-you-xian-gong-si,检测设备,91510100792164168F,2006-08-29,http://www.mxunjc.com,11,2,"存续,真实工厂","其他专用仪器制造,专业技术服务业,工业与专业设计及其他专业技术服务,其他未列明专业技术服务业",2026-09-15T16:08:20.726521+00:00
济宁伟华汽车检测设备有限公司,山东省济宁市美恒.济宁国际汽车博览城商铺25-0101.0109,山东省,济宁市,,"汽车检测设备,五金电料,机电设备,汽车配件,矿用机械及配件,自动化选煤设备,防爆机电,日用百货,办公用品,电子产品,计算机及耗材,普通劳保用品,橡胶制品,化工产品（不含危险化学品）,建筑材料（不含木材、不含危险化学品）,不锈钢制品,阀门,标准件,润滑油,液压举升设备,煤炭的销售,空气压缩机销售及维修",张**,00000000000,2000.0,2000.00万元,存续,,"其他机械设备及电子产品批发,批发业,机械设备、五金产品及电子产品批发",80.0,enterprise,true,approved,tianxiagongchang.com,4354809,https://www.tianxiagongchang.com/detail/4354809_ji-ning-wei-hua-qi-che-jian-ce-she-bei-you-xian-gong-si,检测设备,91370811494455856Y,2014-06-11,,3,1,存续,"其他机械设备及电子产品批发,批发业,机械设备、五金产品及电子产品批发",2026-09-15T16:08:20.726521+00:00
沈阳林敏检测设备有限公司,辽宁省沈阳市沈阳经济技术开发区开发二十二号路67-1号（全部）,辽宁省,沈阳市,铁西区,"检测设备及配件,自动化成套控制装置及配件,机械设备及配件,仪器仪表,自营和代理各类商品和技术的进出口",廖*,00000000000,1000.0,1000万人民币,存续,,"金属切割及焊接设备制造,其他非金属加工专用设备制造",80.0,enterprise,true,approved,tianxiagongchang.com,867893,https://www.tianxiagongchang.com/detail/867893_shen-yang-lin-min-jian-ce-she-bei-you-xian-gong-si,检测设备,91210113MA0TY3T1XP,2017-03-22,,7,3,"存续,真实工厂","金属切割及焊接设备制造,其他非金属加工专用设备制造",2026-09-15T16:08:20.726521+00:00
鞍山长风无损检测设备有限公司,鞍山市铁西区双功路13号,辽宁省,鞍山市,铁西区,"数字化探伤设备技术研发,维修,经营货物及技术进出口,机械设备开发,电子产品制造,销售,无损检测设备,多通道数字化超声波探伤设备,计算机软件开发,无,生产销售,制造",陈**,00000000000,1000.0,1000万人民币,存续,,"其他未列明通用设备制造业,电子和电工机械专用设备制造",80.0,enterprise,true,approved,tianxiagongchang.com,1160435,https://www.tianxiagongchang.com/detail/1160435_an-shan-chang-feng-wu-sun-jian-ce-she-bei-you-xian-gong-si,检测设备,912103037387800585,2002-06-06,http://www.ascfndt.com,13,2,"存续,真实工厂","其他未列明通用设备制造业,电子和电工机械专用设备制造",2026-09-15T16:08:20.726521+00:00
江苏铁龙环保设备有限公司,常州市金坛区金城镇白塔路1078号,江苏省,常州市,金坛区,"聚乙烯防渗土工膜,防水材料,橡塑制品,土工布的销售,自营和代理各类商品及技术的进出口业务,环保设备,聚氯乙烯防水卷材,复合材料电缆槽,高分子防水卷材,销售与安装,聚氨酯防水材料,维护服务,土工格栅的生产与销售,汽车内饰材料,阻燃地板革,桥梁伸缩缝装置的销售,安装,销售,防水卷材,桥梁伸缩缝装置的生产,钢塑软式透水管,隔音降噪环保设备的生产",赵**,00000000000,8000.0,8000万人民币,存续,,"铁路专用设备及器材、配件制造,电子和电工机械专用设备制造",80.0,enterprise,true,approved,tianxiagongchang.com,81418,https://www.tianxiagongchang.com/detail/81418_jiang-su-tie-long-huan-bao-she-bei-you-xian-gong-si,环保设备,91320413MA1N18TE6P,2016-11-30,,6,1,"存续,真实工厂","铁路专用设备及器材、配件制造,电子和电工机械专用设备制造",2026-09-15T16:08:20.726521+00:00
河北汇恒环保设备有限公司,河北省衡水市枣强县枣强镇七里营村,河北省,衡水市,枣强县,"模压制品,玻璃钢管道,玻璃钢电缆保护管,橡塑制品,制造,加工,环保净化节能设备,环保除尘脱硫设备,燃气调压器设备,金属制品,固体废物,容器,玻璃钢制品,销售,安装玻璃钢环保设备,钢结构非标产品,自动化配套产品,定制加工,防腐保温工程,建筑建材,冷却塔,工程施工安装,中央空调配套产品,水处理设备,风机",马**,00000000000,6600.0,6600万人民币,存续,,"玻璃纤维增强塑料制品制造,环境保护专用设备制造",80.0,enterprise,true,approved,tianxiagongchang.com,261609,https://www.tianxiagongchang.com/detail/261609_he-bei-hui-heng-huan-bao-she-bei-you-xian-gong-si,环保设备,91131121MA08G6RA10,2017-04-27,http://huihengblg.com,8,3,"存续,真实工厂","玻璃纤维增强塑料制品制造,环境保护专用设备制造",2026-09-15T16:08:20.726521+00:00
萍乡市美迪环保设备填料有限公司,江西省萍乡市湘东区下埠工业区,江西省,萍乡市,湘东区,"滤料,石油和化学工业用填料,蜂窝陶瓷,分子筛,石化助剂,催化剂载体,金属填料,耐火材料,环保设备,催化剂回收,进出口贸易,催化剂,化工填料,瓷球,环保工程,塑料填料,活性炭,陶瓷产品,环保原料,生化滤料,陶瓷填料,陶瓷填料生产,防腐保温材料,化工原料,吸附剂,防腐保温工程施工,防腐保温材料销售,石化塔内配品配件",刘**,00000000000,10000.0,10000万人民币,存续,,"陶瓷制品制造,其他未列明制造业",80.0,enterprise,true,approved,tianxiagongchang.com,314757,https://www.tianxiagongchang.com/detail/314757_ping-xiang-shi-mei-di-huan-bao-she-bei-tian-liao-you-xian-gong-si,环保设备,91360300074253203D,2013-07-18,http://www.meidihb.cn,7,2,"存续,真实工厂","陶瓷制品制造,其他未列明制造业",2026-09-15T16:08:20.726521+00:00
武汉木兰环保设备有限公司,武汉市黄陂区长堰工业街39号,湖北省,武汉市,黄陂区,"环境工程设计,操作与服务,环保设备制造,安装,金属结构加工,环饱设备,除尘设备的维护,检修",卢**,00000000000,5300.0,5300万人民币,存续,,"金属结构制造,其他专用设备制造",80.0,enterprise,true,approved,tianxiagongchang.com,320528,https://www.tianxiagongchang.com/detail/320528_wu-han-mu-lan-huan-bao-she-bei-you-xian-gong-si,环保设备,9142011672578886XU,2001-01-19,,6,1,"存续,真实工厂","金属结构制造,其他专用设备制造",2026-09-15T16:08:20.726521+00:00
河北永鑫环保设备有限公司,河北省沧州市泊头市郝村镇曹魏庄,河北省,沧州市,泊头市,"塑钢爬梯生产销售,脱硫脱硝设备,工量具,环保设备,环保设备及配件,安装,机械设备,污水处理设备,施工,废气处理设备,斜垫铁,除尘设备设计,机械加工,平垫铁",浑**,00000000000,5800.0,5800万人民币,存续,,环境保护专用设备制造,80.0,enterprise,true,approved,tianxiagongchang.com,653245,https://www.tianxiagongchang.com/detail/653245_he-bei-yong-xin-huan-bao-she-bei-you-xian-gong-si,环保设备,91130981MA08C8Q82L,2017-03-29,http://www.7548598.com,41,1,"存续,真实工厂",环境保护专用设备制造,2026-09-15T16:08:20.726521+00:00
湖北楚天蓝环保设备工程有限公司,鄂州市经济开发区,湖北省,鄂州市,鄂城区,"D1,仪器仪表安装工程,D2类压力容器,防腐保温工程,石油化工设备,容器管道设备的研发,仪器仪表安装,节能环保设备,制造,GC2级压力管道,石油化工设备在线监测系统,销售,环保设备安装工程,电力设备,自营和代理货物及技术进出口,石油化工安装工程,冶金设备",雷*,00000000000,6016.0,6016万人民币,存续,,"大气污染治理,自然生态系统保护管理",80.0,enterprise,true,approved,tianxiagongchang.com,1801099,https://www.tianxiagongchang.com/detail/1801099_hu-bei-chu-tian-lan-huan-bao-she-bei-gong-cheng-you-xian-gong-si,环保设备,91420700585470330P,2011-11-22,http://www.ctlhb.com,23,1,"存续,真实工厂,曾用名,湖北众恒科技发展有限公司","大气污染治理,自然生态系统保护管理",2026-09-15T16:08:20.726521+00:00
江苏京靖环保设备有限公司,靖江经济技术开发区新太路36号,江苏省,泰州市,靖江市,"环保设备,水处理设备、泵及配件,金属密封件制造、销售,技术服务,技术开发,技术咨询,技术交流,技术转让,技术推广,通用设备修理,专用设备修理,企业管理咨询,普通机械设备安装服务",郁*,00000000000,6999.0,6999万人民币,存续,,"环境保护专用设备制造,环保、邮政、社会公共服务及其他专用设备制造",80.0,enterprise,true,approved,tianxiagongchang.com,2369756,https://www.tianxiagongchang.com/detail/2369756_jiang-su-jing-jing-huan-bao-she-bei-you-xian-gong-si,环保设备,91321282MA1XB59P44,2018-10-17,,5,1,"存续,真实工厂","环境保护专用设备制造,环保、邮政、社会公共服务及其他专用设备制造",2026-09-15T16:08:20.726521+00:00
河北午阳环保设备有限公司,泊头市王武镇郭千村,河北省,沧州市,泊头市,"电磁脉冲阀,脱硫脱销设备,锅炉除尘器,环保设备加工,花板冲压工序,大气环境治理,骨架,静电除尘器,钢铁行业除尘器,综合性环境服务,卸料器,壁板成型工艺,全自动滤袋框架生产线,除尘器配套用备品备件,星型卸料器,湿式除尘器,整机模拟检测装置,脉冲袋式除尘器,脉冲喷吹气包组装工艺,布袋,脉冲控制仪,冶金行业除尘器,环保",穆**,00000000000,11605.0,11605万人民币,存续,,环境保护专用设备制造,80.0,enterprise,true,approved,tianxiagongchang.com,2651870,https://www.tianxiagongchang.com/detail/2651870_he-bei-wu-yang-huan-bao-she-bei-you-xian-gong-si,环保设备,911309810633931209,2013-03-12,http://www.hbwyhb.com,46,3,"存续,真实工厂",环境保护专用设备制造,2026-09-15T16:08:20.726521+00:00
江苏登封环保设备有限公司,张家港市锦丰镇星宇路8号,江苏省,苏州市,张家港市,"销售,机电设备安装,环保设备维护及相关的技术服务,环保设备设计,防水防腐保温工程,制造,环保工程施工,安装,自营和代理各类商品及技术的进出口业务",杨**,00000000000,5500.0,5500万人民币,存续,,"环境保护专用设备制造,专业技术服务业,工业与专业设计及其他专业技术服务,工业设计服务",80.0,enterprise,true,approved,tianxiagongchang.com,3680182,https://www.tianxiagongchang.com/detail/3680182_jiang-su-deng-feng-huan-bao-she-bei-you-xian-gong-si,环保设备,91320582MA1MUH4K81,2016-09-19,,3,1,"存续,真实工厂","环境保护专用设备制造,专业技术服务业,工业与专业设计及其他专业技术服务,工业设计服务",2026-09-15T16:08:20.726521+00:00
安徽钰艺环保设备有限公司,安徽省安庆市桐城市龙眠街道太平社区金大地工业园A08-9＃,安徽省,安庆市,桐城市,"环保设备及配件,皮带输送机,斗式提升机,螺旋输送机,矿山机械设计,安装及技术服务,橡胶、塑料,化工原料,制品,钢材、金属材料销售",张**,00000000000,12000.0,12000万人民币,存续,,"连续搬运设备制造,其他制造业,其他未列明制造业",80.0,enterprise,true,approved,tianxiagongchang.com,3808629,https://www.tianxiagongchang.com/detail/3808629_an-hui-yu-yi-huan-bao-she-bei-you-xian-gong-si,环保设备,91340881MA2WQ9A42H,2021-02-25,http://www.ahyyhbsb.com,4,1,"存续,真实工厂","连续搬运设备制造,其他制造业,其他未列明制造业",2026-09-15T16:08:20.726521+00:00
玉环市泽宇水处理设备有限公司,浙江省玉环市玉城街道城北创融产业城78-1幢101室（自主申报）,浙江省,台州市,玉环市,"安装,软件开发,工业自动控制系统装置制造,电子产品销售,市政公用工程,建筑智能化工程设计,施工,给排水工程,环境保护与治理咨询服务,工程技术咨询服务,销售,机械设备,污水处理,电子产品技术服务,阀门销售,货物进出口,技术进出口,水处理设备制造",梁**,00000000000,5800.0,5800万人民币,存续,,"环境保护专用设备制造,环保、邮政、社会公共服务及其他专用设备制造",80.0,enterprise,true,approved,tianxiagongchang.com,830854,https://www.tianxiagongchang.com/detail/830854_yu-huan-shi-ze-yu-shui-chu-li-she-bei-you-xian-gong-si,水处理设备,91331021594351843J,2012-04-09,,3,1,"存续,真实工厂,曾用名,玉环县泽宇水处理设备有限公司","环境保护专用设备制造,环保、邮政、社会公共服务及其他专用设备制造",2026-09-15T16:08:20.726521+00:00
山东新生泰水处理设备股份有限公司,淄博市桓台县果里镇东边村803省道东（果里镇政府北500米路东）,山东省,淄博市,桓台县,"离子交换设备,纯净水设备,超滤设备,软化水设备,软化水处理工程,承接管道直饮水工程,净化水设备,EDI连续电除盐制取高纯水设备,技术开发,灌装设备,安装,反渗透设备,循环冷却水处理工程,去离子水处理工程,软化水处理设备,水处理设备及系统的设计,生产反渗透水处理设备,高纯水处理工程,混床等设备,地下水处理工程,超滤水处理设备,制造,调试,配套材料销售",周**,00000000000,5080.0,5080万人民币,存续,,"环境保护专用设备制造,其他未列明制造业",80.0,enterprise,true,approved,tianxiagongchang.com,2565716,https://www.tianxiagongchang.com/detail/2565716_shan-dong-xin-sheng-tai-shui-chu-li-she-bei-gu-fen-you-xian-gong-si,水处理设备,91370321675530827C,2008-05-26,https://www.sdxinshengtai.com/,14,1,"存续,真实工厂,曾用名,山东新生泰水处理设备有限责任公司","环境保护专用设备制造,其他未列明制造业",2026-09-15T16:08:20.726521+00:00
江苏双浪水处理设备有限公司,宜兴市高塍镇胥井村（外商工业集中区）,江苏省,无锡市,宜兴市,"交换柱制造,技术服务,玻璃钢制品,环境工程的设计,仪器仪表,废气净化设备,环境污染防治设备,塑料异型材,水处理设备,金属材料,化工产品及原料,按二级资质从事环保工程专业承包",周**,00000000000,8600.0,8600万人民币,存续,,"环境保护专用设备制造,专用设备制造业,环保、邮政、社会公共服务及其他专用设备制造,其他专用设备制造",80.0,enterprise,true,approved,tianxiagongchang.com,3732143,https://www.tianxiagongchang.com/detail/3732143_jiang-su-shuang-lang-shui-chu-li-she-bei-you-xian-gong-si,水处理设备,913202821428826193,1982-02-22,http://www.js-sl.cn,19,1,"存续,真实工厂,曾用名,宜兴市超滤设备厂 宜兴县超滤设备厂","环境保护专用设备制造,专用设备制造业,环保、邮政、社会公共服务及其他专用设备制造,其他专用设备制造",2026-09-15T16:08:20.726521+00:00
江苏碧波水处理设备有限公司,无锡市滨湖区胡埭镇龙延村钱胡路1535号,江苏省,无锡市,滨湖区,"游泳池,水上乐园,水处理设备,水上休闲娱乐设施的设计研发,制造安装,产品代理,专业化成套设备,水处理成套设备",王*,00000000000,1820.0,1820万人民币,存续,,"其他专用设备制造,电子和电工机械专用设备制造",80.0,enterprise,true,approved,tianxiagongchang.com,537414,https://www.tianxiagongchang.com/detail/537414_jiang-su-bi-bo-shui-chu-li-she-bei-you-xian-gong-si,水处理设备,9132021174557712X6,2003-01-20,http://jsbibo.cn,21,1,"存续,真实工厂,曾用名,无锡市碧波水处理设备有限公司","其他专用设备制造,电子和电工机械专用设备制造",2026-09-15T16:08:20.726521+00:00
东莞市粤翔水处理设备有限公司,广东省东莞市东城街道东城光明路17号3栋101室,广东省,东莞市,东莞市,"中水超滤设备,不锈钢罐体系列,化工废水处理设备,反渗透纯水设备,楼宇直饮水设备,保安过滤器,雨水处理设备,工业超纯水设备,玻璃钢罐体系列,民用饮用水设备,超纯水处理设备流程,印染中水回用,电镀中水回用,宾馆直饮水设备,雨水回收设备,化工中水回用,工厂直饮水设备,中水预处理设备,生活污水处理设备,工业废水处理设备,PE水箱系列,镍回收水处理设备,河水处理设备,电镀废水处理设备,精密过滤设备,沙碳过滤器,造纸废水处理设备,EDI设备,混床复床设备,中水回用设备,离子交换设备,服饰,一级反渗透设备,皮革,纯水预处理设备,湖水处理设备,楼宇雨水收集设备,中水反渗透设备,纯水超滤设备,家庭直饮水设备,印染废水处理设备,纺织,水处理设备,造纸中水回用,井水处理设备,工业纯水设备,软化水设备,UV杀毒设备,TOC降解仪,氮封装置,污水处理设备,超纯水箱,二级反渗透设备,写字楼直饮水设备",张*,00000000000,1020.0,1020万人民币,存续,,其他综合零售,80.0,enterprise,true,approved,tianxiagongchang.com,582022,https://www.tianxiagongchang.com/detail/582022_dong-guan-shi-yue-xiang-shui-chu-li-she-bei-you-xian-gong-si,水处理设备,91441900774012646F,2005-04-19,http://www.yxwater.com,15,2,"存续,真实工厂",其他综合零售,2026-09-15T16:08:20.726521+00:00
济南汇鑫水处理设备有限公司,山东省济南市历城区华山珑城北陈路88号中海湖畔公寓楼12号楼1630,山东省,济南市,历城区,"转让,消毒设备,维修,耗材,净水设备,零售,水处理配件及耗材,纳滤设备,家用纯水机,软化设备,不锈钢制品,环保设备,不锈钢水箱,EDI设备,水处理滤芯,紫外线消毒器,水处理设备的设计,服务,环保设备的批发,五金,水处理技术开发,水处理设备及配件,不锈钢过滤器的组装,超滤设备,水处理设备,反渗透设备,臭氧发生器,纯净水设备,空气净化设备",苏**,00000000000,1200.0,1200万人民币,存续,,"环境保护专用设备制造,其他机械设备及电子产品批发",80.0,enterprise,true,approved,tianxiagongchang.com,754172,https://www.tianxiagongchang.com/detail/754172_ji-nan-hui-xin-shui-chu-li-she-bei-you-xian-gong-si,水处理设备,91370112054890205E,2012-12-28,http://www.jnhuixin.com.cn,21,1,"存续,真实工厂","环境保护专用设备制造,其他机械设备及电子产品批发",2026-09-15T16:08:20.726521+00:00
温州恒通水处理设备有限公司,浙江省温州市龙湾区永兴街道空港新区金海二道922号,浙江省,温州市,龙湾区,"各类水处理设备的开发,制造,安装调试,交通工具,设计,维护保养,各类水处理设备,汽车,全方面技术服务,引进",黄**,00000000000,2800.0,2800万人民币,存续,,"环境保护专用设备制造,制药专用设备制造",80.0,enterprise,true,approved,tianxiagongchang.com,835384,https://www.tianxiagongchang.com/detail/835384_wen-zhou-heng-tong-shui-chu-li-she-bei-you-xian-gong-si,水处理设备,91330301256530275E,1997-04-29,http://www.hengtongcn.com,29,1,"存续,真实工厂","环境保护专用设备制造,制药专用设备制造",2026-09-15T16:08:20.726521+00:00
靖江市益友水处理设备制造有限公司,靖江市经济开发区兴业路南侧,江苏省,泰州市,靖江市,"环保设备制造,水箱现场制作,环保设备及配件制造,泵阀销售,燃料油,自营和代理各类商品及技术的进出口业务,防腐,调试,销售,安装,水处理设备及配件,润滑油销售,水处理设备,油箱",严**,00000000000,2000.0,2000万人民币,存续,,"其他专用设备制造,电子和电工机械专用设备制造",80.0,enterprise,true,approved,tianxiagongchang.com,1038703,https://www.tianxiagongchang.com/detail/1038703_jing-jiang-shi-yi-you-shui-chu-li-she-bei-zhi-zao-you-xian-gong-si,水处理设备,9132128272440975XX,2000-11-18,,13,1,"存续,真实工厂","其他专用设备制造,电子和电工机械专用设备制造",2026-09-15T16:08:20.726521+00:00
杭州玉泉水处理设备有限公司,浙江省杭州市萧山区新塘街道五联村,浙江省,杭州市,萧山区,"给排水及环境工程设备,水处理设备及器材,安装及管理,给排水及环境工程设备,货物及技术的进出口业务",陈*,00000000000,5000.0,5000万人民币,存续,,"塑料制品业,环境保护专用设备制造",80.0,enterprise,true,approved,tianxiagongchang.com,1352639,https://www.tianxiagongchang.com/detail/1352639_hang-zhou-yu-quan-shui-chu-li-she-bei-you-xian-gong-si,水处理设备,913301097494689832,2003-05-15,https://www.zj-yuquan.com,12,1,"存续,真实工厂","塑料制品业,环境保护专用设备制造",2026-09-15T16:08:20.726521+00:00
上海申通水处理设备成套有限公司,上海市普陀区谈家渡路28号417室,上海市,上海市,普陀区,"五金交电,炊事用具,水处理设备,净水设备销售,金属材料,电机,普通机械,汽配件,不锈钢制品,建材,装潢材料,制冷设备,百货,食品机械,针纺织品",纪**,00000000000,2030.0,2030万人民币,存续,,电子和电工机械专用设备制造,80.0,enterprise,true,approved,tianxiagongchang.com,1442527,https://www.tianxiagongchang.com/detail/1442527_shang-hai-shen-tong-shui-chu-li-she-bei-cheng-tao-you-xian-gong-si,水处理设备,913101071329200601,1992-02-20,,6,1,"存续,真实工厂",电子和电工机械专用设备制造,2026-09-15T16:08:20.726521+00:00
南通市红星空压机配件制造有限公司,南通市通州区刘桥镇工业集中区（西区）,江苏省,南通市,通州区,"风动工具,空压机,空压机配件,电动工具,空压机及配件制造,五金机械加工,销售及上述商品的进出口业务",邱**,00000000000,2100.0,2100万人民币,存续,,日用化工专用设备制造,80.0,enterprise,true,approved,tianxiagongchang.com,28933,https://www.tianxiagongchang.com/detail/28933_nan-tong-shi-hong-xing-kong-ya-ji-pei-jian-zhi-zao-you-xian-gong-si,空压机,913206127115175245,1998-10-19,,14,1,"存续,真实工厂",日用化工专用设备制造,2026-09-15T16:08:20.726521+00:00
天津康斯力德空压机制造有限公司,天津市西青区张家窝镇安泽道2号,天津市,天津市,西青区,"承接空压机维修及保养,金属材料,电动工具维修,五金电料,精密过滤器,空压机,干燥机,冷干机,气动,家用电器,汽车配件,机电设备安装,储气罐,润滑油脂批发兼零售,螺杆式空压机,日用百货,过滤器制造,机加工,活塞式空压机,空压机制造及配件,空压机配件",张**,00000000000,3000.0,3000万人民币,存续,,"气体压缩机械制造,泵、阀门、压缩机及类似机械制造",80.0,enterprise,true,approved,tianxiagongchang.com,581174,https://www.tianxiagongchang.com/detail/581174_tian-jin-kang-si-li-de-kong-ya-ji-zhi-zao-you-xian-gong-si,空压机,91120111596121638D,2012-05-22,http://www.tjksld.com,14,3,"存续,真实工厂","气体压缩机械制造,泵、阀门、压缩机及类似机械制造",2026-09-15T16:08:20.726521+00:00
山东新逸嘉空压机有限公司,山东省临沂市莒南县石莲子镇汀水工业园,山东省,临沂市,莒南县,"空压机,五金机电,风镐,储气罐,冷干机,螺杆机,高压胶管,机油",王**,00000000000,1000.0,1000万人民币,存续,,"气体压缩机械制造,其他机械设备及电子产品批发",80.0,enterprise,true,approved,tianxiagongchang.com,698177,https://www.tianxiagongchang.com/detail/698177_shan-dong-xin-yi-jia-kong-ya-ji-you-xian-gong-si,空压机,91371327MA3NUM3D2G,2018-12-19,,1,1,"存续,真实工厂","气体压缩机械制造,其他机械设备及电子产品批发",2026-09-15T16:08:20.726521+00:00
江西南翔空压机有限公司,江西省南昌市青山湖区东升大道269号管理楼,江西省,南昌市,青山湖区,"保养维修一条龙服务,螺杆式空压机,中压空压机,节能改造,空压机,系统安装,设备选型,各型号螺杆式压缩机,高,螺杆式压缩机设计,储气罐,各型号活塞机,移动螺杆式空压机,空气压缩机,无油润滑空压机,压缩空气系统的设计规划,活塞式空压机,空气净化处理设备,生产和销售",张**,00000000000,1000.0,1000万人民币,存续,,"气体压缩机械制造,印刷专用设备制造",80.0,enterprise,true,approved,tianxiagongchang.com,2197388,https://www.tianxiagongchang.com/detail/2197388_jiang-xi-nan-xiang-kong-ya-ji-you-xian-gong-si,空压机,91360100723902681Y,2001-01-08,https://www.nanxiangair.com,29,3,"存续,真实工厂","气体压缩机械制造,印刷专用设备制造",2026-09-15T16:08:20.726521+00:00
宁波天风汽车空压机有限公司,浙江省宁波市奉化区西坞街道奉化经济开发区尚桥科技工业园新岭西路17号（4号楼1楼西起第3间）,浙江省,宁波市,奉化区,"各类汽车空压机,零部件,汽车刹车系统其他零部件制造、销售,自营和代理各类商品和技术的进出口",俞*,00000000000,800.0,800万人民币,存续,,汽车零部件及配件制造,80.0,enterprise,true,approved,tianxiagongchang.com,2479655,https://www.tianxiagongchang.com/detail/2479655_ning-bo-tian-feng-qi-che-kong-ya-ji-you-xian-gong-si,空压机,913302837048801309,1998-08-24,,20,1,"存续,真实工厂,曾用名,奉化市天风汽车空压机有限公司",汽车零部件及配件制造,2026-09-15T16:08:20.726521+00:00
江苏鲍斯空压机有限公司,扬州市邗江区邗江工业园吉安路西侧1幢,江苏省,扬州市,,"空压机,节能空压机,双级压缩机,制冷设备,真空设备,机械设备设计、销售、安装、保养、维修,环境保护专用设备销售,液压动力机械及元件销售,风机、风扇销售,润滑油销售,阀门和旋塞销售,专用化学产品销售（不含危险化学品）,锻件及粉末冶金制品销售,制冷、空调设备销售,泵及真空设备销售",丁**,00000000000,1000.0,1000万人民币,存续,,"专业技术服务业,专业设计服务,工业与专业设计及其他专业技术服务",80.0,enterprise,true,approved,tianxiagongchang.com,4157323,https://www.tianxiagongchang.com/detail/4157323_jiang-su-bao-si-kong-ya-ji-you-xian-gong-si,空压机,91321003MA207E0X76,2019-10-12,,12,1,"存续,曾用名,扬州鲍斯空压机有限公司","专业技术服务业,专业设计服务,工业与专业设计及其他专业技术服务",2026-09-15T16:08:20.726521+00:00
盐城市大丰盛力佳空压机有限公司,盐城市大丰区南翔路南侧（兴业路1号）,江苏省,盐城市,大丰区,"水冷空压机中高压空压机柴动空压机无油空压机,pet吹瓶空压机,制造和销售,螺杆增压机,防爆空压机研发,激光切割专用空压机",韩**,00000000000,120.0,120万人民币,存续,,印刷专用设备制造,80.0,enterprise,true,approved,tianxiagongchang.com,567561,https://www.tianxiagongchang.com/detail/567561_yan-cheng-shi-da-feng-sheng-li-jia-kong-ya-ji-you-xian-gong-si,空压机,91320982722812924K,2001-03-07,https://www.dfsljkyj.com,23,4,"存续,真实工厂,曾用名,大丰市盛力佳空压机有限公司 大丰市盛力佳空压机配件制造有限公司",印刷专用设备制造,2026-09-15T16:08:20.726521+00:00
廊坊市众柴车用空压机有限公司,河北省廊坊市安次区高新技术产业园安美路110号1#厂房,河北省,廊坊市,安次区,"车用空压机及零部件,商务服务,广告",张**,00000000000,200.0,200万人民币,存续,,"汽车零部件及配件制造,其他未列明制造业",80.0,enterprise,true,approved,tianxiagongchang.com,1065585,https://www.tianxiagongchang.com/detail/1065585_lang-fang-shi-zhong-chai-che-yong-kong-ya-ji-you-xian-gong-si,空压机,9113100256324181XB,2010-10-11,,5,1,"存续,真实工厂","汽车零部件及配件制造,其他未列明制造业",2026-09-15T16:08:20.726521+00:00
宁波市开林汽车空压机有限公司,浙江省宁波市奉化区尚田街道工业开发区,浙江省,宁波市,奉化区,"自营和代理各类商品和技术的进出口业务,五金塑料制品,汽车空压机,汽车空压机及其他汽车配件,但国家限制或禁止进出口的商品和技术除外,机械配件制造,加工,其他汽车配件",胡**,00000000000,350.0,350万人民币,存续,,汽车零部件及配件制造,80.0,enterprise,true,approved,tianxiagongchang.com,3422600,https://www.tianxiagongchang.com/detail/3422600_ning-bo-shi-kai-lin-qi-che-kong-ya-ji-you-xian-gong-si,空压机,91330283724095965L,2000-10-11,,11,1,"存续,真实工厂,曾用名,奉化市开林汽车空压机有限公司",汽车零部件及配件制造,2026-09-15T16:08:20.726521+00:00
永康市石柱杨姿空压机配件厂,浙江省金华市永康市石柱镇石柱村侨兴路11号（自主申报）,浙江省,金华市,永康市,"压缩,分离设备,机械配件加工,空压机配件",郎**,00000000000,80.0,80万人民币,存续,,"黑色金属铸造,其他通用零部件制造",80.0,enterprise,true,approved,tianxiagongchang.com,3762,https://www.tianxiagongchang.com/detail/3762_yong-kang-shi-dan-zhu-yang-zi-kong-ya-ji-pei-jian-chang,空压机,91330784560962195M,2010-08-18,,5,1,"存续,真实工厂","黑色金属铸造,其他通用零部件制造",2026-09-15T16:08:20.726521+00:00
杭州富阳中悦叉车配件有限公司,浙江省杭州市富阳区新登镇乘庄村郑家庄32号,浙江省,杭州市,富阳区,"小型机械机配件制造,五金工具,汽车配件批发,日用百货批发,无,维修,零售,叉车配件,小五金加工,叉车销售,汽车配件",华**,00000000000,1050.0,1050万人民币,存续,,"其他机械和设备修理业,汽车及零配件批发",80.0,enterprise,true,approved,tianxiagongchang.com,1683958,https://www.tianxiagongchang.com/detail/1683958_hang-zhou-fu-yang-zhong-yue-cha-che-pei-jian-you-xian-gong-si,叉车配件,913301830536806010,2012-10-09,,4,2,"存续,真实工厂,曾用名,富阳中悦叉车销售有限公司","其他机械和设备修理业,汽车及零配件批发",2026-09-15T16:08:20.726521+00:00
靖江市天晟叉车配件制造厂,靖江市江平路368号,江苏省,泰州市,靖江市,"锅炉辅助设备配件,叉车配件,机械配件加工,销售,加工,电站专用设备配件制造",薛**,00000000000,100.0,100万人民币,存续,,"机械零部件加工,生产专用车辆制造",80.0,enterprise,true,approved,tianxiagongchang.com,854052,https://www.tianxiagongchang.com/detail/854052_jing-jiang-shi-tian-cheng-cha-che-pei-jian-zhi-zao-chang,叉车配件,92321282MA1UPAJL2N,2012-09-07,,11,1,"存续,真实工厂,曾用名,靖江市薛顺坤叉车配件制造厂","机械零部件加工,生产专用车辆制造",2026-09-15T16:08:20.726521+00:00
宝鸡市金台区叉车配件厂,陕西省宝鸡市金台区西关办事处罗家堎村村民委员会办公室,陕西省,宝鸡市,金台区,"驾驶室,叉车配件",李**,00000000000,27.0,27万人民币,存续,,"金属加工机械制造,机械零部件加工",80.0,enterprise,true,approved,tianxiagongchang.com,251708,https://www.tianxiagongchang.com/detail/251708_bao-ji-shi-jin-tai-qu-cha-che-pei-jian-chang,叉车配件,91610303221372684Y,1982-01-01,,4,1,"存续,真实工厂","金属加工机械制造,机械零部件加工",2026-09-15T16:08:20.726521+00:00
扬州市德山叉车配件厂,甘泉镇公路集村,江苏省,扬州市,邗江区,"叉车整机销售,叉车配件,叉车座椅",陈*,00000000000,15.0,15万人民币,存续,,"结构性金属制品制造,汽车零配件零售",80.0,enterprise,true,approved,tianxiagongchang.com,2335953,https://www.tianxiagongchang.com/detail/2335953_yang-zhou-shi-de-shan-cha-che-pei-jian-chang,叉车配件,913210037473235105,2003-03-07,,7,1,"存续,真实工厂,曾用名,扬州市邗江德山叉车配件厂","结构性金属制品制造,汽车零配件零售",2026-09-15T16:08:20.726521+00:00
佛山市南海宇嘉叉车配件经营部,佛山市南海区大沥太平石步村前第太平3号,广东省,佛山市,,"五金零售,其他未列明零售业（叉车配件零售）,其他机械设备,电子产品批发",芮**,00000000000,,,存续,,"五金、家具及室内装饰材料专门零售,五金零售,零售业",80.0,enterprise,true,approved,tianxiagongchang.com,4385133,https://www.tianxiagongchang.com/detail/4385133_fo-shan-shi-nan-hai-yu-jia-cha-che-pei-jian-jing-ying-bu,叉车配件,92440605MA4X838E1C,2016-06-07,,1,1,存续,"五金、家具及室内装饰材料专门零售,五金零售,零售业",2026-09-15T16:08:20.726521+00:00
靖江市意丰车辆配件制造有限公司叉车配件分公司,靖江市季市镇三元桥北首500米,江苏省,泰州市,靖江市,"叉车配件,空滤器,液压件,服装加工、制造及销售",陈*,00000000000,,,存续,,"其他通用零部件制造,生产专用车辆制造",80.0,enterprise,true,approved,tianxiagongchang.com,2279827,https://www.tianxiagongchang.com/detail/2279827_jing-jiang-shi-yi-feng-che-liang-pei-jian-zhi-zao-you-xian-gong-si-cha-che-pei-jian-fen-gong-si,叉车配件,91321282MA1MN01F3P,2008-02-27,,2,0,"存续,真实工厂","其他通用零部件制造,生产专用车辆制造",2026-09-15T16:08:20.726521+00:00
玉环县友利叉车配件有限公司,浙江省台州市玉环市玉城街道岭脚村,浙江省,台州市,玉环市,"农机配件制造,汽车配件及叉车件,汽车配件,叉车配件,摩托车配件",郑**,00000000000,50.0,50万人民币,存续,,"其他通用零部件制造,摩托车零部件及配件制造",80.0,enterprise,true,approved,tianxiagongchang.com,2745441,https://www.tianxiagongchang.com/detail/2745441_yu-huan-xian-you-li-cha-che-pei-jian-you-xian-gong-si,叉车配件,91331021725240861B,2000-11-02,,5,0,"存续,真实工厂,曾用名,玉环县利友机械厂","其他通用零部件制造,摩托车零部件及配件制造",2026-09-15T16:08:20.726521+00:00
安庆市宜秀区刘氏叉车配件修理厂,安庆市宜秀区大桥办苏岗村富嘴组3-7号,安徽省,安庆市,宜秀区,"机械加工,叉车配件制作及维修",刘*,00000000000,3.0,3万人民币,存续,,"机械零部件加工,其他金属加工机械制造",80.0,enterprise,true,approved,tianxiagongchang.com,1328914,https://www.tianxiagongchang.com/detail/1328914_an-qing-shi-yi-xiu-qu-liu-shi-cha-che-pei-jian-xiu-li-chang,叉车配件,92340811MA2NK4669Q,2017-04-27,,4,0,"存续,真实工厂","机械零部件加工,其他金属加工机械制造",2026-09-15T16:08:20.726521+00:00
杭州萧山叉车配件有限公司,萧山区瓜沥镇渭水桥村,浙江省,杭州市,萧山区,"工程机械配件,五金配件,液压阀,叉车,汽车配件",洪**,00000000000,510.0,510万人民币,存续,,"液压动力机械及元件制造,其他物料搬运设备制造",80.0,enterprise,true,approved,tianxiagongchang.com,2468265,https://www.tianxiagongchang.com/detail/2468265_hang-zhou-xiao-shan-cha-che-pei-jian-you-xian-gong-si,叉车配件,913301091435552735,1998-02-25,,8,0,"存续,真实工厂,曾用名,杭州萧山叉车配件厂 萧山叉车配件厂","液压动力机械及元件制造,其他物料搬运设备制造",2026-09-15T16:08:20.726521+00:00
高邮市中信叉车配件厂,高邮市送桥镇马桥路88号,江苏省,扬州市,高邮市,"叉车座椅及配件,销售,叉车座椅及配件生产",陆**,00000000000,40.0,40万人民币,存续,,"汽车零部件及配件制造,汽车整车制造",80.0,enterprise,true,approved,tianxiagongchang.com,2866403,https://www.tianxiagongchang.com/detail/2866403_gao-you-shi-zhong-xin-cha-che-pei-jian-chang,叉车配件,91321084725229558L,2000-08-07,,6,0,"存续,真实工厂","汽车零部件及配件制造,汽车整车制造",2026-09-15T16:08:20.726521+00:00
浙江裕泰汽车配件有限公司,浙江省温州经济技术开发区金海二道439号,浙江省,温州市,龙湾区,"汽车紧固件,摩托车配件,汽车配件,紧固件,机械设备租赁服务,加工,技术进出口,技术服务,线材的加工,五金制品,销售,卫浴洁具,货物进出口,标准件的制造,汽车零配件",沈**,00000000000,7580.0,7580万人民币,存续,,"汽车零部件及配件制造,口腔科用设备及器具制造",80.0,enterprise,true,approved,tianxiagongchang.com,330933,https://www.tianxiagongchang.com/detail/330933_zhe-jiang-yu-tai-qi-che-pei-jian-you-xian-gong-si,汽车配件,91330301564403892W,2010-11-01,http://www.yutai-group.com/main.asp,7,1,"存续,真实工厂","汽车零部件及配件制造,口腔科用设备及器具制造",2026-09-15T16:08:20.726521+00:00
沧州瑞丰汽车配件有限公司,沧县杜林东街,河北省,沧州市,沧县,"各种矿山机械配件,销售钢材,矿山机械配件,销售：汽车配件,电瓶车配件,农业机械配件,钢铁结构件,汽车配件,制造",胡**,00000000000,5280.0,5280万人民币,存续,,汽车零部件及配件制造,80.0,enterprise,true,approved,tianxiagongchang.com,894497,https://www.tianxiagongchang.com/detail/894497_cang-zhou-rui-feng-qi-che-pei-jian-you-xian-gong-si,汽车配件,9113092176662807XD,2004-09-22,,10,1,"存续,真实工厂",汽车零部件及配件制造,2026-09-15T16:08:20.726521+00:00
昆山晶业汽车配件有限公司,昆山市千灯镇石浦联合路201号,江苏省,苏州市,昆山市,"道路货物运输,机械设备的生产,技术开发,电子产品,汽车注塑产品的生产,技术咨询,汽车配件,销售,技术服务,技术转让,机械设备,货物及技术的进出口业务,加工,模具的维修及销售,金属制品",吴**,00000000000,6100.0,6100万人民币,存续,,汽车零部件及配件制造,80.0,enterprise,true,approved,tianxiagongchang.com,1019271,https://www.tianxiagongchang.com/detail/1019271_kun-shan-jing-ye-qi-che-pei-jian-you-xian-gong-si,汽车配件,913205835810208855,2011-08-15,http://ksjyqp.com,9,1,"存续,真实工厂",汽车零部件及配件制造,2026-09-15T16:08:20.726521+00:00
沧州巨擎汽车配件有限公司,河北河间经济开发区（西区）,河北省,沧州市,河间市,"离合器片,汽车离合器,汽车配件,汽车零部件,离合器压盘,离合器总成,离合器盖总成",崔**,00000000000,7600.0,7600万人民币,存续,,"汽车零部件及配件制造,其他未列明制造业",80.0,enterprise,true,approved,tianxiagongchang.com,1379992,https://www.tianxiagongchang.com/detail/1379992_cang-zhou-ju-qing-qi-che-pei-jian-you-xian-gong-si,汽车配件,91130984580999542Q,2011-09-01,http://www.cangzhoujuqing.com,14,1,"存续,真实工厂","汽车零部件及配件制造,其他未列明制造业",2026-09-15T16:08:20.726521+00:00
安庆市天涯汽车配件有限公司,安徽省安庆市怀宁县金拱镇黄马村,安徽省,安庆市,怀宁县,"汽车配件,服装,鞋帽,纸箱,纸箱配套托板,塑料制品,石材加工、销售,建材销售,废旧物资回收,园林绿化",陈**,00000000000,10000.0,10000万人民币,存续,,"塑料零件及其他塑料制品制造,塑料包装箱及容器制造",80.0,enterprise,true,approved,tianxiagongchang.com,1391392,https://www.tianxiagongchang.com/detail/1391392_an-qing-shi-tian-ya-qi-che-pei-jian-you-xian-gong-si,汽车配件,91340822559203394R,2010-07-15,,5,2,"存续,真实工厂,曾用名,安庆市天涯包装有限公司","塑料零件及其他塑料制品制造,塑料包装箱及容器制造",2026-09-15T16:08:20.726521+00:00
任丘市雷顿新能源汽车配件有限公司,河北省沧州市任丘市经济开发区北区牛村村东中山道东侧规划新中路南侧东行50米,河北省,沧州市,任丘市,"新能源汽车配件,摩托车配件,电动汽车后桥齿轮总成,电机等相关配件",刘**,00000000000,24210.53,24210.53万人民币,存续,,"汽车制造业,汽车零部件及配件制造",80.0,enterprise,true,approved,tianxiagongchang.com,4103524,https://www.tianxiagongchang.com/detail/4103524_ren-qiu-shi-lei-dun-xin-neng-yuan-qi-che-pei-jian-you-xian-gong-si,汽车配件,91130982MA7J73XT06,2022-02-21,,4,2,"存续,真实工厂","汽车制造业,汽车零部件及配件制造",2026-09-15T16:08:20.726521+00:00
南通艺畅汽车配件有限公司,南通市通州区锡通科技产业园梧桐路9号,江苏省,南通市,苏通科技产业园,"汽车配件,塑料制品,金属制日用品,冲压件,精密模具,机械配件,照明器具制造,照明器具销售",周**,00000000000,10000.0,10000万人民币,存续,,照明灯具制造,80.0,enterprise,true,approved,tianxiagongchang.com,4275648,https://www.tianxiagongchang.com/detail/4275648_nan-tong-yi-chang-qi-che-pei-jian-you-xian-gong-si,汽车配件,91320612MA207KB54A,2019-10-14,,7,1,"存续,真实工厂",照明灯具制造,2026-09-15T16:08:20.726521+00:00
江西波特尔汽车配件制造有限公司,江西省上饶市鄱阳县田畈街镇工业园区,江西省,上饶市,鄱阳县,"废旧非有色金属收购,制造及销售,汽车配件,特种设备除外,机械",张**,00000000000,2000.0,2000万人民币,存续,,"汽车零部件及配件制造,其他未列明制造业",80.0,enterprise,true,approved,tianxiagongchang.com,4182,https://www.tianxiagongchang.com/detail/4182_jiang-xi-bo-te-er-qi-che-pei-jian-zhi-zao-you-xian-gong-si,汽车配件,9136112858657342XE,2011-12-09,http://www.jxboxing.com,9,1,"存续,真实工厂","汽车零部件及配件制造,其他未列明制造业",2026-09-15T16:08:20.726521+00:00
禹州市飞鸿汽车配件有限公司,禹州市产业集聚区东产业园,河南省,许昌市,禹州市,汽车配件加工销售,张**,00000000000,1600.0,1600万人民币,存续,,"黑色金属铸造,汽车车身、挂车制造",80.0,enterprise,true,approved,tianxiagongchang.com,16199,https://www.tianxiagongchang.com/detail/16199_yu-zhou-shi-fei-hong-qi-che-pei-jian-you-xian-gong-si,汽车配件,91411081794266475G,2006-10-10,,8,1,"存续,真实工厂","黑色金属铸造,汽车车身、挂车制造",2026-09-15T16:08:20.726521+00:00
常州市亚丰汽车配件制造有限公司,常州市天宁区弘智路9号,江苏省,常州市,天宁区,"汽车座椅,货物或技术进出口,塑料制品,汽车配件,汽车,汽车装潢,生产保险杠,五金,汽车内饰件销售",沈**,00000000000,1500.0,1500万人民币,存续,,"汽车零部件及配件制造,汽车整车制造",80.0,enterprise,true,approved,tianxiagongchang.com,66422,https://www.tianxiagongchang.com/detail/66422_chang-zhou-shi-ya-feng-qi-che-pei-jian-zhi-zao-you-xian-gong-si,汽车配件,91320402743119061G,2002-09-30,http://www.czyafeng.cn,21,1,"存续,真实工厂","汽车零部件及配件制造,汽车整车制造",2026-09-15T16:08:20.726521+00:00
沪帆汽车电子系统有限公司,浙江省湖州市安吉县天子湖镇天子湖大道536（自主申报）,浙江省,湖州市,安吉县,"汽车工业控制系统,汽车零部件及配件,节能环保产品,汽车电子驱动,传动与控制系统,汽车外观、结构,内饰,外饰系统,电子产品,电器,机电设备,技术开发、技术转让及技术咨询服务,各类商品及技术的进出口服务",杨**,00000000000,12000.0,12000万人民币,存续,,"塑料零件及其他塑料制品制造,汽车车身、挂车制造",80.0,enterprise,true,approved,tianxiagongchang.com,808712,https://www.tianxiagongchang.com/detail/808712_hu-fan-qi-che-dian-zi-xi-tong-you-xian-gong-si,汽车电子,91330482MA2CU4G75F,2019-03-06,,8,1,"存续,真实工厂","塑料零件及其他塑料制品制造,汽车车身、挂车制造",2026-09-15T16:08:20.726521+00:00
北斗星通（重庆）汽车电子有限公司,重庆市渝北区玉峰山镇桐桂大道81号2幢5楼508,重庆市,重庆市,渝北区,"销售,软件开发,汽车导航,导航设备,卫星定位系统的研发,汽车音响及其它汽车电子产品的开发,汽车音响,生产,货物进出口,汽车电子产品,销售及相关技术服务,汽车零部件的开发",潘**,00000000000,30000.0,30000万人民币,存续,,"智能车载设备制造,其他电子产品零售",80.0,enterprise,true,approved,tianxiagongchang.com,2607223,https://www.tianxiagongchang.com/detail/2607223_bei-dou-xing-tong-chong-qing-qi-che-dian-zi-you-xian-gong-si,汽车电子,9150011257717032XY,2011-06-14,http://www.sybdstar.com,9,1,"存续,真实工厂,曾用名,重庆深渝北斗汽车电子有限公司","智能车载设备制造,其他电子产品零售",2026-09-15T16:08:20.726521+00:00
合肥晟泰克汽车电子股份有限公司,安徽省合肥市经济技术开发区合掌路27号,安徽省,合肥市,蜀山区,"灯光开关等,电子,倒车雷达,仪器仪表,科技咨询服务,机械,汽车接插件,汽车电子产品制造,计算机软件,电气产品,自营和代理各类商品和技术的进出口业务",许**,00000000000,6553.75,6553.7514万人民币,存续,,"智能车载设备制造,汽车制造业,汽车零部件及配件制造,汽车车身、挂车制造",80.0,enterprise,true,approved,tianxiagongchang.com,3800501,https://www.tianxiagongchang.com/detail/3800501_he-fei-cheng-tai-ke-qi-che-dian-zi-gu-fen-you-xian-gong-si,汽车电子,913401007467843586,2003-03-10,https://www.hfstk.com,17,2,"存续,真实工厂,曾用名,合肥晟泰克汽车电子有限公司 合肥昌辉汽车电子有限公司 合肥泰纳机电产品有限公司","智能车载设备制造,汽车制造业,汽车零部件及配件制造,汽车车身、挂车制造",2026-09-15T16:08:20.726521+00:00
华世德汽车电子智能制造（苏州）有限公司,昆山市周市镇太湖北路999号,江苏省,苏州市,昆山市,"汽车电子部件,低压电器,机械配件,道路普通货物运输,自营和代理各类商品及技术的进出口业务",潘**,00000000000,2000.0,2000万人民币,存续,,"汽车零部件及配件制造,其他非金属加工专用设备制造",80.0,enterprise,true,approved,tianxiagongchang.com,778966,https://www.tianxiagongchang.com/detail/778966_hua-shi-de-qi-che-dian-zi-zhi-neng-zhi-zao-su-zhou-you-xian-gong-si,汽车电子,91320509MA1WCM871R,2018-04-13,,3,2,"存续,真实工厂","汽车零部件及配件制造,其他非金属加工专用设备制造",2026-09-15T16:08:20.726521+00:00
江苏鑫诚斗源汽车电子科技有限公司,常州市新北区孟河镇政泰路290号,江苏省,常州市,新北区,"汽车电子产品的研发,汽车电器,汽车零部件,汽车配件,模具的制造,同类产品的批发与进出口业务,塑料加工专用设备制造,塑料加工专用设备销售",董**,00000000000,2000.0,2000万人民币,存续,,汽车零部件及配件制造,80.0,enterprise,true,approved,tianxiagongchang.com,2210565,https://www.tianxiagongchang.com/detail/2210565_jiang-su-xin-cheng-dou-yuan-qi-che-dian-zi-ke-ji-you-xian-gong-si,汽车电子,91320411MA1MXF1U1K,2016-10-20,https://www.chinadoowon.com,9,2,"存续,真实工厂",汽车零部件及配件制造,2026-09-15T16:08:20.726521+00:00
重庆金宏汽车电子有限公司,重庆市江北区鱼嘴镇长惠路9号,重庆市,重庆市,江北区,"汽车电器,汽摩塑料配件,模具设计与制造,五金汽车配件开发制造,塑料五金部件,车载电脑,生产车用空调器壳体总成,汽车电子,塑料",易**,00000000000,4560.54,4560.54万人民币,存续,,"塑料零件及其他塑料制品制造,其他科技推广服务业",80.0,enterprise,true,approved,tianxiagongchang.com,2817017,https://www.tianxiagongchang.com/detail/2817017_chong-qing-jin-hong-qi-che-dian-zi-you-xian-gong-si,汽车电子,91500000753093758J,2003-10-14,,24,8,"存续,真实工厂,曾用名,重庆金宏汽车配件有限公司","塑料零件及其他塑料制品制造,其他科技推广服务业",2026-09-15T16:08:20.726521+00:00
重庆集诚汽车电子有限责任公司,重庆市南岸区江溪路11号11-3号A3第3层,重庆市,重庆市,南岸区,"摩托车电子产品,车用EDU功率驱动组件,电动车电子产品,汽车电子产品,其产品具体包括：车用传感器,目标公司主要从事汽车电子零部件的研发,汽车内装饰无触点分电器,生产与销售业务,ECU电子控制组件等",欧*,00000000000,3000.0,3000万人民币,存续,,汽车零部件及配件制造,80.0,enterprise,true,approved,tianxiagongchang.com,3046752,https://www.tianxiagongchang.com/detail/3046752_chong-qing-ji-cheng-qi-che-dian-zi-you-xian-ze-ren-gong-si,汽车电子,91500108202812533L,1998-12-21,,15,1,"存续,真实工厂",汽车零部件及配件制造,2026-09-15T16:08:20.726521+00:00
深圳巴斯巴汽车电子有限公司,深圳市坪山区龙田街道竹坑社区翠景路28号2栋迈乐大厦901及8层东区,广东省,深圳市,坪山区,"国内商业,物资供销业（不含专营、专控、专卖商品）,货物进出口,技术进出口,计算机软件及辅助设备的销售,计算机编程,计算机软件设计,新能源汽车零部件,高压配电箱,高压直流接触器,继电器,传感器,汽车电子产品",胡**,00000000000,2000.0,2000万人民币,存续,,"汽车零部件及配件制造,其他制造业,其他未列明制造业",80.0,enterprise,true,approved,tianxiagongchang.com,3899968,https://www.tianxiagongchang.com/detail/3899968_shen-zhen-ba-si-ba-qi-che-dian-zi-you-xian-gong-si,汽车电子,91440300MA5EW78Y1F,2017-11-30,,7,1,"存续,真实工厂","汽车零部件及配件制造,其他制造业,其他未列明制造业",2026-09-15T16:08:20.726521+00:00
淮南斯迈特汽车电子有限公司,安徽省淮南经济技术开发区振兴智能装备制造产业园8号楼,安徽省,淮南市,大通区,"汽车电子零部件,气门及部件,发动机,精装配与系统解决方案,传感器管理系统",陈**,00000000000,1000.0,1000万人民币,存续,,"汽车零部件及配件制造,其他电子设备制造",80.0,enterprise,true,approved,tianxiagongchang.com,619738,https://www.tianxiagongchang.com/detail/619738_huai-nan-si-mai-te-qi-che-dian-zi-you-xian-gong-si,汽车电子,91340400662948255R,2007-06-25,,6,1,"存续,真实工厂","汽车零部件及配件制造,其他电子设备制造",2026-09-15T16:08:20.726521+00:00
东莞市信昌立汽车电子科技有限公司,广东省东莞市清溪镇东坡路2号2号楼203室,广东省,东莞市,东莞市,"汽车电子产品,汽车电子设备,汽车线束,高压与低压连接器,自动化设备及配件,新能源汽车三电系统,电子产品,塑胶制品,五金配件,模具,货物,技术进出口",周**,00000000000,500.0,500万人民币,存续,,"塑料制品业,电子真空器件制造",80.0,enterprise,true,approved,tianxiagongchang.com,737346,https://www.tianxiagongchang.com/detail/737346_dong-guan-shi-xin-chang-li-qi-che-dian-zi-ke-ji-you-xian-gong-si,汽车电子,91441900MA52H62G0U,2018-11-14,,1,1,"存续,真实工厂","塑料制品业,电子真空器件制造",2026-09-15T16:08:20.726521+00:00
无锡市金嘉利科技有限公司,无锡市惠山区前洲街道北幢村,江苏省,无锡市,,"汽车配件,摩托车配件,铝合金车轮,铝铸件,铝锭,生物颗粒（不含危险品）,柴油机配件,新能源车配件,通用设备,专业设备,自营和代理各类商品及技术的进出口业务",王**,00000000000,100.0,100万人民币,存续,,"汽车制造业,汽车零部件及配件制造",80.0,enterprise,true,approved,tianxiagongchang.com,4176086,https://www.tianxiagongchang.com/detail/4176086_wu-xi-shi-jin-jia-li-ke-ji-you-xian-gong-si,新能源车配件,91320206MA1PYLHB2G,2017-07-25,,5,2,存续,"汽车制造业,汽车零部件及配件制造",2026-09-15T16:08:20.726521+00:00
南阳广峰电子科技有限公司,河南省南阳市内乡县马山口镇郑湾村滨河路8号,河南省,南阳市,内乡县,"电子产品的研发、生产、销售,汽车配件,摩托车配件,电动车配件,新能源车配件,五金配件,锁具配件,锁具,模具,工装夹具,光学镀膜,光学零配件加工、销售,道路普通货物运输",曹**,00000000000,50.0,50万人民币,存续,,"其他机械设备及电子产品批发,电子专用材料制造",80.0,enterprise,true,approved,tianxiagongchang.com,1381551,https://www.tianxiagongchang.com/detail/1381551_nan-yang-guang-feng-dian-zi-ke-ji-you-xian-gong-si,新能源车配件,91411325MA45G64160,2018-07-12,,2,1,"存续,真实工厂","其他机械设备及电子产品批发,电子专用材料制造",2026-09-15T16:08:20.726521+00:00
茌平县煜晖工贸有限责任公司,山东省聊城市茌平县温陈办事处顾庄村,山东省,聊城市,茌平区,"汽车,半挂车,全挂车,特种车,新能源车配件的加工与销售及其整车销售、维修、售后服务,农业、建筑、环保机械制品的加工、销售、维修、售后服务,普通货物运输,配货服务",王**,00000000000,100.0,100万人民币,存续,,汽车零部件及配件制造,80.0,enterprise,true,approved,tianxiagongchang.com,185977,https://www.tianxiagongchang.com/detail/185977_chi-ping-xian-yu-hui-gong-mao-you-xian-ze-ren-gong-si,新能源车配件,91371523MA3C88M25A,2016-03-30,,2,0,"存续,真实工厂",汽车零部件及配件制造,2026-09-15T16:08:20.726521+00:00
湖北雄昇电子实业有限公司,湖北省襄阳市宜城市白庙社区（宜远路南）,湖北省,襄阳市,宜城市,"电子产品,电线,电缆,五金塑胶,音视频线,连接器,五金产品,电脑,电子配件,汽车用品及配件,节能环保照明产品,自动化设备及配件,电子元件,模具及配件,金属制品,塑胶制品,通信设备及配件,货物及技术进出口,农副产品深加工,太阳能、风能、生物质能、地热能及水能开发利用,新能源车配件研发及销售",张**,00000000000,1000.0,1000万人民币,存续,,"电子和电工机械专用设备制造,其他智能消费设备制造",80.0,enterprise,true,approved,tianxiagongchang.com,1576577,https://www.tianxiagongchang.com/detail/1576577_hu-bei-xiong-sheng-dian-zi-shi-ye-you-xian-gong-si,新能源车配件,91420684MA49J37F1R,2020-07-29,,4,2,"存续,真实工厂","电子和电工机械专用设备制造,其他智能消费设备制造",2026-09-15T16:08:20.726521+00:00
金华磐森新能源汽车零部件有限公司,浙江省金华市磐安县新渥街道灵峰路1号（自主申报）,浙江省,金华市,磐安县,"汽车零部件及配件制造,新能源原动设备制造,输配电及控制设备制造,电池制造,新能源汽车整车销售,新能源汽车换电设施销售,新能源汽车电附件销售,新能源原动设备销售,充电桩销售,汽车新车销售,机械设备销售,电池销售,新能源汽车生产测试设备销售,电子产品销售,电子元器件批发,电子元器件零售,机械零件、零部件销售,电池零配件销售,电动汽车充电基础设施运营,汽车装饰用品销售,汽车零配件批发,汽车零配件零售,二手车经销,二手车经纪,机动车修理和维护,小微型客车租赁经营服务,商务代理代办服务,新兴能源技术研发,技术服务,技术开发,技术咨询,技术交流、技术转让、技术推广,信息咨询服务,会议及展览服务",袁**,00000000000,200.0,200万人民币,存续,,"输配电及控制设备制造,汽车制造业,汽车零部件及配件制造",80.0,enterprise,true,approved,tianxiagongchang.com,3916547,https://www.tianxiagongchang.com/detail/3916547_jin-hua-pan-sen-xin-neng-yuan-qi-che-ling-bu-jian-you-xian-gong-si,新能源车配件,91330727MABNT0UC5T,2022-05-17,,2,1,"存续,真实工厂","输配电及控制设备制造,汽车制造业,汽车零部件及配件制造",2026-09-15T16:08:20.726521+00:00
重庆中油红綦能源发展有限公司,重庆市綦江区古南街道新康大道12号,重庆市,重庆市,綦江区,"药品,食品,保健食品,成品油零售（不含危险化学品）,酒类经营,汽车租赁,成品油批发（限危险化学品）,新能源设备,水果,蔬菜,农产品,办公用品,润滑油,五金,交电,日用百货,化工产品,建筑材料（不含化危品）,装饰材料（不含化危品）,汽车,汽车零配件,汽车饰品,机械设备及配件,农膜,化肥,汽车清洗服务,停车服务,商务信息咨询,企业管理,企业营销策划,汽车维修,服装服饰零售,销售代理,珠宝首饰零售,宠物食品及用品零售,照相器材,望远镜零售,化妆品零售,鞋帽零售,鲜肉零售,鲜蛋零售,工艺美术品,收藏品零售（象牙及其制品除外）,医用口罩零售,肥料销售,第一类医疗器械销售,第二类医疗器械销售,日用口罩（非医用）销售,消毒剂销售（不含危险化学品）,农副产品销售,箱包销售,玩具,动漫及游艺用品销售,家居用品销售,茶具销售,日用木制品销售,钟表销售,通讯设备销售,特种劳动防护用品销售,卫生用品和一次性使用医疗用品销售,复印和胶印设备销售,个人卫生用品销售,新能源汽车整车销售,汽车新车销售,汽车旧车销售,专用化学产品销售（不含危险化学品）,合成材料销售,农业机械销售,汽车装饰用品销售,畜牧渔业饲料销售,塑料制品销售,机动车充电销售,家用视听设备销售,母婴用品销售,礼品花卉销售,消防器材销售,国内货物运输代理,居民日常生活服务,票务代理服务,机动车改装服务,广告制作,广告设计、代理,会议及展览服务",魏*,00000000000,8888.0,8888万人民币,存续,,水力发电,80.0,enterprise,true,approved,tianxiagongchang.com,10912,https://www.tianxiagongchang.com/detail/10912_chong-qing-zhong-you-hong-qi-neng-yuan-fa-zhan-you-xian-gong-si,新能源车配件,91500222MA5XDW8PX6,2017-09-29,,3,1,"存续,真实工厂",水力发电,2026-09-15T16:08:20.726521+00:00
福建天际汽车制造有限公司,泉州经济技术开发区中国泉州汽车基地一号路三号,福建省,泉州市,晋江市,"生产,生产及销售汽车零配件,汽车旧车销售,货物进出口,信息技术咨询服务,摩托车及零配件批发,汽车新车销售,摩托车及零配件零售,新能源汽车整车销售,汽车零配件零售,汽车零部件及配件制造,汽车零配件批发,集中式快速充电站,道路机动车辆生产,销售客车及客车底盘,技术进出口,摩托车零配件制造",张**,00000000000,20000.0,20000万人民币,存续,,汽柴油车整车制造,80.0,enterprise,true,approved,tianxiagongchang.com,55432,https://www.tianxiagongchang.com/detail/55432_fu-jian-tian-ji-qi-che-zhi-zao-you-xian-gong-si,新能源车配件,9135050266037346XX,2007-04-18,,19,1,"存续,真实工厂,曾用名,西虎汽车工业有限公司 五洲龙（泉州）汽车制造有限公司",汽柴油车整车制造,2026-09-15T16:08:20.726521+00:00
黄石市城发能源有限公司,湖北省黄石市西塞山区黄石大道316号,湖北省,黄石市,西塞山区,"蒸汽,冷水,热水,生活热水的制造与销售,热力项目的建设、咨询、设计、维护、维修服务,新型能源、地热、太阳能的技术服务及技术咨询,新型供热技术的研究及开发应用,道路危险货物运输,对能源行业的投资,汽车、设备及场地租赁服务,便利店管理,售电业务,加气站建设和经营,卷烟零售,销售彩票,日用百货,饮料,预包装食品、酒,乳制品,润滑油,燃油添加剂,汽车配件,化工原料及产品,新能源汽车充电桩的建设、运营及技术服务,广告设计、制作、代理、发布,票务代理服务,保险代理,汽车美容,洗车服务,车用乙醇汽油,煤油,柴油零售",罗**,00000000000,5521.0,5521万人民币,存续,,热力生产和供应,80.0,enterprise,true,approved,tianxiagongchang.com,63552,https://www.tianxiagongchang.com/detail/63552_huang-shi-shi-cheng-fa-neng-yuan-you-xian-gong-si,新能源车配件,91420200MA492UDU3M,2018-01-25,,3,1,"存续,真实工厂",热力生产和供应,2026-09-15T16:08:20.726521+00:00
厦门市戴尔乐新能源汽车有限公司,厦门市海沧区东孚街道汤岸北路36号D栋厂房一楼,福建省,厦门市,海沧区,"橡胶制品制造,合成材料销售,汽车零部件及配件制造,五金产品批发,机械电气设备制造,电力电子元器件制造,工程和技术研究和试验发展,特种设备销售,齿轮和传动部件销售,道路机动车辆生产,特种设备制造,电池制造,电力电子元器件销售,建筑材料销售,工艺美术品,汽车零售,新能源汽车电附件销售,零部件销售,合成材料制造,新能源汽车换电设施销售,配电开关控制设备销售,涂料销售,锻件及粉末冶金制品销售,新能源汽车生产测试设备销售,塑料制品销售,智能输配电及控制设备销售,特种设备出租,助动车制造,非公路休闲车及零配件销售,新能源汽车整车销售,玻璃纤维增强塑料制品销售,电子元器件零售,有色金属合金销售,电池销售,其他未列明汽车整车制造,机械零件,塑料制品制造,汽车租赁,体育用品及器材批发,电子测量仪器销售,电子元器件与机电组件设备制造,其他未列明批发业,特种设备设计,物料搬运装备制造,汽车批发,特种设备安装改造修理,电气信号设备装置销售,非公路休闲车及零配件制造,电气机械设备销售,专业化设计服务,轴承,汽车零配件批发",戴**,00000000000,5100.0,5100万人民币,存续,,新能源车整车制造,80.0,enterprise,true,approved,tianxiagongchang.com,208300,https://www.tianxiagongchang.com/detail/208300_xia-men-shi-dai-er-le-xin-neng-yuan-qi-che-you-xian-gong-si,新能源车配件,913502007980604668,2007-05-08,,42,1,"存续,真实工厂,曾用名,厦门市戴尔乐电动车有限公司",新能源车整车制造,2026-09-15T16:08:20.726521+00:00
偃师市三禾摩托车配件厂,偃师市岳滩工业区（后马郡村）,河南省,洛阳市,偃师区,摩托车配件生产销售,王**,00000000000,500.0,500万人民币,存续,,摩托车零部件及配件制造,80.0,enterprise,true,approved,tianxiagongchang.com,1577284,https://www.tianxiagongchang.com/detail/1577284_yan-shi-shi-san-he-mo-tuo-che-pei-jian-chang,摩托车配件,91410381MA40AKQX91,2011-01-05,,3,1,"存续,真实工厂",摩托车零部件及配件制造,2026-09-15T16:08:20.726521+00:00
嘉善越达摩托车配件有限公司,嘉善县天凝镇杨庙大道17号,浙江省,嘉兴市,嘉善县,"金属构件的制造,加工,摩托车配件,销售",吴**,00000000000,700.0,700万人民币,存续,,摩托车零部件及配件制造,80.0,enterprise,true,approved,tianxiagongchang.com,1659215,https://www.tianxiagongchang.com/detail/1659215_jia-shan-yue-da-mo-tuo-che-pei-jian-you-xian-gong-si,摩托车配件,91330421550523631K,2010-01-22,,3,1,"存续,真实工厂",摩托车零部件及配件制造,2026-09-15T16:08:20.726521+00:00
重庆市广升摩托车配件有限公司,重庆市大足区智凤街道普安社区4组,重庆市,市辖区,大足区,"金属抛光材料加工,摩托车配件制造,汽车配件,齿轮套,摩托车,销售,汽车零部件嵌件,抛丸机及配件制造,制动圈",陈*,00000000000,500.0,500万人民币,存续,,摩托车零部件及配件制造,80.0,enterprise,true,approved,tianxiagongchang.com,4207901,https://www.tianxiagongchang.com/detail/4207901_chong-qing-shi-guang-sheng-mo-tuo-che-pei-jian-you-xian-gong-si,摩托车配件,91500225L01330995T,2005-07-07,,5,2,"存续,真实工厂",摩托车零部件及配件制造,2026-09-15T16:08:20.726521+00:00
任丘市大金摩托车配件有限公司,任丘市石门桥镇付家村,河北省,沧州市,任丘市,"摩托车配件,链轮,齿轮,链轮齿轮摩托车配件工业链轮链条冲压件汽车配件",周**,00000000000,300.0,300万人民币,存续,,"其他传动部件制造,非金属船舶制造",80.0,enterprise,true,approved,tianxiagongchang.com,559027,https://www.tianxiagongchang.com/detail/559027_ren-qiu-shi-da-jin-mo-tuo-che-pei-jian-you-xian-gong-si,摩托车配件,91130982601012509N,2000-06-09,,9,2,"存续,真实工厂","其他传动部件制造,非金属船舶制造",2026-09-15T16:08:20.726521+00:00
大城县尚烨摩托车配件有限公司,河北省廊坊市大城县大城工业园区阜草村,河北省,廊坊市,大城县,"摩托车配件,电动车配件,汽车配件,塑料制品,电动车,摩托车,汽车,五金制品",周**,00000000000,300.0,300万人民币,存续,,"其他未列明金属制品制造,摩托车零部件及配件制造",80.0,enterprise,true,approved,tianxiagongchang.com,737102,https://www.tianxiagongchang.com/detail/737102_dai-cheng-xian-shang-ye-mo-tuo-che-pei-jian-you-xian-gong-si,摩托车配件,91131025MA0GDN4F3R,2021-05-20,,2,1,"存续,真实工厂","其他未列明金属制品制造,摩托车零部件及配件制造",2026-09-15T16:08:20.726521+00:00
佛山市南海腾东摩托车配件有限公司,佛山市南海区丹灶镇南海国家生态工业示范园区朝阳路8号车间B,广东省,佛山市,南海区,"汽车配件,各种消声器各种方向把,摩托车配件",霍**,00000000000,200.0,200万人民币,存续,,摩托车零部件及配件制造,80.0,enterprise,true,approved,tianxiagongchang.com,795594,https://www.tianxiagongchang.com/detail/795594_fo-shan-shi-nan-hai-teng-dong-mo-tuo-che-pei-jian-you-xian-gong-si,摩托车配件,91440605776904680P,2005-06-10,,8,2,"存续,真实工厂",摩托车零部件及配件制造,2026-09-15T16:08:20.726521+00:00
偃师市盛华摩托车配件厂,偃师市岳滩工业区（后马郡村）,河南省,洛阳市,偃师区,"摩托车配件的生产销售,摩托车配件",王**,00000000000,300.0,300万人民币,存续,,摩托车零部件及配件制造,80.0,enterprise,true,approved,tianxiagongchang.com,857853,https://www.tianxiagongchang.com/detail/857853_yan-shi-shi-sheng-hua-mo-tuo-che-pei-jian-chang,摩托车配件,91410381MA405FMG3C,2008-08-18,,6,1,"存续,真实工厂",摩托车零部件及配件制造,2026-09-15T16:08:20.726521+00:00
重庆群欣摩托车配件有限公司,重庆市九龙坡区白市驿镇海龙村13社,重庆市,重庆市,九龙坡区,"摩托车配件,加工,普通机械配件,【依法须经批准的项目,销售：摩托车,汽车配件,汽车,销售：摩托车配件和汽车配件,摩托车,制造,普通货运,经相关部门批准后方可开展经营活动】",陈*,00000000000,400.0,400万人民币,存续,,"汽车零部件及配件制造,摩托车零部件及配件制造",80.0,enterprise,true,approved,tianxiagongchang.com,1060742,https://www.tianxiagongchang.com/detail/1060742_chong-qing-qun-xin-mo-tuo-che-pei-jian-you-xian-gong-si,摩托车配件,91500107774894968F,2005-07-12,,9,1,"存续,真实工厂","汽车零部件及配件制造,摩托车零部件及配件制造",2026-09-15T16:08:20.726521+00:00
任丘市图邦摩托车配件有限公司,任丘市长丰镇寇村,河北省,沧州市,任丘市,"摩托车配件,三轮摩托车配件,汽车配件",寇**,00000000000,200.0,200万人民币,存续,,摩托车零部件及配件制造,80.0,enterprise,true,approved,tianxiagongchang.com,1098807,https://www.tianxiagongchang.com/detail/1098807_ren-qiu-shi-tu-bang-mo-tuo-che-pei-jian-you-xian-gong-si,摩托车配件,91130982MA08GUT599,2017-05-03,,3,1,"存续,真实工厂",摩托车零部件及配件制造,2026-09-15T16:08:20.726521+00:00
章丘市宏源摩托车配件有限公司,章丘市绣惠镇城南路,山东省,济南市,章丘区,"五金交电,有色矿产品的销售,工艺品,建筑装饰材料,汽车随车工具,摩托车配件,金属材料,石材,摩托车随车工具",时**,00000000000,200.0,200万人民币,存续,,摩托车零部件及配件制造,80.0,enterprise,true,approved,tianxiagongchang.com,1573735,https://www.tianxiagongchang.com/detail/1573735_zhang-qiu-shi-hong-yuan-mo-tuo-che-pei-jian-you-xian-gong-si,摩托车配件,9137018196483742XG,1999-03-17,,7,1,"存续,真实工厂,曾用名,章丘市宏源摩托车配件厂",摩托车零部件及配件制造,2026-09-15T16:08:20.726521+00:00
东莞陇亿自行车配件有限公司,东莞市塘厦镇石马村,广东省,东莞市,东莞市,"销售自行车配件,生产和销售自行车配件,铁合金车架以及其他配件,产品包括铝合金车架,目标公司主要生产",邱**,00000000000,6100.0,6100万港元,存续,,飞机制造,80.0,enterprise,true,approved,tianxiagongchang.com,1194067,https://www.tianxiagongchang.com/detail/1194067_dong-guan-long-yi-zi-xing-che-pei-jian-you-xian-gong-si,自行车配件,914419006183380386,1993-09-24,,11,1,"存续,真实工厂",飞机制造,2026-09-15T16:08:20.726521+00:00
杭州宏智自行车配件有限公司,萧山区益农镇夹灶闸口,浙江省,杭州市,萧山区,"自产产品的出口及自用产品的进口业务,自行车配件",陈**,00000000000,600.0,600万人民币,存续,,飞机制造,80.0,enterprise,true,approved,tianxiagongchang.com,1589280,https://www.tianxiagongchang.com/detail/1589280_hang-zhou-hong-zhi-zi-xing-che-pei-jian-you-xian-gong-si,自行车配件,9133010976204726XG,2004-07-15,,12,1,"存续,真实工厂",飞机制造,2026-09-15T16:08:20.726521+00:00
绍兴市上虞永昌自行车配件有限公司,绍兴市上虞区崧厦镇福海村,浙江省,绍兴市,上虞区,"加工,其他印刷品印刷,牛奶箱制造,五金冲压件制造,自行车配件制造,自行车配件,塑料制品制造,包装装潢",沈**,00000000000,500.0,500万人民币,存续,,"塑料零件及其他塑料制品制造,自行车制造",80.0,enterprise,true,approved,tianxiagongchang.com,2636605,https://www.tianxiagongchang.com/detail/2636605_shao-xing-shi-shang-yu-yong-chang-zi-xing-che-pei-jian-you-xian-gong-si,自行车配件,913306046327211217,1997-03-26,,11,1,"存续,真实工厂,曾用名,上虞市永昌自行车配件有限公司","塑料零件及其他塑料制品制造,自行车制造",2026-09-15T16:08:20.726521+00:00
平乡县海波自行车配件有限公司,河北省邢台市平乡县高新技术产业开发区颂民工业园区4号车间,河北省,邢台市,平乡县,"自行车尾灯,把套,车铃,泥瓦,车筐,辅轮,脚蹬,塑料水壶,自行车配件",丁**,00000000000,800.0,800万人民币,存续,,"塑料包装箱及容器制造,自行车制造",80.0,enterprise,true,approved,tianxiagongchang.com,3202274,https://www.tianxiagongchang.com/detail/3202274_ping-xiang-xian-hai-bo-zi-xing-che-pei-jian-you-xian-gong-si,自行车配件,91130532MA07RXRG3U,2016-06-22,,2,1,"存续,真实工厂","塑料包装箱及容器制造,自行车制造",2026-09-15T16:08:20.726521+00:00
常州市武进春华自行车配件厂,武进区湖塘镇东华村,江苏省,常州市,武进区,"紧固件制造加工,自行车配件",周*,00000000000,1000.0,1000万人民币,存续,,"其他未列明金属制品制造,铁路、船舶、航空航天和其他运输设备制造业,自行车和残疾人座车制造,自行车制造",80.0,enterprise,true,approved,tianxiagongchang.com,3922549,https://www.tianxiagongchang.com/detail/3922549_chang-zhou-shi-wu-jin-chun-hua-zi-xing-che-pei-jian-chang,自行车配件,913204127174018212,1999-08-30,,5,1,"存续,真实工厂,曾用名,武进市春节华自行车配件厂","其他未列明金属制品制造,铁路、船舶、航空航天和其他运输设备制造业,自行车和残疾人座车制造,自行车制造",2026-09-15T16:08:20.726521+00:00
邯郸市仟澳电动自行车配件有限公司,曲周县河南疃镇北麻庄村北,河北省,邯郸市,曲周县,"电动自行车配件,自行车配件,儿童玩具及配件加工",周**,00000000000,200.0,200万人民币,存续,,"结构性金属制品制造,残疾人座车制造",80.0,enterprise,true,approved,tianxiagongchang.com,860410,https://www.tianxiagongchang.com/detail/860410_han-dan-shi-qian-ao-dian-dong-zi-xing-che-pei-jian-you-xian-gong-si,自行车配件,91130435MA08N67D7A,2017-06-13,,1,1,"存续,真实工厂","结构性金属制品制造,残疾人座车制造",2026-09-15T16:08:20.726521+00:00
邯郸市伊柯聪自行车配件有限公司,河北省邯郸市曲周县河南疃镇骆庄村北,河北省,邯郸市,曲周县,"自行车配件,电动车配件,纸箱,儿童座椅,喷塑,喷砂加工",骆**,00000000000,200.0,200万人民币,存续,,自行车制造,80.0,enterprise,true,approved,tianxiagongchang.com,1190247,https://www.tianxiagongchang.com/detail/1190247_han-dan-shi-yi-ke-cong-zi-xing-che-pei-jian-you-xian-gong-si,自行车配件,91130435MA0ENTH7X1,2020-03-24,,1,1,"存续,真实工厂",自行车制造,2026-09-15T16:08:20.726521+00:00
曲周县乐浩自行车配件有限公司,曲周县河南疃镇石韩村村西,河北省,邯郸市,曲周县,"自行车配件,电动自行车配件,电动三轮车配件,童车生产、销售,钢材销售,各类商品的进出口业务",石**,00000000000,300.0,300万人民币,存续,,"金属结构制造,自行车制造",80.0,enterprise,true,approved,tianxiagongchang.com,1209251,https://www.tianxiagongchang.com/detail/1209251_qu-zhou-xian-le-hao-zi-xing-che-pei-jian-you-xian-gong-si,自行车配件,91130435MA08U95W6P,2017-07-25,,1,1,"存续,真实工厂","金属结构制造,自行车制造",2026-09-15T16:08:20.726521+00:00
邢台市鑫鑫自行车配件有限公司,河北省邢台市广宗县经济开发区管理委员会,河北省,邢台市,广宗县,"销售：自行车配件,儿童玩具,儿童自行车,自行车配件,生产,轴皮,儿童玩具及零配件,零配件",张**,00000000000,200.0,200万人民币,存续,,"通用零部件制造,自行车制造",80.0,enterprise,true,approved,tianxiagongchang.com,2105753,https://www.tianxiagongchang.com/detail/2105753_xing-tai-shi-xin-xin-zi-xing-che-pei-jian-you-xian-gong-si,自行车配件,91130531MA07UQD438,2016-08-29,,1,1,"存续,真实工厂","通用零部件制造,自行车制造",2026-09-15T16:08:20.726521+00:00
天津市祥源盛自行车配件有限公司,北辰区双口镇岔房子村西,天津市,天津市,北辰区,"自行车配件,塑料件,电动车,烤漆与加工,电动自行车配件,金属制品加工",丁**,00000000000,379.32,379.32万人民币,存续,,"助动车制造,自行车制造",80.0,enterprise,true,approved,tianxiagongchang.com,2626622,https://www.tianxiagongchang.com/detail/2626622_tian-jin-shi-xiang-yuan-sheng-zi-xing-che-pei-jian-you-xian-gong-si,自行车配件,91120113550352254F,2010-01-17,,7,1,"存续,真实工厂","助动车制造,自行车制造",2026-09-15T16:08:20.726521+00:00
国祥无人机科技有限公司,上海市浦东新区洲海路2777号8-11层,上海市,上海市,,"技术开发,技术咨询,技术服务,技术转让,无人机配件,机器人的设计、研发、销售,智能设备,电子产品,计算机软硬件及配件的销售,软件开发,计算机系统集成,商务信息咨询,货物及技术的进出口业务,质检技术服务,测绘服务",李**,00000000000,6000.0,6000.00万人民币,存续,,"其他科技推广服务业,科技推广和应用服务业",80.0,enterprise,true,approved,tianxiagongchang.com,4361624,https://www.tianxiagongchang.com/detail/4361624_guo-xiang-wu-ren-ji-ke-ji-you-xian-gong-si,无人机配件,91310115MA1HABFL67,2018-11-09,,4,1,存续,"其他科技推广服务业,科技推广和应用服务业",2026-09-15T16:08:20.726521+00:00
大庆冠佳科技有限公司,黑龙江省大庆市高新区新风路8号服务外包产业园D-1座215室,黑龙江省,大庆市,龙凤区,"电动机,销售,石油钻采专用设备及配件,仪器仪表,体育器材的生产及销售,石油钻采设备,维修及技术服务,消防,电子产品,转让,输配电设备,体育用品,推广服务,电子产品研发,无人机配件,水处理设备,计算机软件,汽车配件,体育器材,电子元器件,交流,无人机的技术开发,管道配件,玻璃钢制品,实验室设备,水泵的销售,智能消费设备,环境保护专业设备,汽车租赁,化工产品销售,通讯器材,服装鞋帽,五金产品,电加热管道生产,阀门,太阳能采暖热水照明发电研发,制造,自动控制系统设备,无人机系统操作软件的销售,泵及配件,低压电器设备,监控设备,节能环保产品,油田技术服务,电加热器材,安防设备的销售及技术服务,软件开发,电线电缆,计算机及辅助设备,锅炉及配件的研发,工业自动控制系统装置,自动控制系统的技术研发,安防产品,销售及维修,节能产品的销售及技术服务,密封件生产,安防设备的销售,社会公共安全设备及器材,机械设备租赁,公共安全技术防范工程,无人机,变压器,办公设备,石油钻采设备及管道配件,消防器材,咨询",于**,00000000000,3601.0,3601万人民币,存续,,"其他仪器仪表制造业,专业设计服务",80.0,enterprise,true,approved,tianxiagongchang.com,1857990,https://www.tianxiagongchang.com/detail/1857990_da-qing-guan-jia-ke-ji-you-xian-gong-si,无人机配件,91230607688863604Y,2009-05-19,,7,2,"存续,真实工厂","其他仪器仪表制造业,专业设计服务",2026-09-15T16:08:20.726521+00:00
鑫龙湖金属表面处理技术（惠州）有限公司,博罗县龙溪镇球岗村下塱组岭头.狐狸岗（土名）地段,广东省,惠州市,博罗县,"智能穿戴产品,通信产品,汽车配件,无人机配件,五金塑胶表面处理加工,货物或技术进出口",黄**,00000000000,500.0,500万人民币,存续,,"金属表面处理及热处理加工,其他未列明制造业",80.0,enterprise,true,approved,tianxiagongchang.com,809408,https://www.tianxiagongchang.com/detail/809408_xin-long-hu-jin-shu-biao-mian-chu-li-ji-shu-hui-zhou-you-xian-gong-si,无人机配件,91441322MA51024M8Y,2017-11-07,,4,1,"存续,真实工厂","金属表面处理及热处理加工,其他未列明制造业",2026-09-15T16:08:20.726521+00:00
黑龙江万益合科技有限公司,黑龙江省大庆高新区新风路8号服务外包产业园D区D-1厂房940室,黑龙江省,大庆市,龙凤区,"应用软件开发,智能消费设备,无人机的技术开发、转让、咨询、交流、推广服务,无人机,无人机配件,无人机系统操作软件,工业自动控制系统装置,锅炉及配件,监控设备,环境保护专业设备,社会公共安全设备及器材,安防设备,电动机,变压器的销售、维修及技术服务,消防器材,玻璃钢及制品,计算机及辅助设备,办公设备,服装鞋帽,通讯器材,汽车零配件,输配电设备,电子元器件,实验室设备,五金产品,化工产品（不含危险化学品）销售,低压电器设备,电子产品,节能设备研发、生产、销售及技术服务,石油钻采专用设备及配件、泵及配件,仪器仪表,体育用品及器材（弩除外）,密封件生产、销售,计算机软件,节能环保产品,太阳能器具研发、销售,公共安全技术防范工程,电加热器材,电加热管道生产、销售及维修,安全系统监控服务, 管道物理清洗,油田技术服务,汽车租赁,无人机租赁,机械设备经营租赁,容器、管线、石油机械设备,工艺补漏,抽油机维修",仲*,00000000000,501.0,501万人民币,存续,,"其他仪器仪表制造业,计算机、软件及辅助设备零售",80.0,enterprise,true,approved,tianxiagongchang.com,834463,https://www.tianxiagongchang.com/detail/834463_hei-long-jiang-wan-yi-he-ke-ji-you-xian-gong-si,无人机配件,91230607MA1C56NU54,2020-06-22,,1,1,"存续,真实工厂","其他仪器仪表制造业,计算机、软件及辅助设备零售",2026-09-15T16:08:20.726521+00:00
河北玺徕峰科技有限公司,河北省保定市高碑店市经济技术开发区高固路北侧819号,河北省,保定市,高碑店市,"技术开发,技术转让,技术服务,航天相关设备制造,箭体结构,天线与天线罩,太阳能基板,无人机配件,发动机壳体,方舱,航空座椅,复合材料制品,工程和技术研究和试验发展,工业产品设计,机械设备,电子产品,仪器仪表,通讯设备",黄*,00000000000,500.0,500万人民币,存续,,"航空、航天器及设备制造,节能技术推广服务",80.0,enterprise,true,approved,tianxiagongchang.com,925241,https://www.tianxiagongchang.com/detail/925241_he-bei-xi-lai-feng-ke-ji-you-xian-gong-si,无人机配件,91130684MA7L3JUN69,2022-03-10,,2,1,"存续,真实工厂","航空、航天器及设备制造,节能技术推广服务",2026-09-15T16:08:20.726521+00:00
小天无人机科技(盐城)有限公司,盐城市盐南高新区新都街道世纪大道5号盐城金融城5幢1504室,江苏省,盐城市,,"无人机配件研发、制造、销售,无人机,智能机器人,电子产品销售,无人机的技术研发,技术服务,技术咨询,技术转让,软件研发、销售,无人机航拍服务,会议服务,摄影摄像服务",葛**,00000000000,500.0,500.00万元,存续,,仪器仪表制造业,80.0,enterprise,true,approved,tianxiagongchang.com,4357770,https://www.tianxiagongchang.com/detail/4357770_xiao-tian-wu-ren-ji-ke-ji-(-yan-cheng-)-you-xian-gong-si,无人机配件,91320913MA1Y86TL64,2019-04-15,,2,1,存续,仪器仪表制造业,2026-09-15T16:08:20.726521+00:00
深圳贝飞塔科技有限公司,深圳市宝安区新安街道海旺社区N23区熙龙湾花园7栋A座A座1703,广东省,深圳市,,"各类无人机,无人机配件,影视设备,网络设备,办公设备,办公用品,办公耗材,电子产品,电子产品周边配件,计算机软件及辅助设备,航空、测控、通讯,遥感遥测传输,组合导航定位产品,公共安全系统,专用设备,无人机,电子产品,自动控制技术,电信的技术开发,技术咨询,技术服务,技术转让,技术培训,摄影摄像服务,商务信息咨询,国内贸易,经营进出口业务",何**,00000000000,500.0,500.00万人民币,存续,,"其他批发业,其他未列明批发业,批发业",80.0,enterprise,true,approved,tianxiagongchang.com,4357972,https://www.tianxiagongchang.com/detail/4357972_shen-zhen-bei-fei-ta-ke-ji-you-xian-gong-si,无人机配件,91440300MA5F0WMM74,2018-03-06,,1,1,存续,"其他批发业,其他未列明批发业,批发业",2026-09-15T16:08:20.726521+00:00
东莞三木航空科技有限公司,广东省东莞市厚街镇厚街桥头富新五街48号601室,广东省,东莞市,,"无人机配件,航空电子设备,自动控制设备,无人驾驶航空器,电子元器件,航拍设备,测绘设备,农用机械,碳纤维制品,复合材料,无线电数据传输系统技术研发及转让、技术服务,计算机软件,软件技术咨询,货物及技术进出口",汪**,00000000000,200.0,200.00万人民币,存续,,"其他航空航天器制造,航空、航天器及设备制造,铁路、船舶、航空航天和其他运输设备制造业",80.0,enterprise,true,approved,tianxiagongchang.com,4354336,https://www.tianxiagongchang.com/detail/4354336_dong-guan-san-mu-hang-kong-ke-ji-you-xian-gong-si,无人机配件,91441900MA51QB041Y,2018-05-23,,1,1,存续,"其他航空航天器制造,航空、航天器及设备制造,铁路、船舶、航空航天和其他运输设备制造业",2026-09-15T16:08:20.726521+00:00
大庆市鑫海天网络科技有限公司,黑龙江省大庆高新区科技孵化器一期工程2号孵化器101、102、2-10层、1115-1119、1214-1219中的321室,黑龙江省,大庆市,,"计算机、软件及辅助设备研发、销售与技术服务,建筑安装工程,无人机,无人机配件,无人机系统操作软件销售、维修及技术服务,家用电器安装,室内装饰设计,通信工程设计服务,计算机网络系统工程服务,文具用品,体育用品（弩除外）,五金产品,办公用品,日用杂品,化工产品（不含危险化学品、易燃易爆品及剧毒品）,通讯终端设备,电子产品,电气设备,装饰材料的销售,环境治理,环保设备租赁、维修、销售,保洁服务",赫**,00000000000,300.0,300.00万元,存续,,"基础软件开发,软件和信息技术服务业,软件开发",80.0,enterprise,true,approved,tianxiagongchang.com,4355887,https://www.tianxiagongchang.com/detail/4355887_da-qing-shi-xin-hai-tian-wang-luo-ke-ji-you-xian-gong-si,无人机配件,91230607MA19FMUR01,2017-06-08,,2,1,存续,"基础软件开发,软件和信息技术服务业,软件开发",2026-09-15T16:08:20.726521+00:00
西安极智航空科技有限公司,西安国际港务区启航公园总部办公区5号三楼西区域,陕西省,西安市,,"无人机,无人机智能系统,无人机配件销售,复合材料设计、研发生产销售,无人机应用技术培训,无人机航拍,航测、巡检、搜救、监测、勘探、通信中继,相关技术开发咨询,无人机设备的租赁服务,货物及技术的进出口业务",刘**,00000000000,100.0,100.00万人民币,存续,,"其他信息技术服务业,其他未列明信息技术服务业,软件和信息技术服务业",80.0,enterprise,true,approved,tianxiagongchang.com,4353220,https://www.tianxiagongchang.com/detail/4353220_xi-an-ji-zhi-hang-kong-ke-ji-you-xian-gong-si,无人机配件,91610139MA6TX4KB2U,2015-11-06,www.jzhk.ltd,1,1,存续,"其他信息技术服务业,其他未列明信息技术服务业,软件和信息技术服务业",2026-09-15T16:08:20.726521+00:00
滁州建诚家电配件有限公司,安徽省滁州市世纪大道801号昭阳工业园18号楼,安徽省,滁州市,琅琊区,"家电配件,塑料制品",王**,00000000000,200.0,200万人民币,存续,,"塑料零件及其他塑料制品制造,其他电子专用设备制造",80.0,enterprise,true,approved,tianxiagongchang.com,269878,https://www.tianxiagongchang.com/detail/269878_chu-zhou-jian-cheng-jia-dian-pei-jian-you-xian-gong-si,家电配件,91341100MA2RWD1B1L,2018-07-12,,2,1,"存续,真实工厂","塑料零件及其他塑料制品制造,其他电子专用设备制造",2026-09-15T16:08:20.726521+00:00
佛山市新复元家电配件有限公司,佛山市顺德区北滘镇马龙工业区马龙大道2号之七（住所申报）,广东省,佛山市,顺德区,"家电配件,五金制品,硅橡胶制品",卢**,00000000000,20.0,20万人民币,存续,,其他家用电力器具制造,80.0,enterprise,true,approved,tianxiagongchang.com,2437773,https://www.tianxiagongchang.com/detail/2437773_fo-shan-shi-xin-fu-yuan-jia-dian-pei-jian-you-xian-gong-si,家电配件,91440606MA52QYTQXL,2019-01-08,,3,1,"存续,真实工厂",其他家用电力器具制造,2026-09-15T16:08:20.726521+00:00
肥西县开创家电配件制造有限公司,安徽省合肥市肥西县桃花镇长安工业聚集区宁西路,安徽省,合肥市,肥西县,"包装材料,家电配件,开发,机电成套工程,房屋租赁,钣金件,机电产品,环保工程,汽车配件生产,施工与服务,扣件,强弱电与机房工程,模具,糟钢,自动化控制系统的设计,技术服务,橡塑制品,汽车配件,销售,消防工程,机械租赁,安防工程,钢管,机电产品的设计",夏**,00000000000,1000.0,1000万人民币,存续,,汽车零部件及配件制造,80.0,enterprise,true,approved,tianxiagongchang.com,1965011,https://www.tianxiagongchang.com/detail/1965011_fei-xi-xian-kai-chuang-jia-dian-pei-jian-zhi-zao-you-xian-gong-si,家电配件,91340123669461028T,2007-11-29,,10,0,"存续,真实工厂",汽车零部件及配件制造,2026-09-15T16:08:20.726521+00:00
广东福尔电子有限公司家电配件厂,广东省茂名市信宜市金垌镇绿水村,广东省,茂名市,信宜市,"磁性材料,保温板,磁性材料及家电配件,生产销售：限温器,漏电互感器,限温器,线圈盘,发热带,家电配件",卢**,00000000000,,,存续,,"敏感元件及传感器制造,电子真空器件制造",80.0,enterprise,true,approved,tianxiagongchang.com,1380466,https://www.tianxiagongchang.com/detail/1380466_guang-dong-fu-er-dian-zi-you-xian-gong-si-jia-dian-pei-jian-chang,家电配件,9144098355734146XP,2006-11-08,,1,0,"存续,真实工厂","敏感元件及传感器制造,电子真空器件制造",2026-09-15T16:08:20.726521+00:00
龙口润林家电配件有限公司,山东省龙口市兰高镇四平村,山东省,烟台市,龙口市,"五金制品,黑色金属制品,机械配件,汽车配件,家电配件,模具,塑料制品,橡胶制品",孙*,00000000000,290.0,290万人民币,存续,,"橡胶零件制造,家用电力器具专用配件制造",80.0,enterprise,true,approved,tianxiagongchang.com,2355979,https://www.tianxiagongchang.com/detail/2355979_long-kou-run-lin-jia-dian-pei-jian-you-xian-gong-si,家电配件,91370681075771571H,2013-07-30,http://xn--6or817b6mell2d.xn--fiqs8s,7,1,"存续,真实工厂","橡胶零件制造,家用电力器具专用配件制造",2026-09-15T16:08:20.726521+00:00
滁州市协众家电配件有限公司,安徽省滁州市南谯工业开发区乌衣园双郢路,安徽省,滁州市,南谯区,"工艺装备,模具,家电配件,道路普通货运,汽车配件,配件",樊**,00000000000,500.0,500万人民币,存续,,"其他未列明电气机械及器材制造,家用制冷电器具制造",80.0,enterprise,true,approved,tianxiagongchang.com,453597,https://www.tianxiagongchang.com/detail/453597_chu-zhou-shi-xie-zhong-jia-dian-pei-jian-you-xian-gong-si,家电配件,91341100564975786U,2010-11-16,,7,0,"存续,真实工厂","其他未列明电气机械及器材制造,家用制冷电器具制造",2026-09-15T16:08:20.726521+00:00
宜兴市四通家电配件有限公司,宜兴市宜城街道荆邑北路8号,江苏省,无锡市,宜兴市,"空调配套用品加工,汽车租赁服务,广告的设计,燃料电池及零部件的研发,道路普通货物运输,房屋租赁,销售,家用电器的技术研究,家电冰箱,销售及技术开发咨询,燃料电池用双极板的组装,开发,家用电器的销售,家电配件制造,设计",谈**,00000000000,1000.0,1000万人民币,存续,,"其他通用设备制造业,家用电力器具制造",80.0,enterprise,true,approved,tianxiagongchang.com,1890318,https://www.tianxiagongchang.com/detail/1890318_yi-xing-shi-si-tong-jia-dian-pei-jian-you-xian-gong-si,家电配件,91320282142814886L,1986-09-15,,6,0,"存续,真实工厂,曾用名,宜兴市玻璃纤维厂 宜兴县铜峰绝缘材料厂 宜兴市四通家电配套厂","其他通用设备制造业,家用电力器具制造",2026-09-15T16:08:20.726521+00:00
滁州三新家电配件有限公司,安徽省滁州市经济技术开发区花山东路1611号,安徽省,滁州市,琅琊区,"普通货运,销售,家电配件及材料,工装夹具制造",俞**,00000000000,200.0,200万人民币,存续,,"家用电力器具制造,其他仪器仪表制造业",80.0,enterprise,true,approved,tianxiagongchang.com,347581,https://www.tianxiagongchang.com/detail/347581_chu-zhou-san-xin-jia-dian-pei-jian-you-xian-gong-si,家电配件,91341100772838233H,2005-04-26,,5,0,"存续,真实工厂","家用电力器具制造,其他仪器仪表制造业",2026-09-15T16:08:20.726521+00:00
温州鹏涛家电配件有限公司,浙江省温州市龙港市新双鲸产业园3幢102室,浙江省,温州市,龙港市,"家用电器配件装饰件,PC 面贴, 塑料制品,印刷制品,家电工艺制品配件",陈**,00000000000,150.0,150万人民币,存续,,家用电力器具专用配件制造,80.0,enterprise,true,approved,tianxiagongchang.com,2746238,https://www.tianxiagongchang.com/detail/2746238_wen-zhou-peng-tao-jia-dian-pei-jian-you-xian-gong-si,家电配件,91330326592866886P,2012-03-26,,1,0,"存续,真实工厂",家用电力器具专用配件制造,2026-09-15T16:08:20.726521+00:00
泰州市华龙家电配件有限公司,泰州市高港区口岸街道江平路18号,江苏省,泰州市,高港区,,刘**,00000000000,100.0,100万人民币,存续,,"塑料板、管、型材制造,家用电力器具制造",80.0,enterprise,true,approved,tianxiagongchang.com,787512,https://www.tianxiagongchang.com/detail/787512_tai-zhou-shi-hua-long-jia-dian-pei-jian-you-xian-gong-si,家电配件,913212037185491233,2000-03-20,http://www.tz-hualong.cn,5,1,"存续,真实工厂","塑料板、管、型材制造,家用电力器具制造",2026-09-15T16:08:20.726521+00:00
杭州为家美小家电有限公司,萧山区临浦镇悍马路7号,浙江省,杭州市,萧山区,"电烤箱,金属材料,生产:厨房电器,电压力煲,电饭煲,厨具,机电产品,户外休闲用品,小家电制造商,电子配件,塑料制品,电炖锅,销售：家用电器,货物及技术进出口,其他无需报经审批的合法项目,五金配件制造,五金配件,汽车配件",葛**,00000000000,2800.0,2800万人民币,存续,,"其他未列明金属制品制造,电气机械和器材制造业,家用电力器具制造,家用厨房电器具制造",80.0,enterprise,true,approved,tianxiagongchang.com,3537228,https://www.tianxiagongchang.com/detail/3537228_hang-zhou-wei-jia-mei-xiao-jia-dian-you-xian-gong-si,小家电,91330109MA27YH076R,2016-08-19,https://www.wjmia.com,8,2,"存续,真实工厂","其他未列明金属制品制造,电气机械和器材制造业,家用电力器具制造,家用厨房电器具制造",2026-09-15T16:08:20.726521+00:00
合肥荣事达小家电有限公司,安徽省合肥市双凤工业区荣事达第六工业园,安徽省,合肥市,长丰县,"小家电所有品类,营销与服务,小家电研发,制造",石**,00000000000,1000.0,1000万人民币,存续,,"其他家用电力器具制造,日用家电零售",80.0,enterprise,true,approved,tianxiagongchang.com,684618,https://www.tianxiagongchang.com/detail/684618_he-fei-rong-shi-da-xiao-jia-dian-you-xian-gong-si,小家电,913401217608446284,2004-05-08,http://www.rsdxjd.com,101,1,"存续,真实工厂","其他家用电力器具制造,日用家电零售",2026-09-15T16:08:20.726521+00:00
中山市鹰牌小家电有限公司,中山市东凤镇同乐工业园,广东省,中山市,中山市,"设计,精密检测仪器设备,烤炉,饮料,酒,炉具,食品,厨卫,燃气热水器,制造与营销,电压力锅,小家电等生活电器研发,取暖炉,抽油烟机",陈**,00000000000,50.0,50万人民币,存续,,"家用厨房电器具制造,家用电力器具制造",80.0,enterprise,true,approved,tianxiagongchang.com,2495221,https://www.tianxiagongchang.com/detail/2495221_zhong-shan-shi-ying-pai-xiao-jia-dian-you-xian-gong-si,小家电,914420007417027200,2002-07-26,,51,2,"存续,真实工厂,曾用名,中山市蒂花卫厨有限公司 中山市康德乐电器有限公司","家用厨房电器具制造,家用电力器具制造",2026-09-15T16:08:20.726521+00:00
七台河市茄子河区郭英小家电厅,七台河市茄子河区松雷商贸城四楼,黑龙江省,七台河市,茄子河区,,郭*,00000000000,,,存续,,家用视听设备零售,80.0,enterprise,true,approved,tianxiagongchang.com,1233727,https://www.tianxiagongchang.com/detail/1233727_qi-tai-he-shi-qie-zi-he-qu-guo-ying-xiao-jia-dian-ting,小家电,92230900MA19F2G9XR,2014-09-18,,1,0,"存续,真实工厂,曾用名,郭英",家用视听设备零售,2026-09-15T16:08:20.726521+00:00
怀远县荆芡盛世人家小家电组装厂,怀远县荆芡乡涡南村一组3号,安徽省,蚌埠市,怀远县,,孙**,00000000000,50.0,50万人民币,存续,,"家用厨房电器具制造,其他家用电力器具制造",80.0,enterprise,true,approved,tianxiagongchang.com,2726661,https://www.tianxiagongchang.com/detail/2726661_huai-yuan-xian-jing-qian-sheng-shi-ren-jia-xiao-jia-dian-zu-zhuang-chang,小家电,92340321MA2QXWWC3Y,2012-12-19,,2,0,"存续,真实工厂","家用厨房电器具制造,其他家用电力器具制造",2026-09-15T16:08:20.726521+00:00
杭州九阳小家电有限公司,浙江省杭州经济技术开发区下沙街道银海街760号,浙江省,杭州市,钱塘区,"家用电器,锅具,销售：本公司生产的产品,技术咨询：商用食品加工机,商用豆浆机,研发,销售：锅具,料理机,货物进出口,营养煲,电磁炉,厨房用品,商用食品加工机",姜**,00000000000,97633.17,97633.1696万人民币,存续,,"电气机械和器材制造业,家用电力器具制造,家用厨房电器具制造,金属家具制造",80.0,enterprise,true,approved,tianxiagongchang.com,3620155,https://www.tianxiagongchang.com/detail/3620155_hang-zhou-jiu-yang-xiao-jia-dian-you-xian-gong-si,小家电,91330101665231591K,2007-09-05,,20,1,"存续,真实工厂,曾用名,杭州九阳欧南多小家电有限公司 杭州鸿阳家电有限公司 杭州欧南多小家电有限公司 杭州绿嘉实业有限公司","电气机械和器材制造业,家用电力器具制造,家用厨房电器具制造,金属家具制造",2026-09-15T16:08:20.726521+00:00
佛山市格来德小家电有限公司,佛山市南海区丹灶镇银河工业区,广东省,佛山市,南海区,,伍**,00000000000,500.0,500万人民币,存续,,"其他金属制日用品制造,其他通用零部件制造",80.0,enterprise,true,approved,tianxiagongchang.com,378586,https://www.tianxiagongchang.com/detail/378586_fo-shan-shi-ge-lai-de-xiao-jia-dian-you-xian-gong-si,小家电,91440605768414411D,2004-10-18,http://www.grelide.com,9,2,"存续,真实工厂","其他金属制日用品制造,其他通用零部件制造",2026-09-15T16:08:20.726521+00:00
中山市米诺小家电有限公司,中山市南头镇升辉南路12号厂房D栋三楼A卡,广东省,中山市,中山市,"家用电器研发,家用电器制造,家用电器销售,家用电器零配件销售,五金产品研发,五金产品制造,五金产品批发,五金产品零售,日用百货销售,日用电器修理",张*,00000000000,300.0,300万人民币,存续,,"电气机械和器材制造业,家用电力器具制造,家用厨房电器具制造",80.0,enterprise,true,approved,tianxiagongchang.com,4057301,https://www.tianxiagongchang.com/detail/4057301_zhong-shan-shi-mi-nuo-xiao-jia-dian-you-xian-gong-si,小家电,91442000MA55Y5E5XH,2021-02-04,,7,1,"存续,真实工厂","电气机械和器材制造业,家用电力器具制造,家用厨房电器具制造",2026-09-15T16:08:20.726521+00:00
山东小鸭集团小家电有限公司广东分公司,中山市东凤镇和泰村安泰路6号B幢五层之三,广东省,中山市,中山市,"家用电器,配件,灶具及配件,电线电缆,插头插座,冷冻,冷藏设备及配件,水净化设备及配件,金属制品,电子元器件,五金产品,照明设备,电子产品,健身器材,淋浴设备,厨房用具,卫生间用具,燃气器具及配件,空气热能泵,散热器,热交换器,热水器管道,净水设备管道,家用电器的技术开发,技术转让,技术服务,技术咨询,货物进出口",郭**,00000000000,,,存续,,"家用厨房电器具制造,其他未列明制造业",80.0,enterprise,true,approved,tianxiagongchang.com,361469,https://www.tianxiagongchang.com/detail/361469_shan-dong-xiao-ya-ji-tuan-xiao-jia-dian-you-xian-gong-si-guang-dong-fen-gong-si,小家电,91440606MA518K38XK,2018-01-12,,4,1,"存续,真实工厂","家用厨房电器具制造,其他未列明制造业",2026-09-15T16:08:20.726521+00:00
彭州市虎牛小家电有限公司,四川省彭州市濛阳镇物流大道西段468号-30号（万贯服装产业园内）,四川省,成都市,彭州市,"家用电器,日用电器,厨房电器,床上用品,服装服饰,劳保用品,体育用品,地毯,墙纸,箱包,软装饰材料",刘**,00000000000,10.0,10万人民币,存续,,日用家电零售,80.0,enterprise,true,approved,tianxiagongchang.com,376142,https://www.tianxiagongchang.com/detail/376142_peng-zhou-shi-hu-niu-xiao-jia-dian-you-xian-gong-si,小家电,91510182MA6C8FRF8Y,2017-12-25,,2,2,"存续,真实工厂",日用家电零售,2026-09-15T16:08:20.726521+00:00
永康市邦爱亿厨房电器制造厂,浙江省金华市永康市东城街道城塘老村329号,浙江省,金华市,永康市,"日用百货,厨房电器,厨房用具,健身器材制造,加工",刘**,00000000000,,,存续,,"家用厨房电器具制造,金属切割及焊接设备制造",80.0,enterprise,true,approved,tianxiagongchang.com,2123346,https://www.tianxiagongchang.com/detail/2123346_yong-kang-shi-bang-ai-yi-chu-fang-dian-qi-zhi-zao-chang,厨房电器,92330784MA2FQJA1XG,2014-07-08,,1,1,"存续,真实工厂,曾用名,永康市显军厨房电器制造厂","家用厨房电器具制造,金属切割及焊接设备制造",2026-09-15T16:08:20.726521+00:00
杭州建浩厨房电器配件有限公司,浙江省杭州市萧山区瓜沥镇低田畈村,浙江省,杭州市,萧山区,"制造,电气机械,加工：厨房电器配件",郑**,00000000000,10.0,10万人民币,存续,,"家用厨房电器具制造,电气机械和器材制造业,家用电力器具制造,家用电力器具专用配件制造",80.0,enterprise,true,approved,tianxiagongchang.com,3538432,https://www.tianxiagongchang.com/detail/3538432_hang-zhou-jian-hao-chu-fang-dian-qi-pei-jian-you-xian-gong-si,厨房电器,913301097620252557,2004-06-14,,7,1,"存续,真实工厂,曾用名,杭州建浩厨房电器配件厂","家用厨房电器具制造,电气机械和器材制造业,家用电力器具制造,家用电力器具专用配件制造",2026-09-15T16:08:20.726521+00:00
周村鲁顺厨房电器厂,山东省淄博市周村区城北路街道办事处隋家村34号,山东省,淄博市,周村区,"周村鲁顺厨房电器,厨房电器加工、销售",李**,00000000000,,,存续,,家用厨房电器具制造,80.0,enterprise,true,approved,tianxiagongchang.com,4290270,https://www.tianxiagongchang.com/detail/4290270_zhou-cun-lu-shun-chu-fang-dian-qi-chang,厨房电器,92370306MA3RLPAB3C,2020-03-24,,1,1,"存续,真实工厂",家用厨房电器具制造,2026-09-15T16:08:20.726521+00:00
芜湖美的厨房电器制造有限公司,安徽省芜湖市经济技术开发区万春街道清水河路99号,安徽省,芜湖市,鸠江区,"厨房电器,电器,卫浴电器,集成家装",程*,00000000000,2000.0,2000万人民币,存续,,"家用电器及电子产品专门零售,电气机械和器材制造业,家用电力器具制造,家用厨房电器具制造",80.0,enterprise,true,approved,tianxiagongchang.com,4099206,https://www.tianxiagongchang.com/detail/4099206_wu-hu-mei-di-chu-fang-dian-qi-zhi-zao-you-xian-gong-si,厨房电器,9134020056897203X2,2011-01-28,https://www.midea.com.cn/en,21,0,"存续,真实工厂,曾用名,芜湖美的消毒电器制造有限公司","家用电器及电子产品专门零售,电气机械和器材制造业,家用电力器具制造,家用厨房电器具制造",2026-09-15T16:08:20.726521+00:00
宁波凯波智能厨房电器制造有限公司,浙江省宁波市慈溪市周巷镇环城北路1217号,浙江省,宁波市,慈溪市,"智能厨房电器,多士炉,咖啡壶,三明治炉,巧克力机,家用电器配件",徐**,00000000000,180.0,180万人民币,存续,,"其他家用电力器具制造,家用厨房电器具制造",80.0,enterprise,true,approved,tianxiagongchang.com,576937,https://www.tianxiagongchang.com/detail/576937_ning-bo-kai-bo-zhi-neng-chu-fang-dian-qi-zhi-zao-you-xian-gong-si,厨房电器,9133028225428041XM,1996-09-03,,2,0,"存续,真实工厂,曾用名,宁波凯波厨房电器有限公司","其他家用电力器具制造,家用厨房电器具制造",2026-09-15T16:08:20.726521+00:00
佛山市南海区传成厨房电器厂,佛山市南海区九江镇石江苏石村旧九樵路21号2号仓（住所申报）,广东省,佛山市,南海区,"电动石磨机,高压猛火炉,低压节能炉,石磨肠粉机,河口肠粉机,传成电器传承牌电动石磨,传成厨房电器,传成电器传承牌电动石磨",陈**,00000000000,2.0,2万人民币,存续,,"电气机械和器材制造业,家用电力器具制造,家用厨房电器具制造",80.0,enterprise,true,approved,tianxiagongchang.com,3702235,https://www.tianxiagongchang.com/detail/3702235_fo-shan-shi-nan-hai-qu-chuan-cheng-chu-fang-dian-qi-chang,厨房电器,92440605MA4YBFDN74,2016-01-29,,7,1,"存续,真实工厂","电气机械和器材制造业,家用电力器具制造,家用厨房电器具制造",2026-09-15T16:08:20.726521+00:00
青岛海尔智慧厨房电器有限公司,山东省青岛市黄岛区前湾港路236号海尔工业园内,山东省,青岛市,黄岛区,"货物进出口,厨房用具,技术进出口,环境监测设备,洗涤用品,商用厨房设备,投影设备,销售及售后服务,厨房电器,消防设备的生产,货物仓储服务,经营其它无需行政审批即可经营的,消毒用品,家用燃气用具,家用电器",杨*,00000000000,19486.46,19486.464万人民币,存续,,家用厨房电器具制造,80.0,enterprise,true,approved,tianxiagongchang.com,1928866,https://www.tianxiagongchang.com/detail/1928866_qing-dao-hai-er-zhi-hui-chu-fang-dian-qi-you-xian-gong-si,厨房电器,91370211MA3DJD9R1D,2017-04-24,,10,0,"存续,真实工厂",家用厨房电器具制造,2026-09-15T16:08:20.726521+00:00
珠海欧姆斯厨房电器有限公司,珠海市前山界涌工业区A区21号厂房,广东省,珠海市,香洲区,"琴键开关-K600,中高档欧式炉具,家庭厨房电器,抽油烟机",K************,00000000000,800.0,800万人民币,存续,,"家用厨房电器具制造,其他电气机械及器材制造",80.0,enterprise,true,approved,tianxiagongchang.com,577453,https://www.tianxiagongchang.com/detail/577453_zhu-hai-ou-mu-si-chu-fang-dian-qi-you-xian-gong-si,厨房电器,914404007838817712,2006-01-20,,18,0,"存续,真实工厂","家用厨房电器具制造,其他电气机械及器材制造",2026-09-15T16:08:20.726521+00:00
嵊州市金乐厨房电器有限公司,浙江省绍兴市嵊州市三江街道嵊州大道南1699号信源国际11幢701（住所申报）,浙江省,绍兴市,嵊州市,"集成灶,厨房电器,燃气灶,保洁柜,水槽,厨房设备,集成水槽,生产,小家电,销售：厨房电器,吸油烟机",金**,00000000000,50.0,50万人民币,存续,,家用厨房电器具制造,80.0,enterprise,true,approved,tianxiagongchang.com,2140140,https://www.tianxiagongchang.com/detail/2140140_sheng-zhou-shi-jin-le-chu-fang-dian-qi-you-xian-gong-si,厨房电器,9133068330773288XY,2014-10-28,,4,0,"存续,真实工厂",家用厨房电器具制造,2026-09-15T16:08:20.726521+00:00
山东好帮手厨房电器有限公司,山东省淄博市周村区北郊镇前草村西首,山东省,淄博市,周村区,"电煎铛,家用电器及配件,厨房用具,电器产品,厨房用具生产,建材,不锈钢材料,热水器,销售,劳保护品,加工,电热锅,五金产品,电水壶,不锈钢制品销售,厨房用品,钢材",齐**,00000000000,300.0,300万人民币,存续,,"金属制厨房用器具制造,家用厨房电器具制造",80.0,enterprise,true,approved,tianxiagongchang.com,2689792,https://www.tianxiagongchang.com/detail/2689792_shan-dong-hao-bang-shou-chu-fang-dian-qi-you-xian-gong-si,厨房电器,91370306MA3C35P7XE,2015-12-11,,1,0,"存续,真实工厂","金属制厨房用器具制造,家用厨房电器具制造",2026-09-15T16:08:20.726521+00:00
河北欧仕智能家居股份有限公司,河北省石家庄市行唐县翟营乡岸下村东,河北省,石家庄市,行唐县,"金属制品,家具,销售,货物或技术的进出口,钢木门,建材的销售,安装,环保技术的开发,实木门,智能家居设备的研发,室内外装饰装修工程的施工,软件开发与销售,五金,套装门,管道的生产及销售,道路普通货物运输,镁合金门生产,生产及销售,制造与销售,机械设备研发",李**,00000000000,30000.0,30000万人民币,存续,,"木质家具制造,木质制品制造",80.0,enterprise,true,approved,tianxiagongchang.com,1696096,https://www.tianxiagongchang.com/detail/1696096_he-bei-ou-shi-zhi-neng-jia-ju-gu-fen-you-xian-gong-si,智能家居,91130100582403052W,2011-09-05,,8,1,"存续,真实工厂,曾用名,河北欧仕门业股份有限公司 石家庄市欧仕门业有限公司","木质家具制造,木质制品制造",2026-09-15T16:08:20.726521+00:00
福建省汉舍智能家居有限公司,福建省泉州市南安市柳城街道办事处杏莲工业区,福建省,泉州市,南安市,"陶瓷制品,浴缸,智能家居用品,家具,生产,加工,厨具,五金制品,可控防护窗,淋浴房,橱柜,销售：智能家居用品,电器设备,卫浴洁具,防盗门",王**,00000000000,5288.0,5288万人民币,存续,,"卫生陶瓷制品制造,其他未列明制造业",80.0,enterprise,true,approved,tianxiagongchang.com,2408111,https://www.tianxiagongchang.com/detail/2408111_fu-jian-sheng-han-she-zhi-neng-jia-ju-you-xian-gong-si,智能家居,91350583337483909X,2015-03-31,https://www.hshome.cc,8,2,"存续,真实工厂","卫生陶瓷制品制造,其他未列明制造业",2026-09-15T16:08:20.726521+00:00
湖州端茂智能家居有限公司,浙江省湖州市南浔区和孚镇尤夫路999号-2,浙江省,湖州市,南浔区,"智能家居的研发、设计,木制家具,地板,木制品,电梯配件,销售 ,货物及技术进出口",何**,00000000000,6080.0,6080万人民币,存续,,"家具制造业,木质家具制造,建筑用木料及木材组件加工",80.0,enterprise,true,approved,tianxiagongchang.com,4069035,https://www.tianxiagongchang.com/detail/4069035_hu-zhou-duan-mao-zhi-neng-jia-ju-you-xian-gong-si,智能家居,91330503MA2B3DPNXD,2017-11-08,,3,2,"存续,真实工厂","家具制造业,木质家具制造,建筑用木料及木材组件加工",2026-09-15T16:08:20.726521+00:00
创杰（浙江）智能家居有限公司,浙江省湖州市南浔经济开发区浔织路1882号-4,浙江省,湖州市,南浔区,"智能家居产品研发、设计、安装、制造、加工、销售,木制品制造、加工、销售,货物及技术进出口",陈**,00000000000,6000.0,6000万人民币,存续,,木地板制造,80.0,enterprise,true,approved,tianxiagongchang.com,4197281,https://www.tianxiagongchang.com/detail/4197281_chuang-jie-（-zhe-jiang-）-zhi-neng-jia-ju-you-xian-gong-si,智能家居,91330503MA2D14MC78,2019-12-18,http://www.kaiyunfloor.com,7,1,"存续,真实工厂,曾用名,创杰（浙江）智能家居有限公司 创杰（浙江）智能家居股份有限公司",木地板制造,2026-09-15T16:08:20.726521+00:00
东莞市龙辰智能家居有限公司,东莞市桥头镇朗厦村华厦工业区华厦一环路3号,广东省,东莞市,东莞市,"木制品,装饰品,技术进出口,销售：智能家居产品,五金配件,产销：家具,包装制品,智能青少年家居,研发,生产,家具配件,货物进出口,装饰材料",罗*,00000000000,1602.83,1602.830069万人民币,存续,,"木质家具制造,其他未列明制造业",80.0,enterprise,true,approved,tianxiagongchang.com,360573,https://www.tianxiagongchang.com/detail/360573_dong-guan-shi-long-chen-zhi-neng-jia-ju-you-xian-gong-si,智能家居,91441900MA4W8PE39G,2017-03-01,,7,1,"存续,真实工厂","木质家具制造,其他未列明制造业",2026-09-15T16:08:20.726521+00:00
湖州久凯智能家居有限公司,浙江省湖州市南浔区和孚镇重兆迎宾北路1号,浙江省,湖州市,南浔区,"智能家居的研发、设计,木制家具,地板,木制品,电梯配件,销售 ,货物及技术进出口",沈**,00000000000,1500.0,1500万人民币,存续,,木质家具制造,80.0,enterprise,true,approved,tianxiagongchang.com,983149,https://www.tianxiagongchang.com/detail/983149_hu-zhou-jiu-kai-zhi-neng-jia-ju-you-xian-gong-si,智能家居,91330503MA2B3ENCXL,2017-11-10,,3,1,"存续,真实工厂",木质家具制造,2026-09-15T16:08:20.726521+00:00
安徽美成智能家居有限公司,安徽长丰双凤经济开发区凤麟大道东侧1幢,安徽省,合肥市,长丰县,"智能家居产品的开发与生产销售,木质家具,木门窗,楼梯,橱柜的制造与批发销售,竹、藤、金属家具制造与批发销售,办公家具桌椅,学生桌椅的生产与销售,其他家具制造与批发销售,厨房设备及厨房用品的批发零售,家具与木门楼梯的设计安装服务,室内木制装饰板与装修用材的生产与销售,其他五金家居类用品的生产与批发销售",储**,00000000000,1050.0,1050万人民币,存续,,木质家具制造,80.0,enterprise,true,approved,tianxiagongchang.com,1006777,https://www.tianxiagongchang.com/detail/1006777_an-hui-mei-cheng-zhi-neng-jia-ju-you-xian-gong-si,智能家居,91340121MA2TB5Q65L,2018-12-14,http://www.hfmcmy.com,10,2,"存续,真实工厂",木质家具制造,2026-09-15T16:08:20.726521+00:00
连云港市和璟智能家居有限公司,连云港市灌云县杨集镇小乔圩村三组8号,江苏省,连云港市,灌云县,"智能家居设备,空调配件制造及加工,空气净化机销售",张**,00000000000,2000.0,2000万人民币,在业,,"家用电力器具专用配件制造,电子和电工机械专用设备制造",80.0,enterprise,false,pending,tianxiagongchang.com,1036000,https://www.tianxiagongchang.com/detail/1036000_lian-yun-gang-shi-he-jing-zhi-neng-jia-ju-you-xian-gong-si,智能家居,91320723MA1XARU67R,2018-10-16,http://www.hejil.com,1,1,"在业,真实工厂","家用电力器具专用配件制造,电子和电工机械专用设备制造",2026-09-15T16:08:20.726521+00:00
江苏海德瑞智能家居科技有限公司,南通市海安市老坝港滨海新区（角斜镇）联发路9号,江苏省,南通市,海安市,"智能家居用品,木制品设计、生产、销售、安装,家具,胶合板,家具配件,工艺美术品,木材加工、销售,厂房租赁,道路普通货物运输,自营和代理各类商品的进出口业务",单**,00000000000,2000.0,2000万人民币,存续,,"木质家具制造,其他家具制造",80.0,enterprise,true,approved,tianxiagongchang.com,1125620,https://www.tianxiagongchang.com/detail/1125620_jiang-su-hai-de-rui-zhi-neng-jia-ju-ke-ji-you-xian-gong-si,智能家居,91320621MA1YCH8K6E,2019-05-10,,2,1,"存续,真实工厂","木质家具制造,其他家具制造",2026-09-15T16:08:20.726521+00:00
江苏瑞泰智能家居有限公司,张家港市金港镇后塍袁家桥村,江苏省,苏州市,张家港市,"智能家居领域内的技术研发、技术咨询、技术转让及相关的技术服务,节能门窗,铝木门窗,阳光房的研发、设计、销售、安装,建筑装修装饰工程专业承包,建筑用木材料,木材组件,光伏设备,风能原动设备,环保设备,建筑用金属配件,电子元器件制造、加工、销售",方**,00000000000,2000.0,2000万人民币,存续,,"金属门窗制造,工程和技术研究和试验发展",80.0,enterprise,true,approved,tianxiagongchang.com,1154713,https://www.tianxiagongchang.com/detail/1154713_jiang-su-rui-tai-zhi-neng-jia-ju-you-xian-gong-si,智能家居,91320582MA1UQUWDXL,2017-12-19,,5,2,"存续,真实工厂","金属门窗制造,工程和技术研究和试验发展",2026-09-15T16:08:20.726521+00:00
广东利灿衡安防设备有限公司,广东省东莞市中堂镇跃进路6号,广东省,东莞市,东莞市,"安装：安防设备,装甲门,卷帘门,产销,木质防火门,玻璃门及窗,钢,防盗门,安防设备,防火门,货物进出口,金属制品,安装",张**,00000000000,3000.0,3000万人民币,存续,,安全、消防用金属制品制造,80.0,enterprise,true,approved,tianxiagongchang.com,997198,https://www.tianxiagongchang.com/detail/997198_guang-dong-li-can-heng-an-fang-she-bei-you-xian-gong-si,安防设备,91441900MA4W1J6D5N,2016-12-02,,4,1,"存续,真实工厂",安全、消防用金属制品制造,2026-09-15T16:08:20.726521+00:00
河北纳智安防设备有限公司,河北省石家庄市鹿泉区柏通路1号冀商硅谷15-1-301,河北省,石家庄市,鹿泉区,"安防设备,传感器模组,监测数据云平台,监测报警系统,仪器仪表,电子产品,环保设备,消防设备,气体检测报警设备,燃气设备,技术咨询服务,计算机系统集成,计算机软硬件开发与销售,计算机技术开发、咨询、转让和服务,消防工程,环保工程,机电工程,建筑智能化工程的设计、施工及运营维护服务",刘**,00000000000,3000.0,3000万人民币,存续,,"其他仪器仪表制造业,其他未列明通用设备制造业",80.0,enterprise,true,approved,tianxiagongchang.com,2756911,https://www.tianxiagongchang.com/detail/2756911_he-bei-na-zhi-an-fang-she-bei-you-xian-gong-si,安防设备,91130101551891989C,2010-03-24,,6,1,"存续,真实工厂,曾用名,石家庄南邦电子科技有限公司 石家庄本安电子科技有限公司 石家庄市南邦科技有限公司","其他仪器仪表制造业,其他未列明通用设备制造业",2026-09-15T16:08:20.726521+00:00
江苏鹰锐达安防设备有限公司,丹阳市导墅镇工业园区,江苏省,镇江市,丹阳市,"各类工程建设活动,安防设备制造,安防设备销售,照明器具制造,照明器具销售,交通安全、管制专用设备制造,太阳能热利用产品销售,太阳能热发电产品销售,太阳能热利用装备销售,太阳能发电技术服务,安全系统监控服务,数字视频监控系统销售,信息安全设备销售,园林绿化工程施工,土石方工程施工,五金产品零售,金属制品销售,",李**,00000000000,2800.0,2800万人民币,存续,,"社会公共安全设备及器材制造,建筑安装业,其他建筑安装业",80.0,enterprise,true,approved,tianxiagongchang.com,3682625,https://www.tianxiagongchang.com/detail/3682625_jiang-su-ying-rui-da-an-fang-she-bei-you-xian-gong-si,安防设备,91321181MA245JG561,2020-12-17,,2,1,"存续,真实工厂","社会公共安全设备及器材制造,建筑安装业,其他建筑安装业",2026-09-15T16:08:20.726521+00:00
湖北恒越安防设备科技有限公司,钟祥市郢中镇冯家岭小区五巷12号,湖北省,荆门市,,"安防设备研发、销售,消防车辆,特种车辆,消防器材,消防个人装备,抢险救援设备,监控传输记录设备,防盗报警设备,消防设备,器材,机电设备,五金,水电材料,森林灭火器材,汽车底盘销售,新能源汽车,环卫车辆及配套设备生产销售,消防工程施工,各种车辆,特种车辆维修保养服务",李*,00000000000,1002.0,1002.00万人民币,存续,,"其他科技推广服务业,科技推广和应用服务业",80.0,enterprise,true,approved,tianxiagongchang.com,4411050,https://www.tianxiagongchang.com/detail/4411050_hu-bei-heng-yue-an-fang-she-bei-ke-ji-you-xian-gong-si,安防设备,91420881MA493NFT40,2018-04-17,,4,1,存续,"其他科技推广服务业,科技推广和应用服务业",2026-09-15T16:08:20.726521+00:00
长沙维安安防设备有限公司,长沙市岳麓区金星北路一段15号景芳新寓南栋306房,湖南省,长沙市,岳麓区,"电子产品,电缆批发,保养,施工,电线,制冷设备安装,报警系统,消防设备的维修,消防设施工程专业承包,楼宇智能化设备,中央空调系统安装,工程技术咨询服务,五金产品,建筑消防设施检测服务,弱电工程设计,监控系统维护,电子器材,清洗,消防设备及器材的零售,维修,电器设备,安防设备,安全技术防范系统设计,机电产品,电线电缆,消防设施设备维修,建材销售,消防器材,建材的销售,五金工具",王*,00000000000,600.0,600万人民币,存续,,"五金产品批发,其他机械和设备修理业",80.0,enterprise,true,approved,tianxiagongchang.com,1509256,https://www.tianxiagongchang.com/detail/1509256_chang-sha-wei-an-an-fang-she-bei-you-xian-gong-si,安防设备,9143010457433953X3,2011-05-23,,1,1,"存续,真实工厂","五金产品批发,其他机械和设备修理业",2026-09-15T16:08:20.726521+00:00
河北百通安防设备科技有限公司,河北省沧州市泊头市交河镇武港路兴达模具斜对过,河北省,沧州市,泊头市,"安防设备研发、设计、生产、销售,附着式升降脚手架,建筑机械设备,落地脚手架,施工升降台,吊篮,扣件（非铸造工艺）,盘扣,模板,钢支撑,贝雷片,护栏板,防护栏,防护网,租赁,工业泵,阀门,管件,建筑材料,金属材料销售,建筑劳务分包,专业承包",樊**,00000000000,635.0,635万人民币,存续,,"建筑装饰及水暖管道零件制造,其他科技推广服务业",80.0,enterprise,true,approved,tianxiagongchang.com,1807840,https://www.tianxiagongchang.com/detail/1807840_he-bei-bai-tong-an-fang-she-bei-ke-ji-you-xian-gong-si,安防设备,91130981MA0E24U375,2019-08-29,http://www.baitongpajia.com,12,1,"存续,真实工厂","建筑装饰及水暖管道零件制造,其他科技推广服务业",2026-09-15T16:08:20.726521+00:00
河北仓音安防设备有限公司,河北省廊坊市文安县新镇镇孔家务村北150米,河北省,廊坊市,文安县,"安防设备的技术开发,技术转让,技术咨询,制造销售安装安防设备,电器设备,交通设施,制造销售电子产品,消防器材、门窗,维修工程机械设备",李**,00000000000,500.0,500万人民币,存续,,其他科技推广服务业,80.0,enterprise,true,approved,tianxiagongchang.com,2442845,https://www.tianxiagongchang.com/detail/2442845_he-bei-cang-yin-an-fang-she-bei-you-xian-gong-si,安防设备,91131026MA0A1AB84Q,2018-04-18,,1,1,"存续,真实工厂",其他科技推广服务业,2026-09-15T16:08:20.726521+00:00
浙江丹山安防设备科技有限公司,浙江省宁波市鄞州区首南街道李花桥村,浙江省,宁波市,鄞州区,"保险柜,制造,银行营业厅设备,金库门,ATM机智能防护舱,防磁柜,加工,一般经营项目：保险箱,安防监控设备的研发,租赁及服务,安装,防盗门,监控设备,销售,现金柜台设备,保险箱,安防设备的制造,消防设备,ATM防护舱,防火柜",沈**,00000000000,1000.0,1000万人民币,存续,,"交通及公共管理用金属标牌制造,金属制品业,建筑、安全用金属制品制造,安全、消防用金属制品制造",80.0,enterprise,true,approved,tianxiagongchang.com,3580866,https://www.tianxiagongchang.com/detail/3580866_zhe-jiang-dan-shan-an-fang-she-bei-ke-ji-you-xian-gong-si,安防设备,91330212066606072L,2013-04-18,,8,2,"存续,真实工厂,曾用名,宁波丹山安防设备科技有限公司","交通及公共管理用金属标牌制造,金属制品业,建筑、安全用金属制品制造,安全、消防用金属制品制造",2026-09-15T16:08:20.726521+00:00
河南鑫之鼎安防设备有限公司,河南省信阳市光山县官渡河产业集聚区金三角路东96号,河南省,信阳市,光山县,"安防设备制造,专用设备制造（不含许可类专业设备制造）,安全、消防用金属制品制造,门窗制造加工,安防设备销售,信息安全设备销售,消防器材销售,安全技术防范系统设计施工服务,安全系统监控服务,安全咨询服务,互联网安全服务",蒋**,00000000000,1000.0,1000万人民币,存续,,"金属制品业,建筑、安全用金属制品制造,安全、消防用金属制品制造",80.0,enterprise,true,approved,tianxiagongchang.com,3627359,https://www.tianxiagongchang.com/detail/3627359_he-nan-xin-zhi-ding-an-fang-she-bei-you-xian-gong-si,安防设备,91411522MA3X6MFA21,2016-01-15,,5,2,"存续,真实工厂,曾用名,光山县鑫之鼎安防设备有限责任公司","金属制品业,建筑、安全用金属制品制造,安全、消防用金属制品制造",2026-09-15T16:08:20.726521+00:00
徐州日月星安防设备科技有限公司,睢宁宁江工业园兴业路18号,江苏省,徐州市,睢宁县,"建筑施工安全帽,电力安全帽,电脑程控注塑机,热转印机,侧向刚性试验机,冲击力测试仪,近电报警器安全帽,高速平缝套结机,徐州日月星安防设备科技有限公司,电绝缘测试装置,安全帽",张*,00000000000,516.0,516万人民币,存续,,"塑料零件及其他塑料制品制造,橡胶和塑料制品业,塑料制品业",80.0,enterprise,true,approved,tianxiagongchang.com,4057488,https://www.tianxiagongchang.com/detail/4057488_xu-zhou-ri-yue-xing-an-fang-she-bei-ke-ji-you-xian-gong-si,安防设备,913203246789528309,2008-08-04,http://www.xzryx.cn,26,2,"存续,真实工厂,曾用名,徐州日月星塑业有限公司","塑料零件及其他塑料制品制造,橡胶和塑料制品业,塑料制品业",2026-09-15T16:08:20.726521+00:00
沈阳市铁西区睿斯特监控摄像头组装厂,辽宁省沈阳市铁西区长滩镇西街,辽宁省,沈阳市,铁西区,,刘*,00000000000,0.0,0.001万人民币,存续,,"其他机械和设备修理业,电子器件制造",80.0,enterprise,true,approved,tianxiagongchang.com,274136,https://www.tianxiagongchang.com/detail/274136_shen-yang-shi-tie-xi-qu-rui-si-te-jian-kong-she-xiang-tou-zu-zhuang-chang,摄像头,92210106MA0UTTDB4D,2017-12-27,,2,1,"存续,真实工厂","其他机械和设备修理业,电子器件制造",2026-09-15T16:08:20.726521+00:00
河南乐腾电子科技有限公司,郑州航空港区新港大道与人民路交叉口智能终端手机产业园16号,河南省,郑州市,新郑市,"耳机线,手机摄像头,手机液晶显示屏,国际货运代理,国内,手机,生产及销售,手机外壳,供应链管理,货物及技术的进出口业务,供应链管理及相关配套业务,通讯产品的技术开发,手机主板,充电器,从事货物及技术的进出口业务,移动电源,法律法规规定应经审批方可经营,相关手机配件,手机外壳及相关手机配件的生产与销售,电子产品,手机电池,数据线",张**,00000000000,25000.0,25000万人民币,存续,,"通信终端设备制造,其他科技推广服务业",80.0,enterprise,true,approved,tianxiagongchang.com,952442,https://www.tianxiagongchang.com/detail/952442_he-nan-le-teng-dian-zi-ke-ji-you-xian-gong-si,摄像头,91410100MA3X5X0P4L,2015-12-17,,6,1,"存续,真实工厂","通信终端设备制造,其他科技推广服务业",2026-09-15T16:08:20.726521+00:00
重庆市天实精工科技有限公司,重庆市渝北区玉峰山镇龙进大道28号,重庆市,重庆市,渝北区,"生产,电子产品,存储芯片,研发,集成电路,货物及技术的进出口,销售：摄像头,高端摄像头模组,计算机系统集成",苏**,00000000000,44592.88,44592.8778万人民币,存续,,"光电子器件制造,通信终端设备制造",80.0,enterprise,true,approved,tianxiagongchang.com,2256392,https://www.tianxiagongchang.com/detail/2256392_chong-qing-shi-tian-shi-jing-gong-ke-ji-you-xian-gong-si,摄像头,91500112MA5U40QP5W,2015-12-11,https://www.ts-precision.com,17,5,"存续,真实工厂,曾用名,重庆市康健达科技有限公司","光电子器件制造,通信终端设备制造",2026-09-15T16:08:20.726521+00:00
江西精达金属设备有限公司,江西省宜春市樟树市观上工业园区,江西省,宜春市,樟树市,"尾气处理设备,火化机及配套设备,库房温,保险柜,教学仪器,金库门,书架,施工,货物进出口,智慧档案库房,智能存包柜,货架,安全技术防范工程设计,实验室设备,湿度控制系统,制造,计算机信息系统集成,硬件产品研发,图书设备,各类金属构件架及柜,信报箱生产,学生公寓床,消防设备,物证管理系统,岗亭,瞻仰台,文物架,档案数字化扫描整理及系统制造,安装,安防设备,技术服务,智能不锈钢消防服装架,药柜,环卫设备,涉案财物管理系统,智能物证柜,靶场设备设计,配套管理系统,智能枪柜,学校校具,第二类医疗器械销售,智能枪弹柜,骨灰存放架及系统,防磁柜,库房监控摄像头,库房安全环境控制系统设备,技术咨询,法医解剖台,配套系统,焚烧炉,文件柜,金属设备设计,计算机软,身份证自助设备,存放架,木质架柜,技术转让,销售,智能密集架,枪弹柜管理系统,环保设备,生产,警用装备,密集架,档案消毒杀虫设备,电子产品销售,医疗设备,档案装具,军队制式营具不锈钢制品,重型货架,机电设备,办公家具,医用病床,太平柜",肖**,00000000000,8888.0,8888万人民币,存续,,金属家具制造,80.0,enterprise,true,approved,tianxiagongchang.com,2569985,https://www.tianxiagongchang.com/detail/2569985_jiang-xi-jing-da-jin-shu-she-bei-you-xian-gong-si,摄像头,91360982MA35FB0Q1R,2015-11-04,,17,1,"存续,真实工厂",金属家具制造,2026-09-15T16:08:20.726521+00:00
经纬光学科技（苏州）有限公司,苏州市相城区黄埭镇潘阳工业园康阳路362号,江苏省,苏州市,相城区,"集成电路芯片及产品销售,集成电路销售,光学摄像头,工业摄像头,手机摄像头,光学仪器销售,PLCC芯片,微显投影设备各类集成电路相关模组产品,自动对焦模块,摄像头模组,影像传感器集成电路,音圈马达",孙**,00000000000,6600.0,6600万人民币,存续,,"光电子器件制造,应用电视设备及其他广播电视设备制造",80.0,enterprise,true,approved,tianxiagongchang.com,2960525,https://www.tianxiagongchang.com/detail/2960525_jing-wei-guang-xue-ke-ji-su-zhou-you-xian-gong-si,摄像头,91320507302184191W,2014-06-17,http://www.kwoptics.com,9,1,"存续,真实工厂","光电子器件制造,应用电视设备及其他广播电视设备制造",2026-09-15T16:08:20.726521+00:00
重庆睿恩光电子有限责任公司,重庆市永川区兴龙大道3130号6幢（重庆永川工业园区凤凰湖工业园内）,重庆市,重庆市,永川区,"生产,手机配件研发,摄像头,销售及计算机软硬件开发,销售,光电子器件,■,计算机软硬件开发,手机及相关产品的研发,光电子器件研发,基础软件服务",L******************,00000000000,10000.0,10000万人民币,存续,,"电子元器件与机电组件设备制造,计算机、通信和其他电子设备制造业,电子器件制造,光电子器件制造",80.0,enterprise,true,approved,tianxiagongchang.com,3489133,https://www.tianxiagongchang.com/detail/3489133_chong-qing-rui-en-guang-dian-zi-you-xian-ze-ren-gong-si,摄像头,91500118MA5UB9GH9K,2017-01-26,,3,1,"存续,真实工厂","电子元器件与机电组件设备制造,计算机、通信和其他电子设备制造业,电子器件制造,光电子器件制造",2026-09-15T16:08:20.726521+00:00
纳玫格（苏州）科技有限公司,苏州工业园区苏虹中路445号,江苏省,苏州市,姑苏区,研发、制造、加工各类数码摄像头模组及其关键件,黄**,00000000000,25000.0,25000万人民币,存续,,"显示器件制造,计算机、通信和其他电子设备制造业,电子元件及电子专用材料制造,其他仪器仪表制造业",80.0,enterprise,true,approved,tianxiagongchang.com,3728888,https://www.tianxiagongchang.com/detail/3728888_na-mei-ge-su-zhou-ke-ji-you-xian-gong-si,摄像头,91320594788381012L,2006-05-31,,11,1,"存续,真实工厂,曾用名,德尔科（苏州）科技有限公司","显示器件制造,计算机、通信和其他电子设备制造业,电子元件及电子专用材料制造,其他仪器仪表制造业",2026-09-15T16:08:20.726521+00:00
米永光电科技（滁州）有限公司,安徽省滁州市苏滁现代产业园区泉州路现代工业坊4期6号和9号标准厂房,安徽省,滁州市,南谯区,"智能电子产品液晶显示屏盖板,手机摄像头盖板,车载多媒体触控面板,平板防眩光触控面板,AG玻璃滑鼠板,光电薄膜,玻璃饰件",汪**,00000000000,8000.0,8000万人民币,存续,,"其他电子器件制造,计算机、通信和其他电子设备制造业,电子器件制造,显示器件制造",80.0,enterprise,true,approved,tianxiagongchang.com,3828071,https://www.tianxiagongchang.com/detail/3828071_mi-yong-guang-dian-ke-ji-chu-zhou-you-xian-gong-si,摄像头,91341100MA2UH3GR10,2020-02-27,,5,3,"存续,真实工厂","其他电子器件制造,计算机、通信和其他电子设备制造业,电子器件制造,显示器件制造",2026-09-15T16:08:20.726521+00:00
深圳市晶钛光学股份有限公司,深圳市光明新区凤凰街道凤凰社区汇通路269号得润电子工业园B栋402,广东省,深圳市,光明区,"投资兴办实业（具体项目另行申报）,信息咨询（不含限制项目）,市场营销策划,国内贸易,经进出口业务,摄像头镜头,数码机镜头,光学镜片,光电产品,电子塑胶产品,五金的产品,精密组件产品",覃**,00000000000,5924.07,5924.07万人民币,存续,,"塑料零件及其他塑料制品制造,商务服务业,其他商务服务业,其他未列明商务服务业",80.0,enterprise,true,approved,tianxiagongchang.com,4146894,https://www.tianxiagongchang.com/detail/4146894_shen-zhen-shi-jing-tai-guang-xue-gu-fen-you-xian-gong-si,摄像头,91440300MA5EW9059F,2017-12-01,http://www.kingtiop.com,3,2,"存续,真实工厂","塑料零件及其他塑料制品制造,商务服务业,其他商务服务业,其他未列明商务服务业",2026-09-15T16:08:20.726521+00:00
深圳小湃科技有限公司,深圳市南山区粤海街道高新区社区高新南一道008号创维大厦A806,广东省,深圳市,,"智慧教育设备,经营货物进出口,智能门及智能锁,智能系统技术,文化用品,电信终端设备,网络设备,智能音箱,电器产品的安装、维修、保养及技术支持,网络安防系统,技术服务,电子、通信技术的研发及技术服务,针纺织品,计算机网络技术,通讯终端设备接入设备,门磁,智能会议屏,室内外LED显示系统,液晶监视器,设计、制作、代理、发布广告,多媒体信息系统系列产品,智能音响,玩具,监控产品,创维盒子,摄像头,烟感,创维小湃,信息系统集成服务,工艺礼品,信息技术咨询服务,集成电路,生活用品和日用品的销售,数码产品,音视频图像存储,智能安防设备,智慧城市设备,电子白板,智慧办公系统及终端,数字标牌,广告信息发布系统,大屏幕液晶拼接系统,电子产品,智能投影,国内贸易,智能开关插座,服装鞋帽,管理系统,灯具,视听产品,投影",王**,00000000000,10000.0,10000.00万人民币,存续,,"医疗用品及器材零售,医药及医疗器材专门零售,零售业",80.0,enterprise,true,approved,tianxiagongchang.com,4367859,https://www.tianxiagongchang.com/detail/4367859_shen-zhen-xiao-pai-ke-ji-you-xian-gong-si,摄像头,91440300MA5GG6346Q,2020-11-16,,3,1,存续,"医疗用品及器材零售,医药及医疗器材专门零售,零售业",2026-09-15T16:08:20.726521+00:00
宁波普金通信设备有限公司,浙江省宁波市海曙区望春工业园区科茂路456号,浙江省,宁波市,海曙区,"通信设备的制造、加工、测试、维修,通信技术开发,计算机软硬件开发及相关技术服务,仪器仪表批发",高**,00000000000,5100.0,5100万人民币,存续,,"软件开发,通信系统设备制造",80.0,enterprise,true,approved,tianxiagongchang.com,1625307,https://www.tianxiagongchang.com/detail/1625307_ning-bo-pu-jin-tong-xin-she-bei-you-xian-gong-si,通信设备,91330212557994401W,2010-08-13,,6,1,"存续,真实工厂","软件开发,通信系统设备制造",2026-09-15T16:08:20.726521+00:00
泉州市安邦通信设备有限公司,泉州市鲤城区龙山路1号安邦大厦,福建省,泉州市,鲤城区,"通信设备,制造,电子计算机,销售：通信设备",陈*,00000000000,5885.5,5885.5万人民币,存续,,"通信设备制造,通信系统设备制造",80.0,enterprise,true,approved,tianxiagongchang.com,2736309,https://www.tianxiagongchang.com/detail/2736309_quan-zhou-shi-an-bang-tong-xin-she-bei-you-xian-gong-si,通信设备,913505007053522339,1999-04-20,,16,1,"存续,真实工厂","通信设备制造,通信系统设备制造",2026-09-15T16:08:20.726521+00:00
河北冠辰通信设备有限公司,河北省衡水市景县广川工业区,河北省,衡水市,景县,"通信系统设备制造,加工,销售铁塔,铝塔,钢结构制品,路灯杆,铝合金制品,抱杆,抱杆类产品,硅胶制品,热喷涂,测风塔,高速公路护栏,波纹涵管,电力工程,广播电视塔,200米以下,中波塔,电视塔维修维护,改造防腐,钢结构工程施工,铁塔及基站维护施工,铁塔及附件搬迁,安装施工,地基与基础工程施工,房屋建筑工程施工,防雷接地网施工,避雷工程施工总承包,土建基础施工,通信设备租赁,机械加工,货物或技术进出口",杨**,00000000000,10800.0,10800万人民币,存续,,"金属结构制造,通信系统设备制造",80.0,enterprise,true,approved,tianxiagongchang.com,3013926,https://www.tianxiagongchang.com/detail/3013926_he-bei-guan-chen-tong-xin-she-bei-you-xian-gong-si,通信设备,91131127MA07X4063E,2016-10-26,,11,1,"存续,真实工厂","金属结构制造,通信系统设备制造",2026-09-15T16:08:20.726521+00:00
河间市腾迈通信设备有限公司,河间市留古寺镇闫村,河北省,沧州市,河间市,"电线电缆,线路铁件,钢绞线,木杆,塑料管材,井具,金具,综合信息柜,分纤箱,配电柜,皮线光缆,光纤配套产品,通信设备,电力设备,不锈钢制品,塑料制品,电缆,橡胶制品,劳保用品,保温材料,五金产品,热镀锌钢丝销售",闫**,00000000000,8000.0,8000万人民币,存续,,"金属丝绳及其制品制造,通信系统设备制造",80.0,enterprise,true,approved,tianxiagongchang.com,3433148,https://www.tianxiagongchang.com/detail/3433148_he-jian-shi-teng-mai-tong-xin-she-bei-you-xian-gong-si,通信设备,911309840748935188,2013-08-08,,4,2,"存续,真实工厂","金属丝绳及其制品制造,通信系统设备制造",2026-09-15T16:08:20.726521+00:00
盐城市星地通信设备有限公司,建湖县高新技术经济区南环路222号,江苏省,盐城市,建湖县,"卫星移动通信终端销售,卫星通信服务,导航终端制造,导航终端销售,通信设备制造,通讯设备销售,销售,卫星移动通信终端制造,人工智能应用软件开发,技术进出口,网络技术服务,通信设备零部件加工,货物进出口,软件开发",周*,00000000000,2000.0,2000万人民币,存续,,"通信系统设备制造,机械零部件加工,电子器件制造",80.0,enterprise,true,approved,tianxiagongchang.com,281406,https://www.tianxiagongchang.com/detail/281406_yan-cheng-shi-xing-di-tong-xin-she-bei-you-xian-gong-si,通信设备,91320902746223809U,2003-01-27,,12,1,"存续,真实工厂","通信系统设备制造,机械零部件加工,电子器件制造",2026-09-15T16:08:20.726521+00:00
中宝通信设备制造（大连）有限公司,辽宁省大连市甘井子区大连湾镇毛茔子村,辽宁省,大连市,甘井子区,"通信设备制造,有色金属压延加工,金属制品销售,金属制品研发,安全技术防范系统设计施工服务,信息安全设备制造,信息安全设备销售,照明器具销售,国内贸易代理,国内货物运输代理,金属加工机械制造,金属切削机床制造,金属切削加工服务",宫**,00000000000,1500.0,1500万人民币,存续,,"交通及公共管理用金属标牌制造,通信设备制造",80.0,enterprise,true,approved,tianxiagongchang.com,849200,https://www.tianxiagongchang.com/detail/849200_zhong-bao-tong-xin-she-bei-zhi-zao-da-lian-you-xian-gong-si,通信设备,91210211MA10Q1UA6X,2020-11-18,,5,2,"存续,真实工厂","交通及公共管理用金属标牌制造,通信设备制造",2026-09-15T16:08:20.726521+00:00
慈溪中关通信设备有限公司,慈溪市新浦镇六甲村张丁路252号,浙江省,宁波市,慈溪市,"通信设备及配件,塑料制品,五金配件,家用电器制造、加工",张**,00000000000,1800.0,1800万人民币,存续,,"玻璃纤维和玻璃纤维增强塑料制品制造,通信系统设备制造",80.0,enterprise,true,approved,tianxiagongchang.com,1404652,https://www.tianxiagongchang.com/detail/1404652_ci-xi-zhong-guan-tong-xin-she-bei-you-xian-gong-si,通信设备,91330282MA281H1M6U,2016-02-15,,5,1,"存续,真实工厂","玻璃纤维和玻璃纤维增强塑料制品制造,通信系统设备制造",2026-09-15T16:08:20.726521+00:00
索利奥帕通信设备制造（苏州）有限公司,苏州高新区科技城雁荡山路206号一号厂房北车间,江苏省,苏州市,虎丘区,"通信设备制造,通用设备制造（不含特种设备制造）,专用设备制造（不含许可类专业设备制造）,计算器设备制造,电子元器件与机电组件设备制造,电子专用设备制造,生态环境监测及检测仪器仪表制造,环境保护专用设备制造,环境应急检测仪器仪表制造,大气污染监测及检测仪器仪表制造,环境应急技术装备制造,安防设备制造,温室气体排放控制装备制造,信息系统集成服务,信息安全设备制造,信息系统运行维护服务,网络与信息安全软件开发,信息技术咨询服务,计算机软硬件及外围设备制造,电子元器件制造,软件开发,城市轨道交通设备制造,轨道交通通信信号系统开发,轨道交通专用设备,关键系统及部件销售,高铁设备、配件制造,金属结构制造,其他电子器件制造,智能仪器仪表制造,技术服务,技术开发,技术咨询,园林绿化工程施工,规划设计管理,五金产品批发,电线",王**,00000000000,5000.0,5000万人民币,存续,,"铁路专用设备及器材、配件制造,通信设备制造",80.0,enterprise,true,approved,tianxiagongchang.com,1985051,https://www.tianxiagongchang.com/detail/1985051_suo-li-ao-pa-tong-xin-she-bei-zhi-zao-su-zhou-you-xian-gong-si,通信设备,91320505MA2140W23D,2020-03-27,,6,4,"存续,真实工厂","铁路专用设备及器材、配件制造,通信设备制造",2026-09-15T16:08:20.726521+00:00
重庆普天博威通信设备有限公司,重庆市巴南区界石镇石佛路8号附13（耐德环境装备工业园金工坊）16#厂房,重庆市,重庆市,巴南区,"通信器材,钣金产品,五金,通信设备,通信线缆,通信终端产品,电源设备,水利自动化设备,电力自动化设备,仪器仪表,电力微机保护设备,交电,计算机及配件,电气设备,通用机械,光通信设备,电子产品,广播电视设备,电子元器件,电气机械及器材",李**,00000000000,1200.0,1200万人民币,存续,,"通信设备制造,工程和技术研究和试验发展",80.0,enterprise,true,approved,tianxiagongchang.com,2673271,https://www.tianxiagongchang.com/detail/2673271_chong-qing-pu-tian-bo-wei-tong-xin-she-bei-you-xian-gong-si,通信设备,91500107666407501H,2007-08-30,http://www.povitel.cn,10,1,"存续,真实工厂","通信设备制造,工程和技术研究和试验发展",2026-09-15T16:08:20.726521+00:00
高信通达（北京）通信设备制造有限公司,北京市北京经济技术开发区（大兴）长恒路20号院8号楼2层201,北京市,北京市,大兴区,"通信设备制造,电子元器件制造,网络设备制造,通信设备销售,广播电视传输设备销售,网络设备销售,光通信设备制造,终端测试设备制造,移动终端设备制造,卫星移动通信终端制造,移动通信设备制造,移动通信设备销售,5G通信技术服务,技术服务,技术开发,技术咨询,技术交流、技术转让,技术推广,信息系统集成服务,软件开发,终端测试设备销售,广播电视传输设备制造,货物进出口,技术进出口,进出口代理",杨**,00000000000,3000.0,3000万人民币,存续,,"其他卫星传输服务,计算机、通信和其他电子设备制造业,通信设备制造,通信系统设备制造",80.0,enterprise,true,approved,tianxiagongchang.com,3598619,https://www.tianxiagongchang.com/detail/3598619_gao-xin-tong-da-bei-jing-tong-xin-she-bei-zhi-zao-you-xian-gong-si,通信设备,91330283MA2J63N56C,2021-04-12,,6,1,"存续,真实工厂,曾用名,高信达（宁波）通信设备制造有限公司","其他卫星传输服务,计算机、通信和其他电子设备制造业,通信设备制造,通信系统设备制造",2026-09-15T16:08:20.726521+00:00
湖北博臻光通信设备有限公司,湖北省黄冈市黄州区陈策楼镇六庙村综合楼二楼,湖北省,黄冈市,黄州区,"光通信设备,光电子器件,人工智能电子产品",董*,00000000000,1000.0,1000万人民币,存续,,通信终端设备制造,80.0,enterprise,true,approved,tianxiagongchang.com,2342268,https://www.tianxiagongchang.com/detail/2342268_hu-bei-bo-zhen-guang-tong-xin-she-bei-you-xian-gong-si,光通信,91421100MA49EHTU5H,2020-01-17,,2,1,"存续,真实工厂",通信终端设备制造,2026-09-15T16:08:20.726521+00:00
蕊迪光通信科技（中山）有限公司,中山市南区渡头村渡兴东路73号,广东省,中山市,中山市,"光通信器材、设备,光纤光缆,技术咨询服务,货物及技术进出口",甘**,00000000000,200.0,200万人民币,存续,,"通信系统设备制造,其他未列明制造业",80.0,enterprise,true,approved,tianxiagongchang.com,2137703,https://www.tianxiagongchang.com/detail/2137703_rui-di-guang-tong-xin-ke-ji-zhong-shan-you-xian-gong-si,光通信,91442000MA4W788Q7P,2017-02-14,,4,2,"存续,真实工厂,曾用名,蕊迪光通讯科技（中山）有限公司","通信系统设备制造,其他未列明制造业",2026-09-15T16:08:20.726521+00:00
宁波新恒光通信设备有限公司,浙江省慈溪市观海卫镇昌兴村,浙江省,宁波市,慈溪市,"光通信设备及其配件,家用电器,电器配件,五金配件,塑料制品制造、加工,自营和代理货物和技术的进出口",沈*,00000000000,200.0,200万人民币,存续,,"通信终端设备制造,通信系统设备制造",80.0,enterprise,true,approved,tianxiagongchang.com,3424518,https://www.tianxiagongchang.com/detail/3424518_ning-bo-xin-heng-guang-tong-xin-she-bei-you-xian-gong-si,光通信,91330282MA2815D26M,2015-11-11,,5,1,"存续,真实工厂","通信终端设备制造,通信系统设备制造",2026-09-15T16:08:20.726521+00:00
武汉锐创光通信科技有限公司,武汉市东湖新技术开发区高新四路40号葛洲坝太阳城4栋4层02室,湖北省,武汉市,江夏区,"光通信器件,通信设备(专营除外）,网络产品,软件的开发、生产、销售及售后服务",江**,00000000000,50.0,50万人民币,存续,,"光电子器件制造,其他电子设备制造",80.0,enterprise,true,approved,tianxiagongchang.com,1451306,https://www.tianxiagongchang.com/detail/1451306_wu-han-rui-chuang-guang-tong-xin-ke-ji-you-xian-gong-si,光通信,91420100562315653H,2010-10-08,http://www.sinxon.com,4,2,"存续,真实工厂","光电子器件制造,其他电子设备制造",2026-09-15T16:08:20.726521+00:00
深圳市振兴光通信股份有限公司东莞分公司,广东省东莞市凤岗镇东深路凤岗段208号凤岗天安数码城6号楼1103室,广东省,东莞市,东莞市,"工业交换机,工业光纤收发器,多媒体通信产品,光通信产品,计算机信息系统集成,软件开发销售,工业交换机,工业光纤收发器,多媒体通信产品,光通信产品",周**,00000000000,,,存续,,"其他电子元件制造,电子器件制造",80.0,enterprise,true,approved,tianxiagongchang.com,2495107,https://www.tianxiagongchang.com/detail/2495107_shen-zhen-shi-zhen-xing-guang-tong-xin-gu-fen-you-xian-gong-si-dong-guan-fen-gong-si,光通信,91441900MA540D7L1K,2019-11-05,,4,1,"存续,真实工厂","其他电子元件制造,电子器件制造",2026-09-15T16:08:20.726521+00:00
新菲光通信技术有限公司,深圳市光明区凤凰街道东坑社区凤归路3号2栋五层,广东省,深圳市,光明区,"光学影像模组,光学光电元器件,光通信模块,光器件,光组件,通讯子系统,电子元器件,显示器件,国内贸易,经营进出口业务,光学影像模组,光学光电元器件,光通信模块,光器件,光组件,通讯子系统,电子元器件,显示器件",蔡**,00000000000,10144.81,10144.811189万人民币,存续,,"光电子器件制造,其他电子器件制造",80.0,enterprise,true,approved,tianxiagongchang.com,2626328,https://www.tianxiagongchang.com/detail/2626328_xin-fei-guang-tong-xin-ji-shu-you-xian-gong-si,光通信,91440300MA5GEKL64K,2020-10-20,https://www.npcfast.com?type=1,1,0,"存续,真实工厂","光电子器件制造,其他电子器件制造",2026-09-15T16:08:20.726521+00:00
安徽天凯光通信技术有限公司,安徽省淮北市濉溪县经济开发区海棠路一号,安徽省,淮北市,濉溪县,"光通信产品研发、生产、销售,自营和代理各类商品和技术的进出口业务,钣金件,注塑件,生产、销售",张*,00000000000,1100.0,1100万人民币,存续,,"电气机械和器材制造业,电线、电缆、光缆及电工器材制造,光缆制造,广播电视接收设备制造",80.0,enterprise,true,approved,tianxiagongchang.com,3804268,https://www.tianxiagongchang.com/detail/3804268_an-hui-tian-kai-guang-tong-xin-ji-shu-you-xian-gong-si,光通信,91340621MA2T140T0N,2018-08-27,,6,0,"存续,真实工厂","电气机械和器材制造业,电线、电缆、光缆及电工器材制造,光缆制造,广播电视接收设备制造",2026-09-15T16:08:20.726521+00:00
宜宾市华迅光通信有限公司,四川省宜宾市临港经开区兴港路西段134号智能终端产业园B区4号楼（自主申报告知承诺）,四川省,宜宾市,叙州区,"货物进出口,技术进出口,进出口代理,技术服务,技术开发,技术咨询,技术交流,技术转让,技术推广,物联网技术研发,物联网应用服务,大数据服务,信息系统集成服务,集成电路设计,集成电路销售,集成电路芯片及产品销售,仪器仪表制造,仪器仪表销售,光通信设备制造,光通信设备销售,通信设备制造,通信设备销售,移动通信设备制造,移动通信设备销售,网络设备制造,网络设备销售,电子元器件制造,电子元器件与机电组件设备销售",张*,00000000000,5000.0,5000万人民币,存续,,"通信终端设备制造,电信、广播电视和卫星传输服务,电信,其他电信服务",80.0,enterprise,true,approved,tianxiagongchang.com,4043310,https://www.tianxiagongchang.com/detail/4043310_yi-bin-shi-hua-xun-guang-tong-xin-you-xian-gong-si,光通信,91511500MA65RF254F,2021-05-28,http://www.ccomtech.cn,3,0,"存续,真实工厂","通信终端设备制造,电信、广播电视和卫星传输服务,电信,其他电信服务",2026-09-15T16:08:20.726521+00:00
四川省峰霖光通信有限公司,四川省眉山市洪雅县将军镇胜科路二段1号附11号,四川省,眉山市,洪雅县,"大数据服务,信息系统集成服务,集成电路设计,集成电路销售,集成电路芯片及产品销售,光通信设备制造,光通信设备销售,通信设备制造,通信设备销售,移动通信设备制造,移动通信设备销售,网络设备制造,网络设备销售,电子元器件制造,电子元器件与机电组件设备制造,电子元器件与机电组件设备销售,光纤销售,通讯设备销售,5G通信技术服务,光缆制造,光缆销售",车**,00000000000,1000.0,1000万人民币,存续,,"其他电子元件制造,通信终端设备制造",80.0,enterprise,true,approved,tianxiagongchang.com,639020,https://www.tianxiagongchang.com/detail/639020_si-chuan-sheng-feng-lin-guang-tong-xin-you-xian-gong-si,光通信,91511423MA7FMD6665,2021-12-20,,2,0,"存续,真实工厂","其他电子元件制造,通信终端设备制造",2026-09-15T16:08:20.726521+00:00
吉林富通光通信有限公司,长春市高新开发区创信街81号,吉林省,长春市,朝阳区,"通信光缆,通信电缆,光通信配套产品,电信通信器材,经销办公自动化设备,电子产品,金属材料,通信技术咨询服务",侯*,00000000000,1000.0,1000万人民币,存续,,"通信系统设备制造,电线、电缆、光缆及电工器材制造",80.0,enterprise,true,approved,tianxiagongchang.com,2083624,https://www.tianxiagongchang.com/detail/2083624_ji-lin-fu-tong-guang-tong-xin-you-xian-gong-si,光通信,912201017153532212,1999-11-11,,6,0,"存续,真实工厂","通信系统设备制造,电线、电缆、光缆及电工器材制造",2026-09-15T16:08:20.726521+00:00
河间市亚兴通讯器材有限公司,河北省沧州市河间市留古寺镇后留古寺村大河路与留卧路交叉口南120米,河北省,沧州市,河间市,"扁钢,仪器仪表,光缆,七孔梅花管,单槽夹板,机柜,桥架,水泥杆,适配器,水泥板,光缆预留支架,线槽,机箱,绝缘子,五孔梅花管,圆钢,过道顶管,槽钢,带钢,塑料管材,尾纤,单吊抱箍,光分路器,U型抱箍,交接箱,钢绞线,电力横担,拉线抱箍,拉线地锚,监控设备,井盖,架空线路铁件,通讯线路器材,光缆挂钩,光纤跳线,钢管加工销售,电线电缆,塑料管件,角钢,木杆,三色子管,波纹管,光纤入户通信产品,镀锌钢绞线,分线箱,通信电力器材铁件,电源,双槽夹板",闫**,00000000000,5050.0,5050万人民币,存续,,"金属丝绳及其制品制造,通信系统设备制造",80.0,enterprise,true,approved,tianxiagongchang.com,1666205,https://www.tianxiagongchang.com/detail/1666205_he-jian-shi-ya-xing-tong-xun-qi-cai-you-xian-gong-si,光纤跳线,911309847524244553,2003-07-29,,7,1,"存续,真实工厂","金属丝绳及其制品制造,通信系统设备制造",2026-09-15T16:08:20.726521+00:00
扬州市鸿飞通信科技有限公司,扬州市江都区浦头镇长青路6号,江苏省,扬州市,江都区,"馈线接头保护盒,光纤跳线,走线槽,电子接插件,通信桥架,安装及售后服务,制造,接地铜排,桥架,通信器材的研发,机电安装,普通货物运输,通信器材,电力桥架安装,销售",吉**,00000000000,5180.0,5180万人民币,存续,,"通信系统设备制造,其他未列明制造业",80.0,enterprise,true,approved,tianxiagongchang.com,2448898,https://www.tianxiagongchang.com/detail/2448898_yang-zhou-shi-hong-fei-tong-xin-ke-ji-you-xian-gong-si,光纤跳线,91321012560259037K,2010-08-09,http://www.yzhftx.cn,8,2,"存续,真实工厂,曾用名,江都市鸿飞通信科技有限公司","通信系统设备制造,其他未列明制造业",2026-09-15T16:08:20.726521+00:00
任丘市鸿远通讯器材有限公司,任丘市麻家坞镇北马庄村,河北省,沧州市,任丘市,"线路工具,通信,塑料管材,防盗门,光分路器,硅芯管,铝合金门窗,钢芯铝绞线,光缆终端盒,梅花管,保护套,安全交通设施,光纤配件,子管,电话线,穿孔器,脚手架,光纤快速连接器,防腐木杆,建筑材料,太阳能照明灯饰,光缆交接箱,交通监控器,口罩鼻梁条,管道井具,光缆分线箱,光纤跳线,网络机柜,钢绞线,阀门管件,通信钢管,办公用品,线路铁件,防静电地板,货物进出口,铜丝,光缆接头盒,脚手架配件,网络专用箱,电缆挂架,水暖管材,电缆挂钩,穿钉,电力金具,通讯光缆,保温材料,走线架,交通标志杆,GPON网络无光源光分配网产品,防水材料,信号灯杆,传媒节目,耗材,劳保用品,铝丝,铁线,五金机电,蝶形光缆,电缆电线,广电,波纹管",马**,00000000000,5800.0,5800万人民币,存续,,"电线、电缆制造,其他电子元件制造",80.0,enterprise,true,approved,tianxiagongchang.com,2561732,https://www.tianxiagongchang.com/detail/2561732_ren-qiu-shi-hong-yuan-tong-xun-qi-cai-you-xian-gong-si,光纤跳线,911309820748754249,2013-08-02,https://www.hytxqc.com,14,2,"存续,真实工厂","电线、电缆制造,其他电子元件制造",2026-09-15T16:08:20.726521+00:00
华兴新锐通信科技集团有限公司,河间（省级）经济技术开发区,河北省,沧州市,河间市,"尾纤,户外机柜,综合信息箱,信息面板,光纤跳线,衰减器,镀锌钢绞线,光缆接头盒,光分路器,金属铠装光纤系列,数字通信缆系列,分纤箱皮线光缆光纤跳线仪器仪表,网络机柜,光缆终端盒,铁附件,FTTx通信系列,光纤分纤箱,光缆交接箱,适配器",阎**,00000000000,10266.0,10266万人民币,存续,,"光纤制造,其他通用仪器制造",80.0,enterprise,true,approved,tianxiagongchang.com,2698053,https://www.tianxiagongchang.com/detail/2698053_hua-xing-xin-rui-tong-xin-ke-ji-ji-tuan-you-xian-gong-si,光纤跳线,911309845713018432,2011-03-18,https://www.hxxrgroup.com,50,2,"存续,真实工厂,曾用名,河北华兴新锐通信科技有限公司","光纤制造,其他通用仪器制造",2026-09-15T16:08:20.726521+00:00
任丘市金耀通讯器材有限公司,河北省沧州市任丘市麻家坞镇麻家坞一村,河北省,沧州市,任丘市,"填充母料,皮线光缆,波纹管,机顶盒,子管,油木杆,法兰,分路器,轮盘,钢绞线,抱箍,光纤跳线,冷接子,销售：梅花管,线路铁件,光交箱,分纤箱,交联聚乙烯绝缘料,梅花管,生产,电缆挂钩,夹板,接续盒,终端盒",郭**,00000000000,5100.0,5100万人民币,存续,,"塑料零件及其他塑料制品制造,通信终端设备制造",80.0,enterprise,true,approved,tianxiagongchang.com,3040315,https://www.tianxiagongchang.com/detail/3040315_ren-qiu-shi-jin-yao-tong-xun-qi-cai-you-xian-gong-si,光纤跳线,91130982MA08NL8T58,2017-06-15,,1,1,"存续,真实工厂","塑料零件及其他塑料制品制造,通信终端设备制造",2026-09-15T16:08:20.726521+00:00
兴宇通信科技（吉林）有限公司,吉林省延边州珲春东北亚光电产业园3号综合厂房,吉林省,吉林市,舒兰市,"通信设备制造,光电器件,光纤适配器,光纤跳线,普通道路货运输,进出口贸易",范*,00000000000,2000.0,2000万人民币,存续,,通信系统设备制造,80.0,enterprise,true,approved,tianxiagongchang.com,1153629,https://www.tianxiagongchang.com/detail/1153629_xing-yu-tong-xin-ke-ji-ji-lin-you-xian-gong-si,光纤跳线,91222404MA1733EP39,2019-04-30,,3,1,"存续,真实工厂",通信系统设备制造,2026-09-15T16:08:20.726521+00:00
安徽省皖创通信科技有限公司,安徽省安庆市太湖县经济开发区纬一路5号,安徽省,安庆市,太湖县,"光纤通信工程产品,光纤耗材,光纤跳线,光纤分路器,光纤波分复用器,波分复用器,光模块,MPO／MTP万兆跳线,PLC光分路器,光纤跳线,网络线,光纤阵列,通信机柜机箱,通信光缆,野战光缆,光纤收发器",金**,00000000000,1000.0,1000万人民币,存续,,"其他电子元件制造,其他未列明制造业",80.0,enterprise,true,approved,tianxiagongchang.com,614492,https://www.tianxiagongchang.com/detail/614492_an-hui-sheng-wan-chuang-tong-xin-ke-ji-you-xian-gong-si,光纤跳线,91340825MA2RWQKLX9,2018-07-17,http://www.wctxtech.com,6,1,"存续,真实工厂","其他电子元件制造,其他未列明制造业",2026-09-15T16:08:20.726521+00:00
鹰潭明康通信技术有限公司,江西省鹰潭市高新技术产业开发区云芯路8号,江西省,鹰潭市,月湖区,"配件销售,电线电缆,光纤光缆,光纤适配器,机电设备,电脑及配件,光配设备,技术转让,有源光纤连接器件,技术服务,光纤跳线,通讯器材,通信技术开发,光分路器,技术咨询,光衰减器)加工及销售",李*,00000000000,625.0,625万人民币,存续,,"光纤制造,电子器件制造",80.0,enterprise,true,approved,tianxiagongchang.com,663914,https://www.tianxiagongchang.com/detail/663914_ying-tan-ming-kang-tong-xin-ji-shu-you-xian-gong-si,光纤跳线,913606000634749403,2013-03-13,,8,1,"存续,真实工厂","光纤制造,电子器件制造",2026-09-15T16:08:20.726521+00:00
江西贸联精密电子科技有限公司,江西省吉安市遂川县工业园区东区,江西省,吉安市,遂川县,"电脑及通讯连接线,连接器,光纤跳线技术开发、生产、销售",宗*,00000000000,1000.0,1000万人民币,存续,,电子器件制造,80.0,enterprise,true,approved,tianxiagongchang.com,932233,https://www.tianxiagongchang.com/detail/932233_jiang-xi-mao-lian-jing-mi-dian-zi-ke-ji-you-xian-gong-si,光纤跳线,91360827MA35LD4619,2016-11-23,,6,2,"存续,真实工厂",电子器件制造,2026-09-15T16:08:20.726521+00:00
河北光宇通信设备有限公司,河北省石家庄市藁城区常安镇东辛庄村村北50米,河北省,石家庄市,藁城区,"其他电子器件制造,光缆及配件,光纤跳线,通信设备,光电子器件,电线、电缆销售,通信铁塔工程施工,通信工程设计及施工,通信设备安装及维护,生产性、生活性废旧金属,废旧通信设备,电力设备,电子产品,货物或技术进出口",张*,00000000000,1000.0,1000万人民币,存续,,其他电子器件制造,80.0,enterprise,true,approved,tianxiagongchang.com,1188202,https://www.tianxiagongchang.com/detail/1188202_he-bei-guang-yu-tong-xin-she-bei-you-xian-gong-si,光纤跳线,91130182MA0EJPFR85,2020-03-02,,1,1,"存续,真实工厂",其他电子器件制造,2026-09-15T16:08:20.726521+00:00
武汉鑫红旗电线电缆有限公司,武汉市蔡甸区张湾街白湖新村特1号,湖北省,武汉市,蔡甸区,"线路器材,电缆附件加工,高低压电器元件销售,电线电缆,制造及销售,五金电器,电器成套设备",孟**,00000000000,10018.0,10018万人民币,存续,,"电线、电缆、光缆及电工器材制造,电气设备批发",80.0,enterprise,true,approved,tianxiagongchang.com,374032,https://www.tianxiagongchang.com/detail/374032_wu-han-xin-hong-qi-dian-xian-dian-lan-you-xian-gong-si,电线电缆,91420112663497222H,2007-08-20,http://www.xhqdl.cn,6,2,"存续,真实工厂","电线、电缆、光缆及电工器材制造,电气设备批发",2026-09-15T16:08:20.726521+00:00
江西双帝电线电缆有限公司,江西省南昌市南昌县小蓝经济技术开发区金沙南一路868号,江西省,南昌市,南昌县,"南昌电线电缆,双帝电线电缆,双帝电线电缆,通用橡套电缆,矿用电缆,船用电缆,电力电缆,控制电缆,民用电缆,特种电缆,通用橡套电缆,矿用电缆,船用电缆,电力电缆,控制电缆,民用电缆,特种电缆",张**,00000000000,10068.0,10068万人民币,存续,,"电线、电缆制造,货摊、无店铺及其他零售业",80.0,enterprise,true,approved,tianxiagongchang.com,468988,https://www.tianxiagongchang.com/detail/468988_jiang-xi-shuang-di-dian-xian-dian-lan-you-xian-gong-si,电线电缆,91360121698451996J,2009-11-04,https://www.sddxdl.com,10,2,"存续,真实工厂,曾用名,南昌县双帝电线电缆有限公司","电线、电缆制造,货摊、无店铺及其他零售业",2026-09-15T16:08:20.726521+00:00
西安鑫川电线电缆有限公司,西安市未央区常青二路高山流水幸福快车4幢1单元18层11806号房,陕西省,西安市,未央区,"水暖器材,电线电缆,卫生洁具,桥架,钢材,电料,劳保用品,电力器材,机电设备的销售,铝材,五金机电",王**,00000000000,10200.0,10200万人民币,存续,,其他信息技术服务业,80.0,enterprise,true,approved,tianxiagongchang.com,549863,https://www.tianxiagongchang.com/detail/549863_xi-an-xin-chuan-dian-xian-dian-lan-you-xian-gong-si,电线电缆,91610112556994602U,2010-08-16,,19,1,"存续,真实工厂",其他信息技术服务业,2026-09-15T16:08:20.726521+00:00
重庆九州金龙电线电缆有限公司,重庆市永川区三教镇(重庆永川国家高新区三教产业园内）,重庆市,重庆市,永川区,"电线,电缆,铜线,铝线,电线电缆配件,配电箱,开关柜,配电屏,线缆桥架,开关,插座,塑料制品,五金制品,电器仪表,技术服务,普通道路货运",刘**,00000000000,15202.2,15202.2万人民币,存续,,"电线、电缆制造,机械设备、五金产品及电子产品批发",80.0,enterprise,true,approved,tianxiagongchang.com,599349,https://www.tianxiagongchang.com/detail/599349_chong-qing-jiu-zhou-jin-long-dian-xian-dian-lan-you-xian-gong-si,电线电缆,91500118MA60LM5M4N,2019-11-08,http://www.jinlongxl.com,3,1,"存续,真实工厂","电线、电缆制造,机械设备、五金产品及电子产品批发",2026-09-15T16:08:20.726521+00:00
天津市冠宇电线电缆有限公司,天津市静海区静海镇大河滩村独静路与大河滩路交口西200米,天津市,天津市,静海区,"电线电缆,大型电线电缆",沈**,00000000000,10000.0,10000万人民币,存续,,电线、电缆制造,80.0,enterprise,true,approved,tianxiagongchang.com,627177,https://www.tianxiagongchang.com/detail/627177_tian-jin-shi-guan-yu-dian-xian-dian-lan-you-xian-gong-si,电线电缆,91120223697432742B,2009-12-17,,13,2,"存续,真实工厂",电线、电缆制造,2026-09-15T16:08:20.726521+00:00
天津市津成电线电缆有限公司,天津市静海经济开发区和山路6号,天津市,天津市,静海区,"氟塑料电缆,耐火型,裸电线,低烟无卤型,隔氧层型,橡套电缆,特种电缆,认证”,35KV,电力电缆,电气装备用线缆,高压电力电塑力电缆控制电缆电力装备用,以下交联电缆,硅橡胶电缆,3C,矿用电缆,耐高温型,消防产品安全认证”,通信电缆,控制电缆,电线电缆,集成型,阻燃型,分支电缆",孙**,00000000000,20000.0,20000万人民币,存续,,"电线、电缆制造,广播电视节目制作及发射设备制造",80.0,enterprise,true,approved,tianxiagongchang.com,772701,https://www.tianxiagongchang.com/detail/772701_tian-jin-shi-jin-cheng-dian-xian-dian-lan-you-xian-gong-si,电线电缆,91120223712846012B,1999-02-09,http://www.jinch.com.cn,96,3,"存续,真实工厂","电线、电缆制造,广播电视节目制作及发射设备制造",2026-09-15T16:08:20.726521+00:00
河南省中奇电线电缆有限公司,河南省新乡市新乡县大召营镇富康路与文召路交叉口向西118米路南1号,河南省,新乡市,新乡县,"6KV以下电线电缆生产销售、施工、安装及调试、铜杆、铝杆,塑料（厚度小于0.025毫米的塑料购物袋除外）,橡胶,电力金具,五金建材,电缆附件,电缆桥架,工业用开关,插座,电器,电器成套设备,安全防护设备,农业灌溉设备,水利水电设备,高低压电器设备,电气设备,消防设施施工,调试及售后服务",李**,00000000000,7760.0,7760万人民币,存续,,电线、电缆制造,80.0,enterprise,true,approved,tianxiagongchang.com,808358,https://www.tianxiagongchang.com/detail/808358_he-nan-sheng-zhong-qi-dian-xian-dian-lan-you-xian-gong-si,电线电缆,91410526317396605U,2014-12-16,,4,1,"存续,真实工厂",电线、电缆制造,2026-09-15T16:08:20.726521+00:00
沈阳玖龙电线电缆有限公司,辽宁省沈抚新区太平洋工业城内53号地块,辽宁省,沈阳市,沈北新区,"电线电缆,电缆桥架,高低压配电柜制造、销售,电工圆铜线加工,五金,建材,电工穿线管,电料,电器开关销售",高**,00000000000,11118.0,11118万人民币,存续,,电线、电缆制造,80.0,enterprise,true,approved,tianxiagongchang.com,1201918,https://www.tianxiagongchang.com/detail/1201918_shen-yang-jiu-long-dian-xian-dian-lan-you-xian-gong-si,电线电缆,912104000958575912,2014-03-31,,8,1,"存续,真实工厂",电线、电缆制造,2026-09-15T16:08:20.726521+00:00
重庆三峡电线电缆科技股份有限公司,重庆市江津区珞璜镇中兴大道16号,重庆市,重庆市,江津区,"试生产：电线电缆,货物及技术进出口业务,销售：电线电缆,加工,高低压成套开关设备,销售：高低压成套开关设备,[以上范围法律法规禁止经营的不得经营,电线电缆,仓储服务,法律法规规定应经审批而未获审批前不得经营],本企业自有房屋租赁",何**,00000000000,35000.0,35000万人民币,存续,,电线、电缆制造,80.0,enterprise,true,approved,tianxiagongchang.com,1325728,https://www.tianxiagongchang.com/detail/1325728_chong-qing-san-xia-dian-xian-dian-lan-ke-ji-gu-fen-you-xian-gong-si,电线电缆,91500116078836617G,2013-10-10,http://www.cqlbzb.com,12,1,"存续,真实工厂,曾用名,重庆联邦中北电缆股份有限公司",电线、电缆制造,2026-09-15T16:08:20.726521+00:00
重庆市鸿盛电线电缆有限公司,重庆市江津区珞璜工业园B区马南大道23号,重庆市,重庆市,江津区,"阻燃电缆,控制电缆,电力电缆,聚氯乙烯控制电缆,聚氯乙烯绝缘电线,电线,无卤低烟电缆,精密的检测设备,布点线,电线电缆,各类特种电线电缆,电缆,交联聚乙烯电力电缆,矿物质系列产品,聚氯乙烯绝缘电力电缆,低烟无卤电力电缆电线,耐火电缆",谢**,00000000000,11000.0,11000万人民币,存续,,电线、电缆制造,80.0,enterprise,true,approved,tianxiagongchang.com,1432801,https://www.tianxiagongchang.com/detail/1432801_chong-qing-shi-hong-sheng-dian-xian-dian-lan-you-xian-gong-si,电线电缆,915001162039424873,1997-06-26,,16,2,"存续,真实工厂",电线、电缆制造,2026-09-15T16:08:20.726521+00:00
东莞市有容蒂康线缆组件有限公司,东莞市寮步镇西溪观山工业区,广东省,东莞市,东莞市,"销售：线缆组件,线缆组件,生产,电缆组件,加工",秦*,00000000000,100.0,100万,存续,,"其他通用设备制造业,电气机械和器材制造业,电线、电缆、光缆及电工器材制造,电线、电缆制造",80.0,enterprise,true,approved,tianxiagongchang.com,3680738,https://www.tianxiagongchang.com/detail/3680738_dong-guan-shi-you-rong-di-kang-xian-lan-zu-jian-you-xian-gong-si,电缆组件,9144190059009179XW,2012-02-16,,9,0,"存续,真实工厂","其他通用设备制造业,电气机械和器材制造业,电线、电缆、光缆及电工器材制造,电线、电缆制造",2026-09-15T16:08:20.726521+00:00
西安富士达线缆有限公司,西安市高新技术产业开发区创业园发展中心科技企业加速器草堂二区13号厂房,陕西省,西安市,鄠邑区,"特种电线,新型电子元器件,射频电缆,电缆组件,通讯,原材料,频率元器件",李**,00000000000,1687.5,1687.5万人民币,存续,,其他电气机械及器材制造,80.0,enterprise,true,approved,tianxiagongchang.com,264739,https://www.tianxiagongchang.com/detail/264739_xi-an-fu-shi-da-xian-lan-you-xian-gong-si,电缆组件,91610131668697741T,2008-03-20,https://www.forstarcable.com,11,1,"存续,真实工厂",其他电气机械及器材制造,2026-09-15T16:08:20.726521+00:00
宣城早川电子有限公司,安徽省宣城经济技术开发区莲塘路与三棵树路交叉口35号,安徽省,宣城市,宣州区,"生产,自营或代理各类商品,技术进出口业务,电缆组件,销售电线,线束电线电缆LED灯具",杨**,00000000000,1500.0,1500万人民币,存续,,"电力电子元器件制造,电线、电缆制造",80.0,enterprise,true,approved,tianxiagongchang.com,665812,https://www.tianxiagongchang.com/detail/665812_xuan-cheng-zao-chuan-dian-zi-you-xian-gong-si,电缆组件,91341802698975968N,2009-12-10,,11,2,"存续,真实工厂","电力电子元器件制造,电线、电缆制造",2026-09-15T16:08:20.726521+00:00
安徽建勋科技有限公司,安徽省马鞍山市当涂县经济开发区永兴北路11号,安徽省,马鞍山市,当涂县,"检测设备,仪器仪表的技术开发,技术咨询,技术服务,技术转让,汽车零部件,模具,金属制品,橡塑制品,电力电子元器件,电线电缆组件,配电开关控制设备,工业自动控制系统装置设备,测量设备的检测服务,机器人集成系统研发,货物或技术进出口,道路普通货运,房屋租赁",向**,00000000000,3000.0,3000万人民币,存续,,"汽车零部件及配件制造,塑料板、管、型材制造",80.0,enterprise,true,approved,tianxiagongchang.com,840748,https://www.tianxiagongchang.com/detail/840748_an-hui-jian-xun-ke-ji-you-xian-gong-si,电缆组件,91340521MA2T631K88,2018-10-25,,4,1,"存续,真实工厂","汽车零部件及配件制造,塑料板、管、型材制造",2026-09-15T16:08:20.726521+00:00
常州市新盛电器有限公司,武进区洛阳镇工业园区,江苏省,常州市,武进区,"射频同轴连接器,光纤连接器,电缆组件,电缆组件120万条,铜材3000吨,光纤连接器500万件,光跳线300万根,PLC光分路器件,馈线避雷器,PLC光分路,馈线连接器2500万件,加工,跳线,馈线避雷器200万件,机械,工业",谈**,00000000000,5000.0,5000万人民币,存续,,"其他电子元件制造,工业自动控制系统装置制造",80.0,enterprise,true,approved,tianxiagongchang.com,2556348,https://www.tianxiagongchang.com/detail/2556348_chang-zhou-shi-xin-sheng-dian-qi-you-xian-gong-si,电缆组件,91320412730091282D,2001-03-20,https://www.xinsheng-elec.com,35,1,"存续,真实工厂","其他电子元件制造,工业自动控制系统装置制造",2026-09-15T16:08:20.726521+00:00
江苏永鼎光电子技术有限公司,苏州市吴江区黎里镇318国道74K处芦墟段北侧,江苏省,苏州市,吴江区,"信息科技领域内光电器件的研发、生产、销售和相关技术服务,通信设备及配件,光模块,芯片,通信电源,电源模块,光缆,光缆组件,电缆,电缆组件（不含橡塑）,金属机柜,电子产品及配件,电子元器件,仪器仪表,连接器件（不含橡塑）,机电设备,信息系统的工程设计、施工,信息系统集成服务,商务信息咨询,计算机软、硬件研发,自营和代理各类商品及技术的进出口业务",李*,00000000000,2000.0,2000万人民币,存续,,"通信系统设备制造,电子器件制造",80.0,enterprise,true,approved,tianxiagongchang.com,2822660,https://www.tianxiagongchang.com/detail/2822660_jiang-su-yong-ding-guang-dian-zi-ji-shu-you-xian-gong-si,电缆组件,91320509MA1YA5LE6N,2019-04-25,,6,1,"存续,真实工厂","通信系统设备制造,电子器件制造",2026-09-15T16:08:20.726521+00:00
陕西宏达电子科技有限责任公司,陕西省西安市高新区唐延南路东侧逸翠园-西安（二期）第4幢1单元9-10层11036号房,陕西省,西安市,雁塔区,"通讯器材,计算机软件开发,电子元器件及通讯器材销售,机械配件加工,射频电缆组件,微矩形电连接器,电子元器件,圆形电连接器,波导,射频同轴连接器",杨*,00000000000,1500.0,1500万人民币,存续,,机械设备、五金产品及电子产品批发,80.0,enterprise,true,approved,tianxiagongchang.com,3103803,https://www.tianxiagongchang.com/detail/3103803_shan-xi-hong-da-dian-zi-ke-ji-you-xian-ze-ren-gong-si,电缆组件,91610000727374505M,2001-06-21,,6,2,"存续,真实工厂",机械设备、五金产品及电子产品批发,2026-09-15T16:08:20.726521+00:00
滁州润翰微波科技有限公司,安徽省滁州市琅琊经济开发区104国道滁东段877号,安徽省,滁州市,琅琊区,"通信电缆,光缆,连接器,电缆组件,无源有源器件,射频微波系统,测试系统,机械零部件加工,电子材料,仪器仪表的销售,机械设备租赁及销售,货物及技术的进出口业务",李**,00000000000,5000.0,5000万人民币,存续,,"雷达及配套设备制造,电气机械和器材制造业,电线、电缆、光缆及电工器材制造,电线、电缆制造,提供施工设备服务",80.0,enterprise,true,approved,tianxiagongchang.com,3815980,https://www.tianxiagongchang.com/detail/3815980_chu-zhou-run-han-wei-bo-ke-ji-you-xian-gong-si,电缆组件,91341102MA2U60M78H,2019-10-09,http://www.runhan-ks.com,6,4,"存续,真实工厂","雷达及配套设备制造,电气机械和器材制造业,电线、电缆、光缆及电工器材制造,电线、电缆制造,提供施工设备服务",2026-09-15T16:08:20.726521+00:00
北京启航凯博科技有限公司,北京市大兴区马朱路长子营段16号院10号楼,北京市,北京市,大兴区,"技术咨询,销售机械设备,传感器,委托加工电工器材,技术开发,技术推广,制造电缆组件,技术服务,技术转让,电气设备,五金交电,销售五金交电,电子产品",冉*,00000000000,3110.0,3110万人民币,存续,,"航天相关设备制造,科技推广和应用服务业,其他科技推广服务业",80.0,enterprise,true,approved,tianxiagongchang.com,3845604,https://www.tianxiagongchang.com/detail/3845604_bei-jing-qi-hang-kai-bo-ke-ji-you-xian-gong-si,电缆组件,911101155906247285,2012-02-24,,10,4,"存续,真实工厂","航天相关设备制造,科技推广和应用服务业,其他科技推广服务业",2026-09-15T16:08:20.726521+00:00
江苏正迪微波技术有限公司,镇江市新区潘宗路鑫鼎茂工业园5#楼5层,江苏省,镇江市,,"微波技术的研发,连接器,接插件,电缆组件,线束,微波器件,天线,电线电缆,电子元器件,五金配件",简**,00000000000,1001.0,1001万人民币,存续,,计算机、通信和其他电子设备制造业,80.0,enterprise,true,approved,tianxiagongchang.com,4174640,https://www.tianxiagongchang.com/detail/4174640_jiang-su-zheng-di-wei-bo-ji-shu-you-xian-gong-si,电缆组件,91321191MA1NGB3P0H,2017-03-02,http://www.zdecl.com,5,2,存续,计算机、通信和其他电子设备制造业,2026-09-15T16:08:20.726521+00:00
雅发开关电源制品（深圳）有限公司,深圳市宝安区沙井街道万丰98工业城八栋厂房,广东省,深圳市,宝安区,"传声器,充电器,生产经营电感线圈,微型电感,五金电子制品,线路板装配,代压器,塑胶电子制品,设计,变压器,电感线圈",黎**,00000000000,200.0,200万港元,存续,,其他电子器件制造,80.0,enterprise,true,approved,tianxiagongchang.com,2100147,https://www.tianxiagongchang.com/detail/2100147_ya-fa-kai-guan-dian-yuan-zhi-pin-shen-zhen-you-xian-gong-si,开关电源,914403005956912252,2012-05-30,,6,0,"存续,真实工厂",其他电子器件制造,2026-09-15T16:08:20.726521+00:00
双登集团股份有限公司,姜堰经济开发区天目西路999号,江苏省,泰州市,姜堰区,"自营和代理各类商品及技术的进出口业务,技术咨询,技术转让,电源系统集成产品,研发,阀控电池,锂离子电池及充电装置,动力设备,提供技术服务,UPS,蓄电池空调仓,有形动产租赁,高频开关电源,节约能源技术研发,生产与销售高容量密封免维护铅酸蓄电池,绿色储能集成服务,生产与销售无汞碱锰电池,新能源及材料,通信机房基站节能产品,不动产租赁,电子设备,电子电源设备",杨*,00000000000,42560.95,42560.95万人民币,存续,,"铅蓄电池制造,雷达及配套设备制造",80.0,enterprise,true,approved,tianxiagongchang.com,83987,https://www.tianxiagongchang.com/detail/83987_shuang-deng-ji-tuan-gu-fen-you-xian-gong-si,开关电源,913212005884511277,2011-12-28,https://www.shuangdeng.com.cn,54,1,"存续,真实工厂,曾用名,江苏双登股份有限公司","铅蓄电池制造,雷达及配套设备制造",2026-09-15T16:08:20.726521+00:00
浙江茗柜电气有限公司,浙江省温州市乐清市柳市镇黄华关村（乐清市通用机械制造公司内）（一照多址）,浙江省,温州市,乐清市,"高低压电器及配件,配电箱,开关电源,电气成套设备,电子元器件,断路器,电线电缆,电力金具,仪器仪表,照明灯具,五金件,塑料件制造,货物进出口,技术进出口",黄**,00000000000,5080.0,5080万人民币,存续,,"输配电及控制设备制造,配电开关控制设备制造",80.0,enterprise,true,approved,tianxiagongchang.com,1281809,https://www.tianxiagongchang.com/detail/1281809_zhe-jiang-ming-gui-dian-qi-you-xian-gong-si,开关电源,91330382MA29AED8XH,2018-01-09,http://www.cnmgui.com,8,1,"存续,真实工厂","输配电及控制设备制造,配电开关控制设备制造",2026-09-15T16:08:20.726521+00:00
湖南炬神电子有限公司,湖南省郴州市有色金属产业园区台湾工业园第15、16、17幢,湖南省,郴州市,苏仙区,"开关电源研发、制造、销售,电源产品,高功率电源系列,AC/DC模块电源系列,有线电视电源系列,医疗用电源系列,高功率智能型电源系列,手机充电器,适配器系列,逆变器电源系列,公话系统电源,客规品电源系列",杨**,00000000000,6000.0,6000万人民币,存续,,"其他电子元件制造,其他电子器件制造",80.0,enterprise,true,approved,tianxiagongchang.com,1900811,https://www.tianxiagongchang.com/detail/1900811_hu-nan-ju-shen-dian-zi-you-xian-gong-si,开关电源,91431000582776588X,2011-09-29,http://www.giantsun.com,19,3,"存续,真实工厂","其他电子元件制造,其他电子器件制造",2026-09-15T16:08:20.726521+00:00
河北天维通信科技有限公司,河北省衡水市景县广川镇大枫林,河北省,衡水市,景县,"网络工程,发布国内户外广告业务,机电设备,通信设备,金属机械配件,配电设备,活动板房,通信铁塔,节能系列产品,铁塔基础,电子信息,通信美化罩,通信设备安装及销售,铁塔的销售,通信电源,公路护栏,土建施工,租赁,开关电源,塔桅的拆除及维护,通信工程,防雷接地网施工,维护,金属结构制造,通信工程施工,电力塔,设计制作代理国内广告业务,电力工程,美化机房,数据通信,桅杆产品,智慧灯杆,测风塔,灯塔杆,电视塔,通信基站安装,钢结构工程施工,钢结构安装及维护,增值电信业务,通信机柜,美化塔",马**,00000000000,5168.0,5168万人民币,存续,,金属结构制造,80.0,enterprise,true,approved,tianxiagongchang.com,3040778,https://www.tianxiagongchang.com/detail/3040778_he-bei-tian-wei-tong-xin-ke-ji-you-xian-gong-si,开关电源,911301000633586671,2013-03-01,,4,2,"存续,真实工厂,曾用名,河北天维钢结构有限公司 河北远海通信设备有限公司 河北远海建筑工程有限公司",金属结构制造,2026-09-15T16:08:20.726521+00:00
河南东海电气有限公司,河南省新乡市凤泉区产业集聚区科创路13号办公楼三楼,河南省,新乡市,卫滨区,"EPS电源,电力专用逆变电源5,直流专用继电器,镉镍,交直流电源柜,UPS电源,微机绝缘监察仪9,各种交直流配电柜6,高频开关电源模块,微机综合保护装置7,GNC,GZD系列微机控制高频开关直流电源柜2,微机监控器8,自动调压硅链装置,电池巡检仪,铅酸免维护蓄电池直流电源柜,BZGN-10S镉镍蓄电池直流电源柜3,GNZ镉镍中倍率碱性蓄电池4",郭**,00000000000,6000.0,6000万人民币,存续,,"发电机及发电机组制造,其他未列明电气机械及器材制造",80.0,enterprise,true,approved,tianxiagongchang.com,3440653,https://www.tianxiagongchang.com/detail/3440653_he-nan-dong-hai-dian-qi-you-xian-gong-si,开关电源,91410702798226913L,2007-01-19,http://www.xxdonghai.com,14,1,"存续,真实工厂","发电机及发电机组制造,其他未列明电气机械及器材制造",2026-09-15T16:08:20.726521+00:00
广州逆变新纪元科技有限公司,广州市番禺区石楼镇腾达东路22号（2#厂房）C座二楼,广东省,广州市,番禺区,"电子防伪系统技术开发,技术服务,教学设备的研究开发,机器人的技术研究、技术开发,人工智能算法软件的技术开发与技术服务,计算机技术开发,技术服务,电子、通信与自动控制技术研究、开发;工程和技术研究和试验发展,工程环保设施施工,环保设备批发,环保技术推广服务,环保技术开发服务,环保技术咨询、交流服务,环保技术转让服务,金属切割及焊接设备制造,教育咨询服务,软件批发,软件零售,软件开发,软件服务,软件测试服务,软件技术推广服务,金属制品修理,通用设备修理,专用设备修理,机器人修理,电气设备修理,开关电源修理,工业机器人制造,机器人系统生产,机器人销售,机器人系统销售,机器人系统技术服务,教学用模型及教具制造,教学专用仪器制造,智能电气设备制造,电气信号设备装置制造,电气机械制造,电气器材制造,电气设备批发,电气机械设备销售,电气设备零售,电气机械检测服务,电气防火技术检测服务,立体（高架）仓库存储系统及搬运设备制造,物料搬运设备零部件制造,电子工业专用设备制造,电力电子元器件制造,电子元件及组件制造,电子测量仪器制造,电子自动化工程安装服务,电子设备工程安装服务,电子元器件批发,电子产品批发,电子元器件零售,电子产品零售,电子产品检测,电子工程设计服务,电子产品设计服务,智能机器系统生产,智能化安装工程服务,智能机器系统销售,智能机器销售,智能机器系统技术服务,技术进出口,铸造机械制造,其他金属加工机械制造,液压和气压动力机械及元件制造,机械零部件加工,建筑材料生产专用机械制造,文教体育用品专用机械制造,电工机械专用设备制造,金属表面处理机械制造,其他金属处理机械制造,通用机械设备销售,机械配件零售,机械技术推广服务,机械技术开发服务,机械技术转让服务,机械设备专业清洗服务,船舶自动化、检测、监控系统制造,监控系统工程安装服务,压力管道及配件的制造;输油、输气管道工程施工服务,输水管道工程施工服务,输油、输气管道设施安装服务,输水管道设施安装服务,管道运输设备批发,金属切削机床制造,金属成形机床制造,机床附件制造,超声波焊接机制造, 射频识别（RFID）设备销售,专用设备销售,大气污染治理,环境保护专用设备制造,连续搬运设备制造,水处理设备制造,电容器及其配套设备制造,配电开关控制设备制造",刘**,00000000000,3000.0,3000万人民币,存续,,工程和技术研究和试验发展,80.0,enterprise,true,approved,tianxiagongchang.com,473367,https://www.tianxiagongchang.com/detail/473367_guang-zhou-ni-bian-xin-ji-yuan-ke-ji-you-xian-gong-si,开关电源,91440101MA5CLKQP6A,2019-01-30,,3,1,"存续,真实工厂",工程和技术研究和试验发展,2026-09-15T16:08:20.726521+00:00
浙江航通电气有限公司,浙江省温州市乐清市北白象镇水潭村佳苑路39号,浙江省,温州市,乐清市,"照明电器,机械设备及配件,销售,仪器仪表,货物进出口,塑料件,开关电源,电子元器件,交流接触器,塑壳断路器,继电器制造,加工,技术进出口,高低压电器成套设备及配件,电工器材,断路器,电线电缆,五金工具及配件,锁具,配电开关控制设备及配件,熔断器,稳压器,按钮开关,变压器,配电箱",王**,00000000000,1008.0,1008万人民币,存续,,配电开关控制设备制造,80.0,enterprise,true,approved,tianxiagongchang.com,637954,https://www.tianxiagongchang.com/detail/637954_zhe-jiang-hang-tong-dian-qi-you-xian-gong-si,开关电源,91330382MA2851C47C,2015-10-16,,3,1,"存续,真实工厂,曾用名,温州航通电气有限公司",配电开关控制设备制造,2026-09-15T16:08:20.726521+00:00
藁城区诚信配电柜加工厂,河北省石家庄市藁城区常安镇永安村村东1980米处路南,河北省,石家庄市,藁城区,配电柜壳体生产销售,马**,00000000000,0.01,0.005万人民币,存续,,其他金属工具制造,80.0,enterprise,true,approved,tianxiagongchang.com,1695158,https://www.tianxiagongchang.com/detail/1695158_gao-cheng-qu-cheng-xin-pei-dian-gui-jia-gong-chang,配电柜,92130182MA0945X949,2015-07-06,,1,1,"存续,真实工厂",其他金属工具制造,2026-09-15T16:08:20.726521+00:00
六安市前程配电柜有限公司,六安集中示范园区三元路,安徽省,六安市,叶集区,"配电柜生产、加工,钣金,机械加工",陈**,00000000000,50.0,50万人民币,存续,,"电容器及其配套设备制造,专用设备制造业,电子和电工机械专用设备制造,电工机械专用设备制造",80.0,enterprise,true,approved,tianxiagongchang.com,3800875,https://www.tianxiagongchang.com/detail/3800875_lu-an-shi-qian-cheng-pei-dian-gui-you-xian-gong-si,配电柜,91341502325450245G,2014-12-15,,6,2,"存续,真实工厂","电容器及其配套设备制造,专用设备制造业,电子和电工机械专用设备制造,电工机械专用设备制造",2026-09-15T16:08:20.726521+00:00
河源市源城区金锦阳配电柜厂,河源市源城区源南镇双下村鹤咀山标远4S店对面,广东省,河源市,源城区,配电箱生产、销售,王*,00000000000,30.0,30万人民币,存续,,"配电开关控制设备制造,输配电及控制设备制造",80.0,enterprise,true,approved,tianxiagongchang.com,1815175,https://www.tianxiagongchang.com/detail/1815175_he-yuan-shi-yuan-cheng-qu-jin-jin-yang-pei-dian-gui-chang,配电柜,92441602MA4WEWLW2K,2017-04-17,,3,1,"存续,真实工厂,曾用名,河源市源城区弘腾配电箱厂","配电开关控制设备制造,输配电及控制设备制造",2026-09-15T16:08:20.726521+00:00
黄冈市黄州区兴利配电柜加工厂,黄冈市黄州区新港一路52号,湖北省,黄冈市,黄州区,,陈**,00000000000,,,存续,,配电开关控制设备制造,80.0,enterprise,true,approved,tianxiagongchang.com,2480645,https://www.tianxiagongchang.com/detail/2480645_huang-gang-shi-huang-zhou-qu-xing-li-pei-dian-gui-jia-gong-chang,配电柜,92421102MA4CP56W5H,2018-05-02,,1,1,"存续,真实工厂",配电开关控制设备制造,2026-09-15T16:08:20.726521+00:00
如皋市银华配电柜厂,白蒲镇杨家园村十组,江苏省,南通市,如皋市,,张**,00000000000,50.0,50万人民币,存续,,"金属结构制造,输配电及控制设备制造",80.0,enterprise,true,approved,tianxiagongchang.com,2875221,https://www.tianxiagongchang.com/detail/2875221_ru-gao-shi-yin-hua-pei-dian-gui-chang,配电柜,91320682561835139P,2010-09-16,,2,1,"存续,真实工厂","金属结构制造,输配电及控制设备制造",2026-09-15T16:08:20.726521+00:00
滑县白道口众鑫配电柜加工厂,滑县白道口镇民寨村,河南省,安阳市,滑县,,和**,00000000000,,,存续,,其他未列明金属制品制造,80.0,enterprise,true,approved,tianxiagongchang.com,1986987,https://www.tianxiagongchang.com/detail/1986987_hua-xian-bai-dao-kou-zhong-xin-pei-dian-gui-jia-gong-chang,配电柜,92410526MA45QJMTXF,2018-09-17,,1,0,"存续,真实工厂",其他未列明金属制品制造,2026-09-15T16:08:20.726521+00:00
松山区永源变频器配电柜经销处,"内蒙古自治区赤峰市松山区当铺地满族乡赤峰商贸物流城境内,兴业路以东,兴隆东街以南赤峰金运物资有限责任公司1号楼1-103-1厅",内蒙古自治区,赤峰市,,,霍**,00000000000,0.0,0.0002万人民币,存续,,"批发业,机械设备、五金产品及电子产品批发,电气设备批发",80.0,enterprise,true,approved,tianxiagongchang.com,4151409,https://www.tianxiagongchang.com/detail/4151409_song-shan-qu-yong-yuan-bian-pin-qi-pei-dian-gui-jing-xiao-chu,配电柜,92150404MA0NPTQF1Y,2011-10-13,,多,0,"存续,曾用名,松山区汇能伟创变频器供水设备销售中心","批发业,机械设备、五金产品及电子产品批发,电气设备批发",2026-09-15T16:08:20.726521+00:00
云南瑞聚配电柜成套设备有限公司,中国（云南）自由贸易试验区昆明片区官渡区小板桥街道办事处中林建材城F区5幢9号,云南省,昆明市,官渡区,"高低压配电设备生产、加工、销售,电子产品,普通机械及配件,五金交电,仪器仪表,日用百货,建筑材料,电线电缆,金属材料,针纺织品,橡胶制品,家具的销售,货物",李**,00000000000,400.0,400万人民币,存续,,"其他机械设备及电子产品批发,批发业,机械设备、五金产品及电子产品批发",80.0,enterprise,true,approved,tianxiagongchang.com,4149020,https://www.tianxiagongchang.com/detail/4149020_yun-nan-rui-ju-pei-dian-gui-cheng-tao-she-bei-you-xian-gong-si,配电柜,91530111MA6K71FG3A,2016-07-20,,6,3,存续,"其他机械设备及电子产品批发,批发业,机械设备、五金产品及电子产品批发",2026-09-15T16:08:20.726521+00:00
靖江市英明配电柜加工厂,靖江市靖城西郊村三组,江苏省,泰州市,靖江市,,黄**,00000000000,15.0,15万人民币,存续,,"金属表面处理及热处理加工,电力电子元器件制造",80.0,enterprise,true,approved,tianxiagongchang.com,880148,https://www.tianxiagongchang.com/detail/880148_jing-jiang-shi-ying-ming-pei-dian-gui-jia-gong-chang,配电柜,92321282MA1UMEXX42,2011-05-26,,3,1,"存续,真实工厂","金属表面处理及热处理加工,电力电子元器件制造",2026-09-15T16:08:20.726521+00:00
江都区利远配电柜厂,江都区丁伙镇富桥村石东组2号,江苏省,扬州市,江都区,,陈**,00000000000,8.0,8万人民币,存续,,"其他通用仪器制造,配电开关控制设备制造",80.0,enterprise,true,approved,tianxiagongchang.com,2930351,https://www.tianxiagongchang.com/detail/2930351_jiang-du-qu-li-yuan-pei-dian-gui-chang,配电柜,92321012MA1UEQNH9Q,2004-08-27,,2,1,"存续,真实工厂","其他通用仪器制造,配电开关控制设备制造",2026-09-15T16:08:20.726521+00:00
西安市长安区宋军控制柜加工厂,西安市长安区郭杜街办周家庄南村,陕西省,西安市,长安区,,宋**,00000000000,0.0,0.001万人民币,存续,,配电开关控制设备制造,80.0,enterprise,true,approved,tianxiagongchang.com,247982,https://www.tianxiagongchang.com/detail/247982_xi-an-shi-chang-an-qu-song-jun-kong-zhi-gui-jia-gong-chang,控制柜,92610116MA6U5Q6955,2013-04-28,,2,0,"存续,真实工厂",配电开关控制设备制造,2026-09-15T16:08:20.726521+00:00
宁波市鄞州光华仪器控制箱厂,宁波市鄞州区姜山镇后贸村,浙江省,宁波市,鄞州区,"机箱,机床,仪表,机柜,控制台,电子仪器,单板机,中线控制柜,机床挂箱,行业专用仪器仪表培养箱,高频控制箱",鲍**,00000000000,20.52,20.52万人民币,存续,,"金属制厨房用器具制造,其他未列明通用设备制造业",80.0,enterprise,true,approved,tianxiagongchang.com,2077994,https://www.tianxiagongchang.com/detail/2077994_ning-bo-shi-yin-zhou-guang-hua-yi-qi-kong-zhi-xiang-chang,控制柜,91330212610204991J,1995-10-06,,7,1,"存续,真实工厂","金属制厨房用器具制造,其他未列明通用设备制造业",2026-09-15T16:08:20.726521+00:00
鞍钢实业集团有限公司,鞍山市铁东区和平路46号,辽宁省,鞍山市,铁东区,"劳保品经销,橡胶,苗木,房屋,安全防范设备,冶金及金属制品检测,五金交电及电子产品,照相器材,奶,设备租赁,金属热处理,开发,学前教育机构管理,冶金工具,代售火车票,移动服务及咨询,刀具,碳素材料,化工产品,体育用品,建材,电线电缆,清洁用品,冶金辅料,装卸搬运,代收移动通讯费用,耐火材料,塑料制品,金属废料和碎屑加工处理,机械电器设备,日用百货,果树,备件检修,锌锭,铁路运输设备,冶金炉料,用具,尘泥加工,汽车租赁,通信终端设备经销,锻件,劳动力外包,清扫保洁,服装,土地,冶金设备维修,文具用品零售,室内装饰材料,冶金材料,计算机,超市,针纺织品,物业管理,文化用品经销,高低压控制柜制作,金属材料,厨房用具,危险货物运输,照明设备,消防器材,饮料,钢材,手机配件销售,电机无环启动器制作,玩具,家用电器,铸件,熔铸合金,花卉的种植与销售,物资仓储,洗,办公礼品,信息技术咨询,普货运输,冶金溶剂,冶金资源再生利用,补,金属制品,化工原料,汽车吊装,废旧物资回收加工,器材零售,建筑材料,茶叶,铝基合金,乳制品,果品,锌基合金,原燃料,普通机械设备,图文设计制作,卫生洁具,铁合金,代办移动通讯业务,制造,普通机械修理,钢材等,汽车修理,修劳保品,观光农业服务,水,办公用品,机械经销,电动工具,标牌制作,手机销售,鞋帽,管道配件,锌渣回收加工,家具,便利店零售,矿产品,机电产品,冶金机械设备,金属结构件,耗材及辅助设备经销,非金属废料和碎屑加工处理,设备检修,零部件加工,软件",平**,00000000000,35355.0,35355万人民币,存续,,钢压延加工,80.0,enterprise,true,approved,tianxiagongchang.com,425735,https://www.tianxiagongchang.com/detail/425735_an-gang-shi-ye-ji-tuan-you-xian-gong-si,控制柜,91210300241427654R,2005-04-27,,15,3,"存续,真实工厂",钢压延加工,2026-09-15T16:08:20.726521+00:00
英捷电气有限公司,南昌市青山湖区义坊路1000号,江西省,南昌市,青山湖区,"变压器,箱式变电站,高低压开关柜,非标控制柜,电缆,电力器材,机械加工、制造,电气设备安装工程,电器元器件加工、销售,包装装潢,其他印刷,标识标牌的设计、制作、销售及安装,设计、制作、发布、代理国内各类广告,楼宇智能化工程",周**,00000000000,6188.0,6188万人民币,存续,,变压器、整流器和电感器制造,80.0,enterprise,true,approved,tianxiagongchang.com,430244,https://www.tianxiagongchang.com/detail/430244_ying-jie-dian-qi-you-xian-gong-si,控制柜,91360111MA35FHPR51,2015-11-19,,4,1,"存续,真实工厂",变压器、整流器和电感器制造,2026-09-15T16:08:20.726521+00:00
西藏实达电工股份有限公司,青海省格尔木市藏青工业园,青海省,海西蒙古族藏族自治州,格尔木市,"金属材料的销售,照明灯具,熔断器的批发,电表,[依法须经批准的项目,],筹建,电工材料的生产,控制柜,“实达”牌YJHLV系列中,电线电缆,仪器仪表,胶木电器,经相关部门批准后方可开展经营活动,低压稀土高铁铝合金电力电缆,建筑电器,永久性输送电能,零售,低压电器,建筑材料",周**,00000000000,11000.0,11000万人民币,存续,,"电线、电缆制造,其他综合零售",80.0,enterprise,true,approved,tianxiagongchang.com,559209,https://www.tianxiagongchang.com/detail/559209_xi-zang-shi-da-dian-gong-gu-fen-you-xian-gong-si,控制柜,91540000321324663P,2014-12-29,,10,1,"存续,真实工厂","电线、电缆制造,其他综合零售",2026-09-15T16:08:20.726521+00:00
浙江高川机械科技有限公司,浙江省嘉兴市海宁市尖山新区镇安江路66号,浙江省,嘉兴市,海宁市,"阀门及配件,水泵及配件,法兰管件,管道配件,真空阀门,真空泵,真空管件,真空箱体,电器控制柜",谢**,00000000000,10080.0,10080万人民币,存续,,阀门和旋塞制造,80.0,enterprise,true,approved,tianxiagongchang.com,717459,https://www.tianxiagongchang.com/detail/717459_zhe-jiang-gao-chuan-ji-xie-ke-ji-you-xian-gong-si,控制柜,91330481MA29HYUPX1,2017-09-15,http://www.gcvat.com,13,1,"存续,真实工厂",阀门和旋塞制造,2026-09-15T16:08:20.726521+00:00
天津御加瑞机电设备有限公司,天津市宁河区潘庄工业区白庙村南规划六经路东侧-A6,天津市,天津市,宁河区,"安防设备,建筑材料,五金,通信设备,环保产品,制造,金属材料批发兼零售,服务,水泵加工,机械设备,机电设备技术咨询,电线电缆,控制柜,通风设备,高低压配电柜,仪器仪表,风机,交电,货物及技术进出口业务,电子产品,消防器材",李*,00000000000,11000.0,11000万人民币,存续,,"金属结构制造,风能原动设备制造",80.0,enterprise,true,approved,tianxiagongchang.com,719314,https://www.tianxiagongchang.com/detail/719314_tian-jin-yu-jia-rui-ji-dian-she-bei-you-xian-gong-si,控制柜,91120105MA06T5776H,2015-11-11,,4,1,"存续,真实工厂","金属结构制造,风能原动设备制造",2026-09-15T16:08:20.726521+00:00
山东硕晟机械制造有限公司,山东省淄博市博山经济开发区蕉庄村工业园,山东省,淄博市,博山区,"机械加工,减速机,破碎机,皮带机,矿山机械,水泵,电动滚筒,振动筛,环保设备,开关柜,控制柜安装、制造、销售,脱硫脱硝服务,污水处理",李**,00000000000,11180.0,11180万人民币,存续,,"矿山机械制造,泵及真空设备制造",80.0,enterprise,true,approved,tianxiagongchang.com,783689,https://www.tianxiagongchang.com/detail/783689_shan-dong-shuo-cheng-ji-xie-zhi-zao-you-xian-gong-si,控制柜,91370304597826605M,2012-06-08,,8,1,"存续,真实工厂,曾用名,淄博硕晟机械制造有限公司","矿山机械制造,泵及真空设备制造",2026-09-15T16:08:20.726521+00:00
大连中固电力科技有限公司,辽宁省大连市甘井子区姚北路48号院内1-1号,辽宁省,大连市,甘井子区,"电力设备技术研发及相关技术咨询,技术服务,低压控制柜制造,机电设备安装及现场维修,电子产品租赁,楼宇智能化工程,计算机网络工程施工,国内一般贸易,货物进出口,技术进出口",黄**,00000000000,5200.0,5200万人民币,存续,,"配电开关控制设备制造,工程和技术研究和试验发展",80.0,enterprise,true,approved,tianxiagongchang.com,792120,https://www.tianxiagongchang.com/detail/792120_da-lian-zhong-gu-dian-li-ke-ji-you-xian-gong-si,控制柜,91210213MA0Y9BXP1F,2018-11-04,,2,2,"存续,真实工厂","配电开关控制设备制造,工程和技术研究和试验发展",2026-09-15T16:08:20.726521+00:00
河北润和泵业有限公司,河北省邢台市临城县临城镇补要村,河北省,邢台市,临城县,"水泵配件,PE管材,地埋线,喷灌设备及配件,计量泵,离心泵,安装潜水泵,农业机械设备,混流泵,水带,施工,配电柜,供水工程,水处理设备,安装,变频启动控制柜,生产,工业,配电箱,滴灌设备,污水处理工程,地埋管,施肥罐,水泵焊管,智能配电柜,发电机及机组,滴管设备,污水泵,机井首部,过滤器,智能井房,智能灌溉控制系统及设备,饮水工程设计,消防泵,节水灌溉工程,仪器仪表,维修,工业泵,出水口及泵类配套部件,节水排灌设备,销售,流量泵,电线电缆,安装塑料管材,潜水排污泵,维修管道增压泵,钢制井房,铝合金管材,软启动控制柜,PVC管材,出水口,阀门",王**,00000000000,5010.0,5010万人民币,存续,,泵及真空设备制造,80.0,enterprise,true,approved,tianxiagongchang.com,820482,https://www.tianxiagongchang.com/detail/820482_he-bei-run-he-beng-ye-you-xian-gong-si,控制柜,91130522MA08B81P76,2017-03-22,http://www.hbrhby.cn,9,2,"存续,真实工厂",泵及真空设备制造,2026-09-15T16:08:20.726521+00:00
沧州祥垣机箱机柜制造有限公司,河北省沧州市青县清州镇南拨子村,河北省,沧州市,青县,"机箱机柜制造、加工,（不含喷涂及金属表面化学处理）车床加工,机箱机柜整机组装",王**,00000000000,100.0,100万人民币,存续,,其他未列明金属制品制造,80.0,enterprise,true,approved,tianxiagongchang.com,2417662,https://www.tianxiagongchang.com/detail/2417662_cang-zhou-xiang-yuan-ji-xiang-ji-gui-zhi-zao-you-xian-gong-si,机箱机柜,91130922MA09U8XN9D,2018-03-12,http://www.czqxhz.com,3,1,"存续,真实工厂",其他未列明金属制品制造,2026-09-15T16:08:20.726521+00:00
江阴市威腾机箱机柜制造有限公司,江阴市顾山镇国东村,江苏省,无锡市,江阴市,"机箱机柜的制造,加工,道路货物运输,电器成套设备的销售",梅**,00000000000,50.0,50万人民币,存续,,"金属结构制造,安全、消防用金属制品制造",80.0,enterprise,true,approved,tianxiagongchang.com,345648,https://www.tianxiagongchang.com/detail/345648_jiang-yin-shi-wei-teng-ji-xiang-ji-gui-zhi-zao-you-xian-gong-si,机箱机柜,91320281767396346C,2004-11-09,,12,1,"存续,真实工厂","金属结构制造,安全、消防用金属制品制造",2026-09-15T16:08:20.726521+00:00
沧州裕隆精密机箱机柜有限公司,河北省青县农场四分场工业区,河北省,沧州市,青县,"机箱,箱变,工业控制柜,显示屏机箱,ggd柜,不锈钢机柜,工控机箱,精密机械加工,钣金异型机箱,机柜,室外柜,u箱,插箱,户外柜,设计制造机箱,非线性编辑台,裕隆精密机箱机柜,直流屏,制版,配电设施,控制台,网络机柜,操作台,丝网印刷,电视墙",王**,00000000000,48.0,48万人民币,存续,,"金属结构制造,其他未列明金属制品制造",80.0,enterprise,true,approved,tianxiagongchang.com,689833,https://www.tianxiagongchang.com/detail/689833_cang-zhou-yu-long-jing-mi-ji-xiang-ji-gui-you-xian-gong-si,机箱机柜,911309227328926226,2008-03-26,http://www.yulongjx.com,9,0,"存续,真实工厂","金属结构制造,其他未列明金属制品制造",2026-09-15T16:08:20.726521+00:00
青县腾众机箱机柜制造有限公司,河北省沧州市青县金牛镇苗庄子村南520米,河北省,沧州市,青县,"配电开关控制设备,环境保护专用设备研发、制造、销售、安装、维修,销售机电设备,实验室设备,金属制品,塑料制品,办公用品,电线电缆,家具,钢材,机箱,机柜,监控杆,路灯杆,操作台,电视墙",古**,00000000000,50.0,50万人民币,存续,,"其他未列明金属制品制造,其他金属加工机械制造",80.0,enterprise,true,approved,tianxiagongchang.com,2799865,https://www.tianxiagongchang.com/detail/2799865_qing-xian-teng-zhong-ji-xiang-ji-gui-zhi-zao-you-xian-gong-si,机箱机柜,91130922MA0FB22K2K,2020-08-17,,3,1,"存续,真实工厂","其他未列明金属制品制造,其他金属加工机械制造",2026-09-15T16:08:20.726521+00:00
沧州鑫永精密机箱机柜有限公司,河北省沧州市青县农场四分场,河北省,沧州市,青县,"机箱,机柜制造,机箱设备整机组装,机床加工（不含喷涂及金属表面化学处理）",王**,00000000000,120.0,120万人民币,存续,,"其他未列明电气机械及器材制造,其他未列明金属制品制造",80.0,enterprise,true,approved,tianxiagongchang.com,689831,https://www.tianxiagongchang.com/detail/689831_cang-zhou-xin-yong-jing-mi-ji-xiang-ji-gui-you-xian-gong-si,机箱机柜,91130922MA07X1RF0B,2016-10-24,http://www.xinyongjx.com,4,0,"存续,真实工厂","其他未列明电气机械及器材制造,其他未列明金属制品制造",2026-09-15T16:08:20.726521+00:00
青县腾睿机柜有限公司,河北省沧州市青县马厂镇新张屯村,河北省,沧州市,青县,机箱机柜、生产、销售（不含喷涂及表面化学处理）,曾**,00000000000,50.0,50万人民币,存续,,其他未列明金属制品制造,80.0,enterprise,true,approved,tianxiagongchang.com,1913362,https://www.tianxiagongchang.com/detail/1913362_qing-xian-teng-rui-ji-gui-you-xian-gong-si,机箱机柜,91130922MA0CLB109Y,2018-08-20,,1,1,"存续,真实工厂",其他未列明金属制品制造,2026-09-15T16:08:20.726521+00:00
沧州硕丰诚达机柜制造有限公司,河北省沧州市青县马厂镇赵辛庄村,河北省,沧州市,青县,"机箱机柜加工,机械配件加工、制造,钣金加工、制造（不含喷涂及金属表面化学处理）（yfpz）",李**,00000000000,50.0,50万人民币,存续,,其他未列明金属制品制造,80.0,enterprise,true,approved,tianxiagongchang.com,2673867,https://www.tianxiagongchang.com/detail/2673867_cang-zhou-shuo-feng-cheng-da-ji-gui-zhi-zao-you-xian-gong-si,机箱机柜,911309223476474957,2015-07-06,,4,2,"存续,真实工厂",其他未列明金属制品制造,2026-09-15T16:08:20.726521+00:00
沧州威图机柜制造有限公司,河北省沧州市青县陈咀乡小院村,河北省,沧州市,青县,"电子机箱,机柜,面板,各种机箱机柜配件",郭**,00000000000,100.0,100万人民币,存续,,其他未列明金属制品制造,80.0,enterprise,true,approved,tianxiagongchang.com,1851852,https://www.tianxiagongchang.com/detail/1851852_cang-zhou-wei-tu-ji-gui-zhi-zao-you-xian-gong-si,机箱机柜,91130922308053504R,2014-05-28,http://czwtjg.cn.coovee.com,7,0,"存续,真实工厂",其他未列明金属制品制造,2026-09-15T16:08:20.726521+00:00
沧州凯诺达电子机柜制造有限公司,河北省青县马厂镇刘世印屯村,河北省,沧州市,青县,"电器组装,油田变频柜,油田控制柜,机箱机柜,机柜制造,机箱",王**,00000000000,50.0,50万人民币,存续,,其他未列明金属制品制造,80.0,enterprise,true,approved,tianxiagongchang.com,694905,https://www.tianxiagongchang.com/detail/694905_cang-zhou-kai-nuo-da-dian-zi-ji-gui-zhi-zao-you-xian-gong-si,机箱机柜,91130922567374484P,2011-01-10,,6,1,"存续,真实工厂",其他未列明金属制品制造,2026-09-15T16:08:20.726521+00:00
江西山水光电科技股份有限公司,江西省九江市濂溪区生态工业城安平路1010号,江西省,九江市,濂溪区,"维修,降噪设备安装,销售,综合配线设备,房屋租赁,文化用品,信息系统集成,电子元器件,维护,机械设备,灯具,机房整治,光纤通信接入设备,机箱机柜,礼品的开发,网络工程,配线设备,进出口业务,生产,计算机软硬件,通讯设备",肖**,00000000000,12000.0,12000万人民币,存续,,"通信系统设备制造,动漫、游戏数字内容服务",80.0,enterprise,true,approved,tianxiagongchang.com,30082,https://www.tianxiagongchang.com/detail/30082_jiang-xi-shan-shui-guang-dian-ke-ji-gu-fen-you-xian-gong-si,机箱机柜,9136040079699365X0,2007-02-13,http://www.ssdx.com.cn,31,1,"存续,真实工厂,曾用名,江西山水光电科技有限公司","通信系统设备制造,动漫、游戏数字内容服务",2026-09-15T16:08:20.726521+00:00
浙江易农金属制品有限公司,浙江省嘉兴市海宁市尖山新区金牛路21号,浙江省,嘉兴市,海宁市,"钢结构,彩钢板的设计、制造、加工、喷漆、安装,土石方施工,建筑装饰工程,门窗幕墙工程施工,钢结构装备式建筑,钢结构绿色智能建筑的制造、加工、安装,钣金金属制品制造、加工,建筑工程机械,钢压延加工设备,智能停车库制造、安装,标准件,机械配件,五金电器,塑料制品,钢材,彩涂板,化工原料,易制毒化学品及化学试剂,自有房屋租赁",潘**,00000000000,6000.0,6000万人民币,存续,,"采矿、冶金、建筑专用设备制造,金属结构制造",80.0,enterprise,true,approved,tianxiagongchang.com,15867,https://www.tianxiagongchang.com/detail/15867_zhe-jiang-yi-nong-jin-shu-zhi-pin-you-xian-gong-si,金属制品,91330481MA29FHCDX4,2017-05-05,http://www.zj-yinong.com,5,3,"存续,真实工厂","采矿、冶金、建筑专用设备制造,金属结构制造",2026-09-15T16:08:20.726521+00:00
宁波科豪金属制品实业有限公司,宁波市鄞州区咸祥镇海南村,浙江省,宁波市,鄞州区,"钢制办公家具,仓储物流货架,其他办公设备,电子汇单箱,图书馆设备,但国家限制经营或禁止进出口的货物和技术除外,钢木书架,销售,加工,全自动喷塑生产流水线,金属制品,档案装具,智能库房环境测控设备,银行保管箱设备,移动货架,自营或代理货物和技术的进出口,档案密集架,文件资料柜,智能电子回单柜,保管箱,智能光盘柜,仓储设备的制造",朱**,00000000000,5080.0,5080万人民币,存续,,"金属包装容器及材料制造,安全、消防用金属制品制造",80.0,enterprise,true,approved,tianxiagongchang.com,16574,https://www.tianxiagongchang.com/detail/16574_ning-bo-ke-hao-jin-shu-zhi-pin-shi-ye-you-xian-gong-si,金属制品,91330212551117045L,2010-03-08,http://www.nbkhxg.com,17,1,"存续,真实工厂","金属包装容器及材料制造,安全、消防用金属制品制造",2026-09-15T16:08:20.726521+00:00
枣庄一桐金属制品有限公司,山东省枣庄市山亭区青屏路南侧翼云科创园101号,山东省,枣庄市,山亭区,"通用设备修理,拉丝,编网及工矿配件加工,电气设备修理,劳保用品销售,金属丝绳及其制品制造,专用设备修理,金属制品修理,金属表面处理,工矿配件加工,矿山机械制造,钢材,货物进出口,钢材整形,加工,五金电料,编网",田*,00000000000,6100.0,6100万人民币,存续,,"金属表面处理及热处理加工,金属结构制造",80.0,enterprise,true,approved,tianxiagongchang.com,214579,https://www.tianxiagongchang.com/detail/214579_zao-zhuang-yi-tong-jin-shu-zhi-pin-you-xian-gong-si,金属制品,913704065599004133,2010-07-28,,4,1,"存续,真实工厂","金属表面处理及热处理加工,金属结构制造",2026-09-15T16:08:20.726521+00:00
江阴双源金属制品有限公司,江阴市周庄镇澄杨路1001号,江苏省,无锡市,江阴市,"金属网片,带肋钢筋的制造、加工,金属材料,金属制品,建材,五金产品,电子产品,化工产品,自营和代理各类商品及技术的进出口业务",肖*,00000000000,5080.0,5080万人民币,存续,,"其他未列明金属制品制造,铸造及其他金属制品制造",80.0,enterprise,true,approved,tianxiagongchang.com,262325,https://www.tianxiagongchang.com/detail/262325_jiang-yin-shuang-yuan-jin-shu-zhi-pin-you-xian-gong-si,金属制品,91320281MA1UXCQD0G,2018-01-17,,10,2,"存续,真实工厂","其他未列明金属制品制造,铸造及其他金属制品制造",2026-09-15T16:08:20.726521+00:00
江苏兴能金属制品有限公司,泗阳经济开发区东区文城路南侧,江苏省,宿迁市,泗阳县,"金属制品,机械配件,电缆保护管,电缆,配电箱,电线桥架,线槽,办公家具,钢结构件,热镀锌（待取得相应许可后方可经营）,水泥拉盘,水泥线杆,JP柜,低压开关柜,电力金具,电缆沟盖板,水泵保温材料,钢材销售,房屋租赁,场地租赁,水泥制品制造,水泥制品销售,新材料技术研发,电力电子元器件制造,电力电子元器件销售,配电开关控制设备制造,配电开关控制设备研发,配电开关控制设备销售,电力设施器材制造,电力设施器材销售",张**,00000000000,8000.0,8000万人民币,存续,,"金属表面处理及热处理加工,结构性金属制品制造",80.0,enterprise,true,approved,tianxiagongchang.com,316260,https://www.tianxiagongchang.com/detail/316260_jiang-su-xing-neng-jin-shu-zhi-pin-you-xian-gong-si,金属制品,9132132359110584XR,2012-02-24,,13,1,"存续,真实工厂","金属表面处理及热处理加工,结构性金属制品制造",2026-09-15T16:08:20.726521+00:00
天津胜鑫源金属制品有限公司,天津市静海区双塘高档五金制品产业园静陈路6号,天津市,天津市,静海区,"金属表面处理（镀锌除外）,金属制品加工、制造、销售,保温管加工,热喷涂设备研发、制造、销售、维修,五金交电销售,货物或技术进出口",焦**,00000000000,8000.0,8000万人民币,存续,,金属表面处理及热处理加工,80.0,enterprise,true,approved,tianxiagongchang.com,386122,https://www.tianxiagongchang.com/detail/386122_tian-jin-sheng-xin-yuan-jin-shu-zhi-pin-you-xian-gong-si,金属制品,91120223MA06ECFK0M,2018-08-21,,3,1,"存续,真实工厂",金属表面处理及热处理加工,2026-09-15T16:08:20.726521+00:00
河北宏隆金属制品有限公司,石家庄市栾城区南客村南,河北省,石家庄市,栾城区,"金属制品,紧固件,电缆支架,高速公路护栏,电力线路配件,铝模板配件,电力配件,铁路配件,工矿配件制造、销售,镀锌管,镀锌板,镀锌配件,热处理产品销售",尹**,00000000000,6800.0,6800万人民币,存续,,"金属表面处理及热处理加工,其他未列明金属制品制造",80.0,enterprise,true,approved,tianxiagongchang.com,546997,https://www.tianxiagongchang.com/detail/546997_he-bei-hong-long-jin-shu-zhi-pin-you-xian-gong-si,金属制品,91130124MA07YTHQ93,2016-11-29,,3,1,"存续,真实工厂","金属表面处理及热处理加工,其他未列明金属制品制造",2026-09-15T16:08:20.726521+00:00
浙江天元金属制品股份有限公司,浙江省海盐县西塘桥街道（海盐经济开发区）方家埭路58号,浙江省,嘉兴市,海盐县,"金属制品（不含金属表面处理及热处理加工）,紧固件,塑胶制品（不含废旧塑料加工及其他需前置审批项目）,冷墩机,滚丝机,搓丝机,铣槽机,金属成型设备制造、加工,货物进出口,技术进出口",李*,00000000000,5800.0,5800万人民币,存续,,"紧固件制造,其他未列明金属制品制造",80.0,enterprise,true,approved,tianxiagongchang.com,678470,https://www.tianxiagongchang.com/detail/678470_zhe-jiang-tian-yuan-jin-shu-zhi-pin-gu-fen-you-xian-gong-si,金属制品,9133042479960543XJ,2007-03-08,https://www.cnzjty.com,13,2,"存续,真实工厂,曾用名,浙江天元金属制品有限公司","紧固件制造,其他未列明金属制品制造",2026-09-15T16:08:20.726521+00:00
湖北路中宝金属制品有限公司,武汉经济技术开发区洪湖新滩经济合作区荆汉大道十字路口,湖北省,武汉市,汉阳区,"金属制品,铸造件,井盖,智能井盖,复合材料井盖,水箅,表箱,电缆沟盖板,护树板,电缆支架,疏散平台,金属箱体,金属管及管件,塑料管及管件制造",代**,00000000000,8000.0,8000万人民币,存续,,黑色金属铸造,80.0,enterprise,true,approved,tianxiagongchang.com,808971,https://www.tianxiagongchang.com/detail/808971_hu-bei-lu-zhong-bao-jin-shu-zhi-pin-you-xian-gong-si,金属制品,91421083MA490N4190,2017-07-19,http://www.lzbhb.com,12,1,"存续,真实工厂",黑色金属铸造,2026-09-15T16:08:20.726521+00:00
广汉市天成不锈钢制品有限公司,四川省广汉市小汉镇柳林村一社,四川省,德阳市,广汉市,"1条冷轧退火酸洗机组,不锈钢冷轧钢带,生产,不锈钢深加工业务,新建2台20辊轧机,销售：铁合金,不锈钢制品技术开发服务,销售：不銹钢制品,矿产品",何*,00000000000,55790.0,55790万人民币,存续,,"钢压延加工,其他通用零部件制造",80.0,enterprise,true,approved,tianxiagongchang.com,15731,https://www.tianxiagongchang.com/detail/15731_guang-han-shi-tian-cheng-bu-xiu-gang-zhi-pin-you-xian-gong-si,不锈钢制品,91510600555762260T,2010-05-18,,11,1,"存续,真实工厂","钢压延加工,其他通用零部件制造",2026-09-15T16:08:20.726521+00:00
河南金汇鸿鹏不锈钢制品有限公司,长葛市大周镇大周村科技路,河南省,许昌市,长葛市,"不锈钢制品,不锈钢管加工销售",张*,00000000000,6600.0,6600万人民币,存续,,"钢压延加工,其他未列明金属制品制造",80.0,enterprise,true,approved,tianxiagongchang.com,33842,https://www.tianxiagongchang.com/detail/33842_he-nan-jin-hui-hong-peng-bu-xiu-gang-zhi-pin-you-xian-gong-si,不锈钢制品,91411082580348440C,2011-08-18,,13,1,"存续,真实工厂","钢压延加工,其他未列明金属制品制造",2026-09-15T16:08:20.726521+00:00
东台永坚不锈钢制品有限公司,江苏东台经济开发区纬八路8号,江苏省,盐城市,东台市,"不锈钢制品加工、销售,净水器生产、销售",徐**,00000000000,8000.0,8000万人民币,存续,,"钢压延加工,结构性金属制品制造",80.0,enterprise,true,approved,tianxiagongchang.com,2860762,https://www.tianxiagongchang.com/detail/2860762_dong-tai-yong-jian-bu-xiu-gang-zhi-pin-you-xian-gong-si,不锈钢制品,913209810941936582,2014-03-18,,11,1,"存续,真实工厂","钢压延加工,结构性金属制品制造",2026-09-15T16:08:20.726521+00:00
乐山市东方不锈钢制品厂,乐山市沙湾区嘉农镇腾飞路2号,四川省,乐山市,沙湾区,"不锈钢制品加工,本厂业务范围内的商品及技术的进出口业务,不锈钢装饰管,销售及安装",曾**,00000000000,1980.0,1980万人民币,存续,,"钢压延加工,金属加工机械制造",80.0,enterprise,true,approved,tianxiagongchang.com,38602,https://www.tianxiagongchang.com/detail/38602_le-shan-shi-dong-fang-bu-xiu-gang-zhi-pin-chang,不锈钢制品,91511111694833954E,2009-10-13,,12,1,"存续,真实工厂","钢压延加工,金属加工机械制造",2026-09-15T16:08:20.726521+00:00
连云港合乐不锈钢制品有限公司,连云港经济技术开发区金山路东、钱江路北,江苏省,连云港市,海州区,"不锈钢冷轧板,不锈钢冷轧板及其他不锈钢制品的制造,其他不锈钢制品",王**,00000000000,3380.0,3380万人民币,存续,,"钢压延加工,建筑、安全用金属制品制造",80.0,enterprise,true,approved,tianxiagongchang.com,195479,https://www.tianxiagongchang.com/detail/195479_lian-yun-gang-he-le-bu-xiu-gang-zhi-pin-you-xian-gong-si,不锈钢制品,913207005781509372,2011-07-07,,20,1,"存续,真实工厂","钢压延加工,建筑、安全用金属制品制造",2026-09-15T16:08:20.726521+00:00
茌平县三益不锈钢制品有限公司,茌平县信发热电工业园,山东省,聊城市,茌平区,"无记录,销售,铝制品加工,不锈钢制品",潘**,00000000000,1050.0,1050万人民币,存续,,钢压延加工,80.0,enterprise,true,approved,tianxiagongchang.com,340371,https://www.tianxiagongchang.com/detail/340371_chi-ping-xian-san-yi-bu-xiu-gang-zhi-pin-you-xian-gong-si,不锈钢制品,91371523676833520W,2008-06-30,,4,2,"存续,真实工厂",钢压延加工,2026-09-15T16:08:20.726521+00:00
江苏凯宇不锈钢制品有限公司,兴化市戴南镇科技园区,江苏省,泰州市,兴化市,"不锈钢圆管,其他金属材料销售,冲压件制造,不锈钢方管,不锈钢八角管,销售,不锈钢管道件,加工,金属制品,不锈钢六角管,自营和代理各类商品和技术的进出口业务,标准件,不锈钢制品",徐**,00000000000,1088.0,1088万人民币,存续,,锅炉及辅助设备制造,80.0,enterprise,true,approved,tianxiagongchang.com,436801,https://www.tianxiagongchang.com/detail/436801_jiang-su-kai-yu-bu-xiu-gang-zhi-pin-you-xian-gong-si,不锈钢制品,91321281055154947D,2012-09-26,http://www.cnjsky.com,26,1,"存续,真实工厂",锅炉及辅助设备制造,2026-09-15T16:08:20.726521+00:00
江苏东阁不锈钢制品有限公司,东台市溱东镇草舍工业园区,江苏省,盐城市,东台市,"阳台栏杆,驳接爪,转接件,拉杆,室内微型装饰配件,拉索,驳接头,点支式幕墙配件,吊夹,楼梯扶手,微型不锈钢室内装饰件,幕墙配件及建筑五金制品,不锈钢制品,肋驳爪",蒋**,00000000000,3166.0,3166万人民币,存续,,"结构性金属制品制造,其他通用零部件制造",80.0,enterprise,true,approved,tianxiagongchang.com,658299,https://www.tianxiagongchang.com/detail/658299_jiang-su-dong-ge-bu-xiu-gang-zhi-pin-you-xian-gong-si,不锈钢制品,913209811425438448,1992-10-25,http://www.jsdongge.com,31,1,"存续,真实工厂,曾用名,东台市东阁不锈钢制品有限公司 东台市溱东标准件厂 东台市东阁不锈钢制品厂 东台市东阁集团不锈钢制品厂","结构性金属制品制造,其他通用零部件制造",2026-09-15T16:08:20.726521+00:00
山东金源不锈钢制品有限公司,山东省济宁市微山县经济开发区建设路东首,山东省,济宁市,微山县,"不锈钢冷轧带,不锈钢日用品,普通劳保用品,高性能不锈钢制品,货物进出口,销售：五金交电,热轧带,不锈钢板,不锈钢门窗,销售：不锈钢冷轧带及热轧带,建筑材料,钢材,矿山机械设备及配件,加工,装饰装潢材料,不锈钢制品,五金交电",俞**,00000000000,3326.0,3326万人民币,存续,,"钢压延加工,其他有色金属压延加工",80.0,enterprise,true,approved,tianxiagongchang.com,905676,https://www.tianxiagongchang.com/detail/905676_shan-dong-jin-yuan-bu-xiu-gang-zhi-pin-you-xian-gong-si,不锈钢制品,91370826MA3DA1XCXA,2017-03-08,,4,1,"存续,真实工厂","钢压延加工,其他有色金属压延加工",2026-09-15T16:08:20.726521+00:00
泰州市奋钧不锈钢制品有限公司,兴化市戴南镇北姜村北首,江苏省,泰州市,兴化市,"管道件,阀门,弯头制造、加工、销售,法兰,金属制品,不锈钢制品销售",王**,00000000000,1008.0,1008万人民币,存续,,"黑色金属铸造,其他金属制日用品制造",80.0,enterprise,true,approved,tianxiagongchang.com,1181109,https://www.tianxiagongchang.com/detail/1181109_tai-zhou-shi-fen-jun-bu-xiu-gang-zhi-pin-you-xian-gong-si,不锈钢制品,91321281MA209LBG8E,2019-10-23,,4,1,"存续,真实工厂","黑色金属铸造,其他金属制日用品制造",2026-09-15T16:08:20.726521+00:00
南通金辉铝合金制品有限公司,南通市海门区滨江街道珠海路58号,江苏省,南通市,海门区,"金属链条及其他金属制品销售,窗帘,家具,弹簧销售,销售,零售,木制品研发,铝合金制品,不锈钢制品加工,生产,纺织品,厨具,文化用品,体育用品批发,建筑装修装饰工程,金属链条及其他金属制品制造,弹簧制造",汪**,00000000000,1440.41,1440.4086万人民币,存续,,"软木制品及其他木制品制造,结构性金属制品制造",80.0,enterprise,true,approved,tianxiagongchang.com,2476541,https://www.tianxiagongchang.com/detail/2476541_nan-tong-jin-hui-lv-he-jin-zhi-pin-you-xian-gong-si,铝合金制品,91320684782052082L,2005-11-18,,6,1,"存续,真实工厂,曾用名,天琴纺织品（南通）有限公司","软木制品及其他木制品制造,结构性金属制品制造",2026-09-15T16:08:20.726521+00:00
哈尔滨华飞铝合金制品有限公司,哈尔滨开发区哈平路集中区征仪南路3号,黑龙江省,哈尔滨市,香坊区,"铝合金制品加工及销售,汽车零部件加工及销售,铝合金轮辋加工及销售,铝合金轮辋加工及销售及汽车零部件加工及销售,自有房屋租赁,汽车钢",吕**,00000000000,1000.0,1000万人民币,存续,,"汽车零部件及配件制造,玻璃纤维增强塑料制品制造",80.0,enterprise,true,approved,tianxiagongchang.com,1801684,https://www.tianxiagongchang.com/detail/1801684_ha-er-bin-hua-fei-lv-he-jin-zhi-pin-you-xian-gong-si,铝合金制品,91230108718400871B,1999-08-25,,10,1,"存续,真实工厂,曾用名,哈尔滨华飞铝合金制品有限公司 哈尔滨安时达汽车综合服务有限公司","汽车零部件及配件制造,玻璃纤维增强塑料制品制造",2026-09-15T16:08:20.726521+00:00
江苏恒图铝合金制品有限公司,南通市海门区余东镇希诺路15号,江苏省,南通市,海门区,"铝合金制品,不锈钢制品制造、加工、销售,房屋建筑工程,城市及道路照明工程,园林绿化工程,会议及展览服务,图文设计、制作,设计、制作、发布、代理国内广告,软件开发,汽车车身,挂车,集装箱,工业自动控制系统装置,环保设备,消防设备,监控设备,机械设备,计算机及辅助设备制造、销售,道路货运经营,汽车销售、租赁,经营本企业自产产品及技术的出口业务,原辅材料及技术的进口业务",罗**,00000000000,1000.0,1000万人民币,存续,,"其他未列明金属制品制造,结构性金属制品制造",80.0,enterprise,true,approved,tianxiagongchang.com,2326980,https://www.tianxiagongchang.com/detail/2326980_jiang-su-heng-tu-lv-he-jin-zhi-pin-you-xian-gong-si,铝合金制品,91320684MA1UWPLL45,2018-01-12,,12,1,"存续,真实工厂","其他未列明金属制品制造,结构性金属制品制造",2026-09-15T16:08:20.726521+00:00
铜陵市雅毓铝合金制品有限公司,安徽省铜陵市铜官区新城办事处街道翠湖六路西段南侧3888号2＃厂房5号,安徽省,铜陵市,铜官区,"铝合金制品制作、加工、销售,有色金属铸件,模具,橡胶件,模具,工矿配件",李**,00000000000,150.0,150万人民币,存续,,"机械零部件加工,有色金属铸造",80.0,enterprise,true,approved,tianxiagongchang.com,2712932,https://www.tianxiagongchang.com/detail/2712932_tong-ling-shi-ya-yu-lv-he-jin-zhi-pin-you-xian-gong-si,铝合金制品,91340700MA2NA9WH3W,2016-12-27,,2,1,"存续,真实工厂","机械零部件加工,有色金属铸造",2026-09-15T16:08:20.726521+00:00
苏州源翔铝合金制品有限公司,苏州市相城区望亭镇问渡路2758号,江苏省,苏州市,相城区,"金属工具箱,便携式铝合金箱,五金制品,拉杆箱,医疗机械箱,航空箱,销售：铝合金制品,公文电脑箱,生产,铝合金仪表箱,工具箱,铝合金门窗,仪器仪表箱",蒋**,00000000000,100.0,100万人民币,存续,,其他未列明金属制品制造,80.0,enterprise,true,approved,tianxiagongchang.com,2251082,https://www.tianxiagongchang.com/detail/2251082_su-zhou-yuan-xiang-lv-he-jin-zhi-pin-you-xian-gong-si,铝合金制品,913205075546166088,2010-04-26,http://www.szyxlx.com,13,2,"存续,真实工厂",其他未列明金属制品制造,2026-09-15T16:08:20.726521+00:00
天津宇光铝合金制品有限公司,天津市南开区保山道瑞丽园12号楼1门202,天津市,天津市,南开区,"电子散热器,《宇光牌》电子散热器,天津宇光铝合金制品",冯**,00000000000,100.0,100万人民币,存续,,其他未列明金属制品制造,80.0,enterprise,true,approved,tianxiagongchang.com,2377352,https://www.tianxiagongchang.com/detail/2377352_tian-jin-yu-guang-lv-he-jin-zhi-pin-you-xian-gong-si,铝合金制品,91120104789385795K,2006-07-21,http://www.ygsrq.cn,6,1,"存续,真实工厂",其他未列明金属制品制造,2026-09-15T16:08:20.726521+00:00
武义大川铝合金制品有限公司,浙江省金华市武义县白洋街道百花山工业区黄果山二路7号（武义锦优工贸有限公司内）（自主申报）,浙江省,金华市,武义县,"门,玻璃制品,铝合金制品",陈**,00000000000,100.0,100万人民币,存续,,"金属门窗制造,其他未列明金属制品制造",80.0,enterprise,true,approved,tianxiagongchang.com,2553017,https://www.tianxiagongchang.com/detail/2553017_wu-yi-da-chuan-lv-he-jin-zhi-pin-you-xian-gong-si,铝合金制品,91330723059556484Y,2012-12-13,,5,3,"存续,真实工厂","金属门窗制造,其他未列明金属制品制造",2026-09-15T16:08:20.726521+00:00
上海飞青铝合金制品厂,青浦区夏阳街道宏城经济发展区,上海市,上海市,青浦区,"五金,铝合金装饰装潢,经营方式：加工,铝合金制品",祁**,00000000000,100.0,100万人民币,存续,,其他未列明金属制品制造,80.0,enterprise,true,approved,tianxiagongchang.com,3034792,https://www.tianxiagongchang.com/detail/3034792_shang-hai-fei-qing-lv-he-jin-zhi-pin-chang,铝合金制品,913101181343258396,1998-05-20,,9,1,"存续,真实工厂",其他未列明金属制品制造,2026-09-15T16:08:20.726521+00:00
佛山市南海区喜旺铝合金制品有限公司,佛山市南海区狮山镇颜峰工业区,广东省,佛山市,南海区,"经相关部门批准后方可开展经营活动,铝型材挤压,熔铸铝棒,电泳,依法须经批准的项目,氧化着色,加工,喷涂,铝合金制品,制造：铝合金制品",李**,00000000000,50.0,50万人民币,存续,,金属制餐具和器皿制造,80.0,enterprise,true,approved,tianxiagongchang.com,26281,https://www.tianxiagongchang.com/detail/26281_fo-shan-shi-nan-hai-qu-xi-wang-lv-he-jin-zhi-pin-you-xian-gong-si,铝合金制品,91440605747076708B,2003-02-13,,12,1,"存续,真实工厂",金属制餐具和器皿制造,2026-09-15T16:08:20.726521+00:00
临朐县春祥铝合金制品加工厂,临朐县江北建材城,山东省,潍坊市,临朐县,"铝合金制品,不锈钢配件,涂料销售,不锈钢制品来料加工及销售,钢结构配件,氟碳喷涂,木纹转印,粉末喷涂",颜**,00000000000,,,存续,,"金属结构制造,金属门窗制造",80.0,enterprise,true,approved,tianxiagongchang.com,228477,https://www.tianxiagongchang.com/detail/228477_lin-qu-xian-chun-xiang-lv-he-jin-zhi-pin-jia-gong-chang,铝合金制品,92370724MA3G08B925,2011-01-10,,2,1,"存续,真实工厂","金属结构制造,金属门窗制造",2026-09-15T16:08:20.726521+00:00
甘肃福禄海铝型材有限公司,甘肃省临夏州广河县三甲集镇上集村1社,甘肃省,临夏回族自治州,广河县,"铝棒,铝锭,铝型材,铝材加工,金属门窗制作,安装,五金电料销售,砂石料开采,沙石料,建筑材料销售",马**,00000000000,6500.0,6500万人民币,存续,,"铝压延加工,结构性金属制品制造",80.0,enterprise,true,approved,tianxiagongchang.com,792678,https://www.tianxiagongchang.com/detail/792678_gan-su-fu-lu-hai-lv-xing-cai-you-xian-gong-si,铝型材,916229245762531233,2011-05-30,http://www.fuluhai.com,21,4,"存续,真实工厂","铝压延加工,结构性金属制品制造",2026-09-15T16:08:20.726521+00:00
吴江市奥乐米铝型材加工厂,吴江区七都镇临湖经济区（望湖村18、19组）,江苏省,苏州市,吴江区,"铝及铝合金材,铝型材生产",沈**,00000000000,8000.0,8000万人民币,存续,,"其他建筑、安全用金属制品制造,铝压延加工",80.0,enterprise,true,approved,tianxiagongchang.com,1288716,https://www.tianxiagongchang.com/detail/1288716_wu-jiang-shi-ao-le-mi-lv-xing-cai-jia-gong-chang,铝型材,913205095985896724,2012-06-21,,5,1,"存续,真实工厂","其他建筑、安全用金属制品制造,铝压延加工",2026-09-15T16:08:20.726521+00:00
百色市和联铝型材有限公司,田阳县头塘镇百色新山铝产业示范园广银3#路2#地块,广西壮族自治区,百色市,田阳区,"铝型材,铜铝制品,不锈钢制品,钢材,塑料,铝型材所需的原辅材料生产、加工(凭许可证有效期内开展经营活动）销售,机械设备销售,房屋租赁服务",梁**,00000000000,1800.0,1800万人民币,存续,,"铝压延加工,有色金属合金制造",80.0,enterprise,true,approved,tianxiagongchang.com,392862,https://www.tianxiagongchang.com/detail/392862_bai-se-shi-he-lian-lv-xing-cai-you-xian-gong-si,铝型材,91451021587136010P,2011-11-24,,8,1,"存续,真实工厂","铝压延加工,有色金属合金制造",2026-09-15T16:08:20.726521+00:00
海安市华达铝型材有限公司,海安市曲塘镇人民西路35号,江苏省,南通市,海安市,"太阳能光伏发电,道路普通货物运输,加工,铝型材制品制造,铝型材及制品制造",刘**,00000000000,600.0,600万人民币,存续,,"铝压延加工,有色金属压延加工",80.0,enterprise,true,approved,tianxiagongchang.com,363957,https://www.tianxiagongchang.com/detail/363957_hai-an-shi-hua-da-lv-xing-cai-you-xian-gong-si,铝型材,91320621743740448B,2002-10-21,http://www.hdal.cn,10,2,"存续,真实工厂,曾用名,海安县华达铝型材有限公司","铝压延加工,有色金属压延加工",2026-09-15T16:08:20.726521+00:00
江西永胜铝型材有限公司,江西省赣江新区直管区新祺周二路50号,江西省,南昌市,新建区,"销售,技术的进出口业务,金属建材,铝型材加工,自营和代理各类商品",刘**,00000000000,1000.0,1000万人民币,存续,,"铝压延加工,铜压延加工",80.0,enterprise,true,approved,tianxiagongchang.com,456191,https://www.tianxiagongchang.com/detail/456191_jiang-xi-yong-sheng-lv-xing-cai-you-xian-gong-si,铝型材,913601277319599523,2001-09-14,,14,1,"存续,真实工厂","铝压延加工,铜压延加工",2026-09-15T16:08:20.726521+00:00
安徽智博工业铝型材科技有限公司,安徽省六安市裕安区平桥工业园兴华路安徽兰迪节能玻璃有限公司内东侧厂房,安徽省,六安市,裕安区,"铝型材及配件生产、加工、销售,装饰材料（不含危险化学品）,五金交电销售,铝合金门窗,塑钢门窗生产、销售及安装服务",孙**,00000000000,500.0,500万人民币,存续,,"金属结构制造,塑料板、管、型材制造",80.0,enterprise,true,approved,tianxiagongchang.com,1007285,https://www.tianxiagongchang.com/detail/1007285_an-hui-zhi-bo-gong-ye-lv-xing-cai-ke-ji-you-xian-gong-si,铝型材,91341503MA2WREPT1Q,2021-03-08,,2,1,"存续,真实工厂","金属结构制造,塑料板、管、型材制造",2026-09-15T16:08:20.726521+00:00
江西剑发铝型材有限公司,万载县工业园,江西省,宜春市,万载县,"废旧物品回收,门窗,进出口贸易,旅行箱,铝型材,铝棒,一般经营项目：铝型材,铝管,拉杆箱,铝制品,铝合金配件,铝合金配件生产和销售,铝箱",陈**,00000000000,1000.0,1000万人民币,存续,,"有色金属合金制造,其他未列明通用设备制造业",80.0,enterprise,true,approved,tianxiagongchang.com,1131897,https://www.tianxiagongchang.com/detail/1131897_jiang-xi-jian-fa-lv-xing-cai-you-xian-gong-si,铝型材,91360922076885271T,2013-09-11,,11,1,"存续,真实工厂","有色金属合金制造,其他未列明通用设备制造业",2026-09-15T16:08:20.726521+00:00
江阴市久泰铝型材有限公司,江阴市华士镇曙新工业园白龙路6号,江苏省,无锡市,江阴市,"太阳能铝边框的制造,太阳能铝边框,销售,加工,铝型材的加工",胡**,00000000000,500.0,500万人民币,存续,,铝压延加工,80.0,enterprise,true,approved,tianxiagongchang.com,2458115,https://www.tianxiagongchang.com/detail/2458115_jiang-yin-shi-jiu-tai-lv-xing-cai-you-xian-gong-si,铝型材,913202813020184097,2014-06-09,,5,1,"存续,真实工厂",铝压延加工,2026-09-15T16:08:20.726521+00:00
晋中东兴铝型材有限公司,山西省晋中市榆次区东郝村,山西省,晋中市,榆次区,"销售,铝型材,安装：铝型材,生产,道路货物运输",柴**,00000000000,1000.0,1000万人民币,存续,,"金属门窗制造,道路运输业,道路货物运输,其他道路货物运输",80.0,enterprise,true,approved,tianxiagongchang.com,3776656,https://www.tianxiagongchang.com/detail/3776656_jin-zhong-dong-xing-lv-xing-cai-you-xian-gong-si,铝型材,91140702701080867Q,1998-03-23,,7,2,"存续,真实工厂","金属门窗制造,道路运输业,道路货物运输,其他道路货物运输",2026-09-15T16:08:20.726521+00:00
河北华港铝型材有限公司,河北省沧州市河间市郭村乡边边村,河北省,沧州市,河间市,"铝型材加工、销售及安装,钢铁制防火门,防火窗,百叶窗生产销售及安装,不锈钢板销售,木制品加工销售",王**,00000000000,300.0,300万人民币,存续,,"铝压延加工,其他未列明金属制品制造",80.0,enterprise,true,approved,tianxiagongchang.com,2376,https://www.tianxiagongchang.com/detail/2376_he-bei-hua-gang-lv-xing-cai-you-xian-gong-si,铝型材,91130984MA09WUFM7H,2018-03-23,,5,2,"存续,真实工厂","铝压延加工,其他未列明金属制品制造",2026-09-15T16:08:20.726521+00:00
邹平县伟业钢结构工程有限责任公司,邹平县台子镇民营经济园,山东省,滨州市,邹平市,"钢结构,生产制造起重机械及配件,C型钢,隔热夹芯板,塔式起重机,门式起重机,施工升降机,桥式起重机,彩色压型板",卢**,00000000000,10000.0,10000万人民币,存续,,"生产专用起重机制造,其他物料搬运设备制造",80.0,enterprise,true,approved,tianxiagongchang.com,18603,https://www.tianxiagongchang.com/detail/18603_zou-ping-xian-wei-ye-gang-jie-gou-gong-cheng-you-xian-ze-ren-gong-si,钢结构,91371626737220681Q,2002-04-01,http://www.sdwyzg.cn,17,1,"存续,真实工厂,曾用名,邹平县伟业物资购销有限责任公司","生产专用起重机制造,其他物料搬运设备制造",2026-09-15T16:08:20.726521+00:00
华诚博远钢结构有限公司,天津市宝坻区新安镇工业园区4号路8号,天津市,天津市,宝坻区,"钢结构,网架,彩钢,活动房屋制造、销售及安装,工程设计,室内装饰设计,展览设计,技术开发,技术咨询,技术服务,不锈钢制品,建筑材料（砂石料除外）,保温材料,金属材料,金属门窗,五金交电批发兼零售,技术、货物进出口及其代理,机械设备,活动房板材租赁,住房租赁经营,钢结构工程施工,建筑专业承包,房屋建筑工程技术转让,技术推广",樊**,00000000000,27750.0,27750万人民币,存续,,"结构性金属制品制造,金属结构制造",80.0,enterprise,true,approved,tianxiagongchang.com,19884,https://www.tianxiagongchang.com/detail/19884_hua-cheng-bo-yuan-gang-jie-gou-you-xian-gong-si,钢结构,91120224328622786D,2015-04-02,http://www.hcbytop.com,9,1,"存续,真实工厂,曾用名,京冶华诚（天津）钢结构有限公司","结构性金属制品制造,金属结构制造",2026-09-15T16:08:20.726521+00:00
云南建投钢结构股份有限公司,云南省云南嵩明杨林工业园区,云南省,昆明市,嵩明县,"路桥钢结构,建筑装修装饰工程,钢结构工程设计,综合布线,滇池国际会展中心,承包,装修,轻型钢结构,消防设施工程,建筑智能化工程,通风工程,燃气管网工程,建筑工程承包施工,承担各类钢结构工程,土石方工程,建筑机械设备租赁及维修,的设计,水工钢结构工程等,网架,钢构件加工和销售,装饰工程设计及施工,承担非标准钢构件的制作和安装,房屋建筑工程施工,检测,建筑用金属制品生产,包括房屋钢结构,施工,长水国际机场,制作与安装",蒋*,00000000000,49154.57,49154.57万人民币,存续,,"结构性金属制品制造,其他建筑安装业",80.0,enterprise,true,approved,tianxiagongchang.com,199938,https://www.tianxiagongchang.com/detail/199938_yun-nan-jian-tou-gang-jie-gou-gu-fen-you-xian-gong-si,钢结构,915301276956599438,2009-09-18,http://www.ynjtgjg.com,65,1,"存续,真实工厂,曾用名,云南建工钢结构股份有限公司 云南建工钢结构有限公司","结构性金属制品制造,其他建筑安装业",2026-09-15T16:08:20.726521+00:00
江苏新蓝天钢结构有限公司,南京市江宁区秣陵开发区苏源大道96号,江苏省,南京市,江宁区,"钢结构设计,销售,安装,研发,制造,钢结构制品生产",陈**,00000000000,20000.0,20000万人民币,存续,,"金属结构制造,结构性金属制品制造",80.0,enterprise,true,approved,tianxiagongchang.com,201292,https://www.tianxiagongchang.com/detail/201292_jiang-su-xin-lan-tian-gang-jie-gou-you-xian-gong-si,钢结构,913200007307261964,2001-09-04,http://www.jsxlt.com,20,2,"存续,真实工厂","金属结构制造,结构性金属制品制造",2026-09-15T16:08:20.726521+00:00
山东天成钢结构有限公司,山东省临沂市经济技术开发区华夏路95号,山东省,临沂市,河东区,"钢结构材料销售,钢结构厂房安装,钢结构制作,钢结构,C型钢,工程安装,钢结构材料,钢结构安装,钢结构厂房,山东钢结构,钢结构工程,彩钢板,钢梁,钢结构设计",李**,00000000000,7000.0,7000万人民币,存续,,"金属结构制造,其他建筑安装",80.0,enterprise,true,approved,tianxiagongchang.com,322634,https://www.tianxiagongchang.com/detail/322634_shan-dong-tian-cheng-gang-jie-gou-you-xian-gong-si,钢结构,91371300559937689J,2010-08-16,http://www.sdtcgjg.com,23,1,"存续,真实工厂","金属结构制造,其他建筑安装",2026-09-15T16:08:20.726521+00:00
山东恒海钢结构有限公司,山东省临沂经济技术开发区柳工路与昆明路交汇处东500米,山东省,临沂市,河东区,"钢结构工程材料,新形建材材料",李*,00000000000,10000.0,10000万人民币,存续,,"结构性金属制品制造,金属结构制造",80.0,enterprise,true,approved,tianxiagongchang.com,327758,https://www.tianxiagongchang.com/detail/327758_shan-dong-heng-hai-gang-jie-gou-you-xian-gong-si,钢结构,91371300586092853Y,2011-11-16,,10,3,"存续,真实工厂,曾用名,临沂市恒大钢结构有限公司 临沂市河东区恒大钢结构有限公司","结构性金属制品制造,金属结构制造",2026-09-15T16:08:20.726521+00:00
西藏星瀚钢结构工程有限公司,西藏自治区拉萨市曲水县聂当工业园拉萨市家兴商贸有限公司院内,西藏自治区,拉萨市,曲水县,"钢结构加工及销售,机械设备安装及销售（不含特种设备）,钢结构工程,网架工程,建筑幕墙工程,电力工程,道路与桥梁工程,园林绿化工程,市政工程,水利水电工程,公路工程,净化车间工程,房屋建筑工程的施工,工程勘察设计专业承包,劳务分包（不含劳务派遣和对外劳务合作）,金属制品,金属材料（不含贵金属及稀有金属）,门窗,建筑材料（零售）,五金产品的销售,室内外装饰设计,电脑图文设计、制作和代理、发布,广告技术开发,技术服务,技术转让",息**,00000000000,8000.0,8000万人民币,存续,,"钢压延加工,金属结构制造",80.0,enterprise,true,approved,tianxiagongchang.com,351014,https://www.tianxiagongchang.com/detail/351014_xi-zang-xing-han-gang-jie-gou-gong-cheng-you-xian-gong-si,钢结构,91540124MAB03M5G69,2021-01-06,http://www.xzxh888.com,5,2,"存续,真实工厂","钢压延加工,金属结构制造",2026-09-15T16:08:20.726521+00:00
南宫市鑫环宇钢结构有限公司,南宫市经济开发区,河北省,邢台市,南宫市,"钢结构工程施工,建筑工程施工,市政工程施工,建筑幕墙工程施工,热泵技术中央空调系统工程施工,泡沫夹芯板,岩棉夹芯板,聚氨酯夹芯板,净化板,彩钢,钢架,网架,钢材,金属门窗,建筑机械,彩钢机械,通用机械,农业机械,汽车配件制造",齐**,00000000000,5152.0,5152万人民币,存续,,"金属结构制造,其他建筑安装",80.0,enterprise,true,approved,tianxiagongchang.com,373756,https://www.tianxiagongchang.com/detail/373756_nan-gong-shi-xin-huan-yu-gang-jie-gou-you-xian-gong-si,钢结构,91130581063108537B,2013-03-20,,3,1,"存续,真实工厂","金属结构制造,其他建筑安装",2026-09-15T16:08:20.726521+00:00
江苏华海钢结构有限公司,徐州市铜山区铜山镇新庄村北京路西,江苏省,徐州市,铜山区,"网架,收费站网架,仓储物流网架,造纸行业网架,网架配件,重钢结构,轻钢别墅,造船厂网架,轻钢活动房工程,轻钢结构工程,电厂干煤棚网架,干煤棚网架,钢铁工业网架,临时住房及办公场所,钢结构,不锈钢网架,水泥厂工业网架,碳钢网架,桥梁钢结构,公共场馆网架,工业厂房,大型仓储场所,管桁架,加油站网架,电厂锅炉钢结构户外钢构制品,体育场网架,轻钢结构,火车站网架,焊接球网架,太阳能光伏支架,大型会展中心网架钢构",姜**,00000000000,6010.0,6010万人民币,存续,,其他未列明建筑业,80.0,enterprise,true,approved,tianxiagongchang.com,399167,https://www.tianxiagongchang.com/detail/399167_jiang-su-hua-hai-gang-jie-gou-you-xian-gong-si,钢结构,9132031275846575XT,2004-02-25,,34,2,"存续,真实工厂,曾用名,徐州华海钢结构有限公司",其他未列明建筑业,2026-09-15T16:08:20.726521+00:00
天津市金万方钢结构有限公司,天津市武清区王庆坨镇尤张堡村东侧,天津市,天津市,武清区,"钢结构,建筑工程设计制造和施工,埋弧焊H型钢,1372001标准,高频焊H型钢,JG,彩色压型复合板材,钢结构件加工",崔**,00000000000,8000.0,8000万人民币,存续,,金属结构制造,80.0,enterprise,true,approved,tianxiagongchang.com,405249,https://www.tianxiagongchang.com/detail/405249_tian-jin-shi-jin-wan-fang-gang-jie-gou-you-xian-gong-si,钢结构,91120222671496430N,2008-03-20,http://www.jwfgjg.com,29,1,"存续,真实工厂",金属结构制造,2026-09-15T16:08:20.726521+00:00
邯郸市永年区众和紧固件有限公司,河北永年工业园区西南园区永洋大街西端南侧,河北省,邯郸市,永年区,"双头地铁连接螺栓,异形地铁连接螺栓,电气设备,光伏配件销售,机械设备及配件,矿用道钉,建筑工具租赁,地铁连接螺栓,地铁隧道连接螺栓,电力铁附件,连接器垫板,五金机电,电力配件,金属制品,金属表面处理,地铁管片螺栓,螺母连接器垫板,绝缘子金属附件,管材,电力金具,劳保用品,铁道钉,铁路配件,异型精轧螺母,钢绞线,铁路螺旋道钉,道钉,加厚精轧螺母,六角管片螺栓,紧固件,建筑机械,高铁精轧螺母,货物进出口业务,高空防坠落装置制造,机械设备技术研发,销售,螺纹钢螺母连接器垫板,垫板连接器,管片螺栓,管片螺栓厂家,钢材,精轧螺母",李**,00000000000,7000.0,7000万人民币,存续,,紧固件制造,80.0,enterprise,true,approved,tianxiagongchang.com,56604,https://www.tianxiagongchang.com/detail/56604_han-dan-shi-yong-nian-qu-zhong-he-jin-gu-jian-you-xian-gong-si,紧固件,911304295518742221,2010-03-12,,16,2,"存续,真实工厂,曾用名,永年县众和紧固件有限公司",紧固件制造,2026-09-15T16:08:20.726521+00:00
龙江龙汽配紧固件制造股份有限公司,湖北省荆州市沙市工业新区,湖北省,荆州市,沙市区,"航空航天、铁路、舰船、汽车用标准和异型紧固件的制造、加工与销售,生产、销售各种线材,钢材、铜线、有色金属材料,模具,工具,不锈钢制品,五金制品,电机,电缆,电线,阀门,水管,水泵,轮胎,汽配工具的销售,电子产品,电器设备,通讯器材,渔具,家具,板材,家电,服装,百货,轻纺产品,油漆,化工产品,建筑装饰材料的销售,紧固件设备制造与销售,售后服务",彭*,00000000000,28000.0,28000万人民币,存续,,"紧固件制造,锅炉及辅助设备制造",80.0,enterprise,true,approved,tianxiagongchang.com,242716,https://www.tianxiagongchang.com/detail/242716_long-jiang-long-qi-pei-jin-gu-jian-zhi-zao-gu-fen-you-xian-gong-si,紧固件,9142100077390241XT,2005-05-08,,4,2,"存续,真实工厂,曾用名,龙江龙精密螺丝制造有限公司 龙江龙汽配紧固件制造有限公司","紧固件制造,锅炉及辅助设备制造",2026-09-15T16:08:20.726521+00:00
武汉市川博紧固件有限公司,武汉市蔡甸区张湾街华英村杨家垸68号,湖北省,武汉市,蔡甸区,"销售,金属建筑材料,电力配件的制造,五金工具,紧固件,热镀锌处理",尹**,00000000000,6000.0,6000万人民币,存续,,紧固件制造,80.0,enterprise,true,approved,tianxiagongchang.com,564025,https://www.tianxiagongchang.com/detail/564025_wu-han-shi-chuan-bo-jin-gu-jian-you-xian-gong-si,紧固件,914201147963310078,2007-01-23,,6,1,"存续,真实工厂",紧固件制造,2026-09-15T16:08:20.726521+00:00
邯郸市固峰紧固件制造有限公司,河北省邯郸市永年区临洺关镇中华大街与107国道交叉口东行260米北侧,河北省,邯郸市,永年区,"精轧螺纹钢连接器,高强度螺母-异型螺母-异型螺栓,精轧螺母,高强螺母,高铁螺母,老牌紧固件,精轧螺纹钢,双头螺栓-全螺纹螺柱",杨**,00000000000,5200.0,5200万人民币,存续,,"紧固件制造,钢压延加工",80.0,enterprise,true,approved,tianxiagongchang.com,637760,https://www.tianxiagongchang.com/detail/637760_han-dan-shi-gu-feng-jin-gu-jian-zhi-zao-you-xian-gong-si,紧固件,91130408699208250W,2009-12-03,http://www.gufenggs.com,60,2,"存续,真实工厂","紧固件制造,钢压延加工",2026-09-15T16:08:20.726521+00:00
河北和茂紧固件制造有限公司,河北省邯郸市永年区临洺关镇北东街富强路东侧,河北省,邯郸市,永年区,"五金电料销售,紧固件制造,销售,电力金具,建筑建材,工矿配件,铁路配件,幕墙配件,金属建材",郑**,00000000000,5018.0,5018万人民币,存续,,"紧固件制造,其他有色金属压延加工",80.0,enterprise,true,approved,tianxiagongchang.com,830724,https://www.tianxiagongchang.com/detail/830724_he-bei-he-mao-jin-gu-jian-zhi-zao-you-xian-gong-si,紧固件,91130429MA07N3YA5M,2016-02-03,,13,1,"存续,真实工厂,曾用名,邯郸市永年区和茂紧固件制造有限公司 永年县和茂紧固件制造有限公司","紧固件制造,其他有色金属压延加工",2026-09-15T16:08:20.726521+00:00
邯郸市亚泉紧固件有限公司,河北省邯郸市永年区辛寨村南,河北省,邯郸市,永年区,"紧固件设备租赁,建筑设备,钢材销售,钢筋连接套筒加工,紧固件,铁路配件,销售,金属表面处理,建筑配件,工矿配件",郑**,00000000000,7000.0,7000万人民币,存续,,紧固件制造,80.0,enterprise,true,approved,tianxiagongchang.com,1446213,https://www.tianxiagongchang.com/detail/1446213_han-dan-shi-ya-quan-jin-gu-jian-you-xian-gong-si,紧固件,91130429787042692N,2006-04-20,,4,1,"存续,真实工厂",紧固件制造,2026-09-15T16:08:20.726521+00:00
浙江高强度紧固件有限公司,浙江省绍兴市柯桥区柯桥经济开发区柯北大道1158号,浙江省,绍兴市,柯桥区,"高强度抗腐蚀船舶机械用系列紧固件,美标693F,检测专用级高强度紧固件,高温预紧碟簧螺栓活压预紧技术,耐低温抗腐蚀石油化工用系列紧固件,生产,高强度核电专用系列紧固件,高温预紧碟形弹簧,高强度航天机械用系列紧固件,其他行业,德标DIN2093",葛**,00000000000,12000.0,12000万人民币,存续,,紧固件制造,80.0,enterprise,true,approved,tianxiagongchang.com,2029017,https://www.tianxiagongchang.com/detail/2029017_zhe-jiang-gao-qiang-du-jin-gu-jian-you-xian-gong-si,紧固件,91330621686659837P,2009-03-20,https://www.zjgaoqiang.com,30,2,"存续,真实工厂",紧固件制造,2026-09-15T16:08:20.726521+00:00
温州市鑫豹紧固件有限公司,浙江省温州市金海三道329号A区2幢,浙江省,温州市,龙湾区,"紧固件制造,仪器仪表代理",吴**,00000000000,5009.0,5009万人民币,存续,,紧固件制造,80.0,enterprise,true,approved,tianxiagongchang.com,2175522,https://www.tianxiagongchang.com/detail/2175522_wen-zhou-shi-xin-bao-jin-gu-jian-you-xian-gong-si,紧固件,9133030114565796XG,1994-01-18,,8,1,"存续,真实工厂,曾用名,温州市鑫豹紧固件厂 瑞安市鑫达紧固件厂",紧固件制造,2026-09-15T16:08:20.726521+00:00
河北运昌紧固件制造有限公司,河北省邯郸市永年区西滩头村南,河北省,邯郸市,永年区,"地脚螺栓,热镀锌螺栓,螺母,德标螺栓,防盗螺母,防阻块,高速公路护栏螺栓,拖架,柱帽,热镀锌,铁路配件,高强度螺栓,电力配件,铁塔螺栓,高强螺栓,热镀锌紧固件,护栏螺栓,热镀锌螺母,螺栓,紧固件,防盗螺栓,公路配件,六角螺栓",刘**,00000000000,5018.0,5018万人民币,存续,,"紧固件制造,其他有色金属压延加工",80.0,enterprise,true,approved,tianxiagongchang.com,2387997,https://www.tianxiagongchang.com/detail/2387997_he-bei-yun-chang-jin-gu-jian-zhi-zao-you-xian-gong-si,紧固件,9113040875029639X3,2003-07-03,http://www.ycbzj.cn,19,2,"存续,真实工厂,曾用名,永年县运昌紧固件制造有限公司","紧固件制造,其他有色金属压延加工",2026-09-15T16:08:20.726521+00:00
河北晟东紧固件制造有限公司,河北省邯郸市永年区临洺关镇西大街西山路中段南侧,河北省,邯郸市,永年区,"紧固件,工矿配件,铁路配件,建筑配件,电力金具,机械配件,农机配件制造、销售,钢材销售",武**,00000000000,5066.0,5066万人民币,存续,,紧固件制造,80.0,enterprise,true,approved,tianxiagongchang.com,2873398,https://www.tianxiagongchang.com/detail/2873398_he-bei-cheng-dong-jin-gu-jian-zhi-zao-you-xian-gong-si,紧固件,91130408MA07X2JH9N,2016-10-25,,5,1,"存续,真实工厂",紧固件制造,2026-09-15T16:08:20.726521+00:00
晋江市昌英螺丝工业有限公司,福建省泉州市晋江市经济开发区（五里园）灵安路昌英五金螺丝工贸城,福建省,泉州市,晋江市,"全丝牙杆,地脚螺栓,钢材螺丝螺帽,标准件螺丝,螺母,双头牙螺栓,零售各类紧固件",吴**,00000000000,3850.0,3850万人民币,存续,,"紧固件制造,金属制品业,铸造及其他金属制品制造,口腔科用设备及器具制造",80.0,enterprise,true,approved,tianxiagongchang.com,3517510,https://www.tianxiagongchang.com/detail/3517510_jin-jiang-shi-chang-ying-luo-si-gong-ye-you-xian-gong-si,螺丝,913505827051056975,1999-12-27,,9,1,"存续,真实工厂","紧固件制造,金属制品业,铸造及其他金属制品制造,口腔科用设备及器具制造",2026-09-15T16:08:20.726521+00:00
河北龙盛螺丝有限公司,河间市黎民居乡黄留保住村,河北省,沧州市,河间市,"机械,工业,加工,高强度螺丝",李**,00000000000,500.0,500万人民币,存续,,紧固件制造,80.0,enterprise,true,approved,tianxiagongchang.com,76921,https://www.tianxiagongchang.com/detail/76921_he-bei-long-sheng-luo-si-you-xian-gong-si,螺丝,911309846703100326,2007-12-13,http://www.longshengscrews.com,14,1,"存续,真实工厂,曾用名,河间市龙盛螺丝有限公司",紧固件制造,2026-09-15T16:08:20.726521+00:00
清远市浩东螺丝工业有限公司,清远市清城区龙塘镇银盏管理区泰基工业城内厂房三,广东省,清远市,清城区,"螺丝,线材,螺帽,机械,五金件",陈**,00000000000,500.0,500万人民币,存续,,"紧固件制造,通用零部件制造",80.0,enterprise,true,approved,tianxiagongchang.com,756523,https://www.tianxiagongchang.com/detail/756523_qing-yuan-shi-hao-dong-luo-si-gong-ye-you-xian-gong-si,螺丝,9144180276380500XJ,2004-06-10,,13,3,"存续,真实工厂","紧固件制造,通用零部件制造",2026-09-15T16:08:20.726521+00:00
深圳市欣盛盟螺丝有限公司,深圳市龙岗区布吉雪象村金鹏工业村14栋一层,广东省,深圳市,龙岗区,"五金件的加工,销售,普通货运,螺丝,其他行业",陈**,00000000000,1000.0,1000万人民币,存续,,金属结构制造,80.0,enterprise,true,approved,tianxiagongchang.com,1233278,https://www.tianxiagongchang.com/detail/1233278_shen-zhen-shi-xin-sheng-meng-luo-si-you-xian-gong-si,螺丝,91440300770341821W,2005-01-17,,14,2,"存续,真实工厂",金属结构制造,2026-09-15T16:08:20.726521+00:00
超亿螺丝工业（苏州）有限公司,太仓市浏河镇景海路8号,江苏省,苏州市,太仓市,"生产,华片组合机,螺丝,高档建筑五金件开发,销售公司自产产品,高档建筑五金件,螺帽,生产五金配件",沈**,00000000000,3926.29,552.9988万美元,存续,,"紧固件制造,口腔科用设备及器具制造",80.0,enterprise,true,approved,tianxiagongchang.com,1429972,https://www.tianxiagongchang.com/detail/1429972_chao-yi-luo-si-gong-ye-su-zhou-you-xian-gong-si,螺丝,913205857628084286,2004-06-10,,16,1,"存续,真实工厂","紧固件制造,口腔科用设备及器具制造",2026-09-15T16:08:20.726521+00:00
烟台拓邦螺丝有限公司,烟台开发区无锡路6号内3号楼1层,山东省,烟台市,福山区,"螺丝制造技术研发,货物,生产,五金零部件,紧固件技术的研发,技术进出口,螺丝,销售：螺丝",邱*,00000000000,1000.0,1000万人民币,存续,,"紧固件制造,其他金属工具制造",80.0,enterprise,true,approved,tianxiagongchang.com,2087427,https://www.tianxiagongchang.com/detail/2087427_yan-tai-tuo-bang-luo-si-you-xian-gong-si,螺丝,91370600695421417P,2009-10-10,,9,1,"存续,真实工厂","紧固件制造,其他金属工具制造",2026-09-15T16:08:20.726521+00:00
抚州市临川区恒达非标螺丝厂,江西省抚州市临川区荣山垦殖场,江西省,抚州市,临川区,"医用污桶制造销售,农机具,非标准件螺丝,汽车配件,农机配件",袁**,00000000000,160.0,160万人民币,存续,,汽车零部件及配件制造,80.0,enterprise,true,approved,tianxiagongchang.com,1086609,https://www.tianxiagongchang.com/detail/1086609_fu-zhou-shi-lin-chuan-qu-heng-da-fei-biao-luo-si-chang,螺丝,913610023147836856,2014-10-21,,5,1,"存续,真实工厂",汽车零部件及配件制造,2026-09-15T16:08:20.726521+00:00
东莞市合毅螺丝模具有限公司,东莞市凤岗镇凤德岭村凤翔路78号,广东省,东莞市,东莞市,"五金制品,技术进出口,产销：螺丝,塑胶制品,螺丝,货物进出口,模具",黄**,00000000000,200.0,200万人民币,存续,,"其他金属加工机械制造,电子和电工机械专用设备制造",80.0,enterprise,true,approved,tianxiagongchang.com,1155387,https://www.tianxiagongchang.com/detail/1155387_dong-guan-shi-he-yi-luo-si-mu-ju-you-xian-gong-si,螺丝,91441900315137052L,2014-09-28,,6,2,"存续,真实工厂","其他金属加工机械制造,电子和电工机械专用设备制造",2026-09-15T16:08:20.726521+00:00
永康市杨溪精工螺丝厂,浙江省永康市石柱镇泉湖工业区299号,浙江省,金华市,永康市,"电热锅配套设备及模具,胀型模及相关模具,螺丝,拉伸模,金属板材成型模具,探索设备电气化,锅体胀型机,切边模,本人着力研究,①锅体复底机,来图来料机械加工,橡胶,非金属材料制作成型模具,锅体落料模,圈边机,电动下料机,砂光机,砂底机,②不锈钢蒸格生产设备,来图来意非标设备的设计及制造,相关模具,工业脚轮,自动冲条模具,自动化冲床周边设备,模具",姚**,00000000000,150.0,150万人民币,存续,,"其他未列明运输设备制造,其他通用零部件制造",80.0,enterprise,true,approved,tianxiagongchang.com,1448323,https://www.tianxiagongchang.com/detail/1448323_yong-kang-shi-yang-xi-jing-gong-luo-si-chang,螺丝,91330784704593414J,2005-07-13,http://www.wenlide.com,14,1,"存续,真实工厂","其他未列明运输设备制造,其他通用零部件制造",2026-09-15T16:08:20.726521+00:00
厦门莉盛螺丝模具有限公司,厦门市集美区环珠路216号（主楼）三层1区,福建省,厦门市,集美区,"紧固件,螺丝模具,金属制品,螺丝,金属材料,模具",林**,00000000000,150.0,150万人民币,存续,,"模具制造,其他未列明金属制品制造",80.0,enterprise,true,approved,tianxiagongchang.com,1681441,https://www.tianxiagongchang.com/detail/1681441_xia-men-li-sheng-luo-si-mu-ju-you-xian-gong-si,螺丝,9135021176174336XE,2004-11-02,,17,1,"存续,真实工厂","模具制造,其他未列明金属制品制造",2026-09-15T16:08:20.726521+00:00
杭州富春弹簧有限公司,浙江省杭州市富阳区银湖街道高桥工业功能区88号,浙江省,杭州市,富阳区,"五金,弹簧,汽车,摩托车配件,扭转弹簧,压缩弹簧,其他弹簧,拉伸弹簧",邵**,00000000000,5234.23,5234.2279万人民币,存续,,"弹簧制造,通用设备制造业,通用零部件制造,紧固件制造,口腔科用设备及器具制造",80.0,enterprise,true,approved,tianxiagongchang.com,3894460,https://www.tianxiagongchang.com/detail/3894460_hang-zhou-fu-chun-tan-huang-you-xian-gong-si,弹簧,91330183742905431W,2002-09-04,,26,1,"存续,真实工厂","弹簧制造,通用设备制造业,通用零部件制造,紧固件制造,口腔科用设备及器具制造",2026-09-15T16:08:20.726521+00:00
江苏鑫琦气弹簧有限公司,泰州市高港区许庄街道创业大道310号,江苏省,泰州市,高港区,"饼干,零部件加工,机械零件,弹簧制造,汽车零部件及配件制造,零部件销售,面包,调味品,气压动力机械及元件销售,汽车零配件零售,糖果,汽车零部件研发,家具零配件生产,糕点生产,家具零配件销售,气压动力机械及元件制造,弹簧销售,辣椒酱",王**,00000000000,1072.0,1072万人民币,存续,,弹簧制造,80.0,enterprise,true,approved,tianxiagongchang.com,18324,https://www.tianxiagongchang.com/detail/18324_jiang-su-xin-qi-qi-tan-huang-you-xian-gong-si,弹簧,913212007827118266,2005-12-07,,14,2,"存续,真实工厂,曾用名,江苏慈光食品有限公司",弹簧制造,2026-09-15T16:08:20.726521+00:00
诸暨市能量弹簧有限公司,诸暨市陶朱街道白门下村,浙江省,绍兴市,诸暨市,"弹簧,五金配件,制造销售：弹簧",金**,00000000000,1500.0,1500万人民币,存续,,弹簧制造,80.0,enterprise,true,approved,tianxiagongchang.com,391572,https://www.tianxiagongchang.com/detail/391572_zhu-ji-shi-neng-liang-tan-huang-you-xian-gong-si,弹簧,91330681323489816G,2014-12-08,,10,2,"存续,真实工厂",弹簧制造,2026-09-15T16:08:20.726521+00:00
浙江裕荣弹簧有限公司,浙江省绍兴市诸暨市大唐街道柱山社区金家村626号,浙江省,绍兴市,诸暨市,"扭簧,焦化焦炉弹簧,汽车弹簧,压,高压开关弹簧及拉,电力机车弹簧,电梯弹簧,辑销售弹簧等",金**,00000000000,2000.0,2000万人民币,存续,,"弹簧制造,紧固件制造",80.0,enterprise,true,approved,tianxiagongchang.com,746708,https://www.tianxiagongchang.com/detail/746708_zhe-jiang-yu-rong-tan-huang-you-xian-gong-si,弹簧,91330681727214827B,2001-03-12,http://www.zjsprings.cn,18,1,"存续,真实工厂,曾用名,诸暨市裕荣弹簧有限公司","弹簧制造,紧固件制造",2026-09-15T16:08:20.726521+00:00
浙江金昌弹簧有限公司,浙江省绍兴市诸暨市陶朱街道千禧路23号,浙江省,绍兴市,诸暨市,"微型车,载重汽车气室制动弹簧,平面蜗卷弹簧,市机动车弹簧检测中心,钢板宝塔弹簧,扭簧,膜片弹簧,种类有压缩螺旋弹簧,拉簧,各类轿车,有电脑自动卷簧机,摩托车前后减震弹簧,模具弹簧,宝塔形弹簧,鼓形弹簧,摇窗机弹簧,碟簧,表面静电喷塑,微型汽车悬挂减震弹簧,波形弹簧,钢板弹簧,弹簧,滚道式弹簧强化喷丸机,卡簧,方扁钢弹簧",金**,00000000000,2188.0,2188万人民币,存续,,"弹簧制造,紧固件制造",80.0,enterprise,true,approved,tianxiagongchang.com,767325,https://www.tianxiagongchang.com/detail/767325_zhe-jiang-jin-chang-tan-huang-you-xian-gong-si,弹簧,913306817210541568,2000-04-24,,21,2,"存续,真实工厂,曾用名,诸暨市金昌弹簧有限公司","弹簧制造,紧固件制造",2026-09-15T16:08:20.726521+00:00
嘉兴泰克弹簧有限公司,嘉兴市秀洲区王江泾镇欣悦路33号,浙江省,嘉兴市,秀洲区,"弹簧,塑料胶木制品,金属拉丝加工服务,床垫的生产,机械零部件,自产产品的销售,五金冲件",徐**,00000000000,2889.7,2889.7008万人民币,存续,,"弹簧制造,口腔科用设备及器具制造",80.0,enterprise,true,approved,tianxiagongchang.com,774766,https://www.tianxiagongchang.com/detail/774766_jia-xing-tai-ke-tan-huang-you-xian-gong-si,弹簧,91330400693896443U,2009-10-26,,7,1,"存续,真实工厂","弹簧制造,口腔科用设备及器具制造",2026-09-15T16:08:20.726521+00:00
厦门屹泽精密弹簧有限公司,厦门火炬高新区创业园创业大厦217B室,福建省,厦门市,湖里区,"精密弹簧,精密冲压配件,经营各类商品,技术的进出口,五金沖压,塑料制品,弹簧,五金配件,不锈钢线材",李*,00000000000,1500.0,1500万人民币,存续,,"弹簧制造,铸造及其他金属制品制造",80.0,enterprise,true,approved,tianxiagongchang.com,911393,https://www.tianxiagongchang.com/detail/911393_xia-men-yi-ze-jing-mi-tan-huang-you-xian-gong-si,弹簧,913502005562429458,2010-09-08,http://www.hwa-1.com,16,1,"存续,真实工厂","弹簧制造,铸造及其他金属制品制造",2026-09-15T16:08:20.726521+00:00
新乡市盛晖弹簧有限公司,辉县市北云门镇中小营村,河南省,新乡市,辉县市,"汽车塑料配件加工销售,冲压件,弹簧,弹簧加工销售",李**,00000000000,1200.0,1200万人民币,存续,,"金属结构制造,弹簧制造",80.0,enterprise,true,approved,tianxiagongchang.com,948747,https://www.tianxiagongchang.com/detail/948747_xin-xiang-shi-sheng-hui-tan-huang-you-xian-gong-si,弹簧,91410782MA3XC7N463,2016-07-25,,3,1,"存续,真实工厂","金属结构制造,弹簧制造",2026-09-15T16:08:20.726521+00:00
扬州兰扬弹簧制造有限公司,扬州市广陵区秦邮南路32号,江苏省,扬州市,广陵区,"销售,管道支吊架,分布式光伏发电,碟形弹簧,热处理,碟簧碟形弹簧高温碟簧涡卷弹簧,金加工,各种弹簧,道路普通货物运输,密封件制造",王**,00000000000,4500.0,4500万人民币,存续,,"弹簧制造,其他通用零部件制造",80.0,enterprise,true,approved,tianxiagongchang.com,1082336,https://www.tianxiagongchang.com/detail/1082336_yang-zhou-lan-yang-tan-huang-zhi-zao-you-xian-gong-si,弹簧,91321002714108662E,1999-06-25,http://www.lanyang.cn,13,1,"存续,真实工厂","弹簧制造,其他通用零部件制造",2026-09-15T16:08:20.726521+00:00
福州长榕弹簧有限公司,福建省福州市马尾区亭江镇亭江路99号万洋众创城A02栋101、201、301室厂房,福建省,福州市,马尾区,"生产减震器,履带连续式回火炉,履带式抛丸机,高频疲劳试验机,履带式回火炉,制动器总成弹簧,变频式自动卷簧机,弹簧扭转试验机,双数显自动拉压机,弹簧及五金件,弹簧端面自动磨床,全自动电脑卷簧机,专用高强度紧固件,精密弹簧,组合仪表弹簧,30TCNC8工位自动卷簧机,自动扭簧机及电脑测验仪",黄**,00000000000,3000.0,3000万人民币,存续,,"弹簧制造,口腔科用设备及器具制造",80.0,enterprise,true,approved,tianxiagongchang.com,1292364,https://www.tianxiagongchang.com/detail/1292364_fu-zhou-zhang-rong-tan-huang-you-xian-gong-si,弹簧,91350100633910549R,2000-10-16,http://www.crspring.cn,19,1,"存续,真实工厂","弹簧制造,口腔科用设备及器具制造",2026-09-15T16:08:20.726521+00:00
湖南富石数控刀具有限公司,湖南省邵阳市邵阳经济开发区F-11地块富兰地工业园区,湖南省,邵阳市,邵阳县,"切削工具,刀具,五金制品,货物进出口,技术进出口,金属加工液,金属材料的批发、零售",刘**,00000000000,16000.0,16000万人民币,存续,,切削工具制造,80.0,enterprise,true,approved,tianxiagongchang.com,640502,https://www.tianxiagongchang.com/detail/640502_hu-nan-fu-shi-shu-kong-dao-ju-you-xian-gong-si,刀具,91430500MA4T0KTD6G,2020-12-21,,9,2,"存续,真实工厂,曾用名,湖南富兰地工具有限公司",切削工具制造,2026-09-15T16:08:20.726521+00:00
浙江上优刀具有限公司,浙江省台州市温岭市东部新区二十五街9号,浙江省,台州市,温岭市,"高精度复杂齿轮刀具,滚刀插齿刀剃齿刀,重切滚刀,镶片滚刀,剃齿刀系列刀具,高效滚刀,插齿刀",赵**,00000000000,7000.0,7000万人民币,存续,,"金属表面处理及热处理加工,金属丝绳及其制品制造",80.0,enterprise,true,approved,tianxiagongchang.com,740077,https://www.tianxiagongchang.com/detail/740077_zhe-jiang-shang-you-dao-ju-you-xian-gong-si,刀具,91331081687881704Q,2009-04-21,http://www.shangyoutools.com,16,1,"存续,真实工厂","金属表面处理及热处理加工,金属丝绳及其制品制造",2026-09-15T16:08:20.726521+00:00
湖南合盾工程刀具有限公司,湖南省株洲市荷塘区金精路158号嘉德工业园5号栋厂房203、103、303号,湖南省,株洲市,荷塘区,"工程机械制造,机械配件加工,切削工具,合金刀具,矿山工具,硬质合金制品,矿产品,建筑材料,化工产品（不含危险化学品）,稀有稀土金属,机械设备及配件,五金产品,电子产品,建筑工程施工设备,电线电缆的销售,隧道工程施工技术咨询,新材料技术开发服务",黄*,00000000000,1188.0,1188万人民币,存续,,"机械零部件加工,其他未列明通用设备制造业",80.0,enterprise,true,approved,tianxiagongchang.com,563767,https://www.tianxiagongchang.com/detail/563767_hu-nan-he-dun-gong-cheng-dao-ju-you-xian-gong-si,刀具,91430211MA4L47LWXC,2016-05-09,,4,1,"存续,真实工厂","机械零部件加工,其他未列明通用设备制造业",2026-09-15T16:08:20.726521+00:00
马鞍山信業机械刀具有限公司,马鞍山市博望区新市镇新市工业园大龙港路6号厂房,安徽省,马鞍山市,博望区,"机械刀具,机械模具,机械设备及配件,机床生产、销售,自营和代理各类商品,技术的进出口业务",黄**,00000000000,2800.0,2800万人民币,存续,,"其他金属加工机械制造,金属成形机床制造",80.0,enterprise,true,approved,tianxiagongchang.com,879411,https://www.tianxiagongchang.com/detail/879411_ma-an-shan-xin-ye-ji-xie-dao-ju-you-xian-gong-si,刀具,91340506MA2N9PFG52,2016-12-26,,4,2,"存续,真实工厂","其他金属加工机械制造,金属成形机床制造",2026-09-15T16:08:20.726521+00:00
福建南安市日升刀具有限公司,南安市水头镇西锦村,福建省,泉州市,南安市,"＆石材刀具,石材刀具,加工,石板材加工,销售：石材刀具",吴**,00000000000,1108.0,1108万人民币,存续,,切削工具制造,80.0,enterprise,true,approved,tianxiagongchang.com,934108,https://www.tianxiagongchang.com/detail/934108_fu-jian-nan-an-shi-ri-sheng-dao-ju-you-xian-gong-si,刀具,913505837617790638,2004-05-27,,6,2,"存续,真实工厂",切削工具制造,2026-09-15T16:08:20.726521+00:00
山东欧诺威数控刀具有限公司,山东省济宁市泗水县金庄镇代家庄村泉源大道北，金工路西,山东省,济宁市,泗水县,"汽车配件,通用机械,货物及技术的进出口业务,五金机电,钢材批发,液压机械配件,铸造锻件,机床附件,数控刀具,零售,数控刀具数控刀柄机床附件工量刃具,工量刃具",王**,00000000000,1500.0,1500万人民币,存续,,"机床功能部件及附件制造,其他医疗设备及器械制造",80.0,enterprise,true,approved,tianxiagongchang.com,996764,https://www.tianxiagongchang.com/detail/996764_shan-dong-ou-nuo-wei-shu-kong-dao-ju-you-xian-gong-si,刀具,913708313261885339,2014-12-17,http://www.ounuowei.com,17,1,"存续,真实工厂","机床功能部件及附件制造,其他医疗设备及器械制造",2026-09-15T16:08:20.726521+00:00
湖南省专注螺纹刀具有限公司,湖南省邵阳市新宁县金石镇湘商产业园区金兴路东北侧,湖南省,邵阳市,新宁县,"刀剪及类似日用金属工具制造,切削刀具,螺纹刀具,铣刀,钻头的制造与销售,自营和代理各类商品及技术的进出口贸易",彭**,00000000000,2000.0,2000万人民币,存续,,刀剪及类似日用金属工具制造,80.0,enterprise,true,approved,tianxiagongchang.com,1068194,https://www.tianxiagongchang.com/detail/1068194_hu-nan-sheng-zhuan-zhu-luo-wen-dao-ju-you-xian-gong-si,刀具,91430528MA4Q4HE80J,2018-11-22,,8,2,"存续,真实工厂",刀剪及类似日用金属工具制造,2026-09-15T16:08:20.726521+00:00
重庆市大足区永利刀具有限公司,重庆市大足区龙水镇工业园区（龙西路23号）,重庆市,重庆市,大足区,"厨师刀,各种组合礼品刀,勺子,锅,厨房刀具,厨用刀,料理刀,水果刀,锅铲,其他五金制品,斩骨刀,菜刀,陶瓷刀,其它厨房用品",刘**,00000000000,1400.0,1400万人民币,存续,,"刀剪及类似日用金属工具制造,切削工具制造",80.0,enterprise,true,approved,tianxiagongchang.com,1278163,https://www.tianxiagongchang.com/detail/1278163_chong-qing-shi-da-zu-qu-yong-li-dao-ju-you-xian-gong-si,刀具,91500225075665728Q,2013-08-19,https://www.yonglidao.com,7,2,"存续,真实工厂","刀剪及类似日用金属工具制造,切削工具制造",2026-09-15T16:08:20.726521+00:00
马鞍山市福鼎机械刀具有限公司,安徽省马鞍山市博望区博望镇崂山路与松花江路交叉口北80米,安徽省,马鞍山市,博望区,"塑料包装容器裁纸机,机械刀具,裁纸刀塑料编织机滚筒刮板干燥机橡胶造粒机二极管成型模缝纫机械集装箱装卸机械体育玩具分纸机绷网机仓储货架塑料包装容器其他通用五金配件,机械配件",程**,00000000000,2000.0,2000万人民币,存续,,切削工具制造,80.0,enterprise,true,approved,tianxiagongchang.com,1401586,https://www.tianxiagongchang.com/detail/1401586_ma-an-shan-shi-fu-ding-ji-xie-dao-ju-you-xian-gong-si,刀具,913405065689721607,2011-01-30,http://www.fudingdj.com,14,1,"存续,真实工厂",切削工具制造,2026-09-15T16:08:20.726521+00:00
马鞍山市金菲硬质合金刀具有限公司,博望区博望镇两博大道,安徽省,马鞍山市,博望区,"合金横剪刀,乔格刀具,硬质合金刀具,合金刀具,合金纵剪刀,合金冲孔模,阿斯通刀,模具及机械配件加工,素能刀具,合金v冲",陈**,00000000000,3000.0,3000万人民币,存续,,"金属切削机床制造,其他金属加工机械制造",80.0,enterprise,true,approved,tianxiagongchang.com,1522481,https://www.tianxiagongchang.com/detail/1522481_ma-an-shan-shi-jin-fei-ying-zhi-he-jin-dao-ju-you-xian-gong-si,刀具,91340506790115987A,2006-06-22,http://www.jinfeicn.com,15,2,"存续,真实工厂","金属切削机床制造,其他金属加工机械制造",2026-09-15T16:08:20.726521+00:00
沧州兴达机床量具有限公司,泊头市交河镇,河北省,沧州市,泊头市,"旅游,t型槽装配平台,模具垫板,各种量具,实验室基础平板,餐饮,酒店,检验平板,机床设备配套,铸造机械加工,镗铣床工作台,机床床身,对接床身,弯板,划线平板,平尺,槽铁垫箱,三座标平板,立车工作台,方箱,大理石平板,机床研检具,铆焊平板,铸铁平板",孟**,00000000000,5050.0,5050万人民币,存续,,"黑色金属铸造,通用设备制造业,通用零部件制造,其他通用零部件制造",80.0,enterprise,true,approved,tianxiagongchang.com,3603265,https://www.tianxiagongchang.com/detail/3603265_cang-zhou-xing-da-ji-chuang-liang-ju-you-xian-gong-si,量具,91130981794168963P,2006-09-29,http://www.xdjclj.com,47,3,"存续,真实工厂","黑色金属铸造,通用设备制造业,通用零部件制造,其他通用零部件制造",2026-09-15T16:08:20.726521+00:00
泊头市正午量具制造有限公司,河北省沧州市泊头市交河镇白道口村,河北省,沧州市,泊头市,"绘图,计算及测量仪器制造,工量具,钢结构,除尘器及配件,大理石平台,过滤设备,销售及维修,阀门及配件,模具,油泵,联轴器销售",贾**,00000000000,1500.0,1500万人民币,存续,,绘图、计算及测量仪器制造,80.0,enterprise,true,approved,tianxiagongchang.com,836405,https://www.tianxiagongchang.com/detail/836405_bo-tou-shi-zheng-wu-liang-ju-zhi-zao-you-xian-gong-si,量具,91130981MA0G149721,2021-02-23,,2,1,"存续,真实工厂",绘图、计算及测量仪器制造,2026-09-15T16:08:20.726521+00:00
汉中米克隆工量具实业有限公司,陕西省汉中市汉台区铺镇工业园区高新路南侧,陕西省,汉中市,汉台区,"螺纹塞规,同轴度量规,校对螺纹塞规,光面环规,光面塞规螺纹塞规螺纹环规光面环规,工量具产品及综合服务",吴**,00000000000,1300.0,1300万人民币,存续,,"其他金属加工机械制造,机械设备、五金产品及电子产品批发",80.0,enterprise,true,approved,tianxiagongchang.com,916907,https://www.tianxiagongchang.com/detail/916907_han-zhong-mi-ke-long-gong-liang-ju-shi-ye-you-xian-gong-si,量具,916107026751267448,2008-06-05,,12,2,"存续,真实工厂","其他金属加工机械制造,机械设备、五金产品及电子产品批发",2026-09-15T16:08:20.726521+00:00
靖江量具有限公司,江苏省靖江市季市镇新马路85号,江苏省,泰州市,靖江市,"测量工具和切削工具及附件和零部件,千分尺,游标卡尺,生产和销售,制造游标类卡尺,并提供相关售后服务,销售本企业所生产的产品,量表,手动量具量研制,开发",张**,00000000000,2380.0,2380万人民币,存续,,"绘图、计算及测量仪器制造,其他未列明专业技术服务业",80.0,enterprise,true,approved,tianxiagongchang.com,1052554,https://www.tianxiagongchang.com/detail/1052554_jing-jiang-liang-ju-you-xian-gong-si,量具,91321282608773220G,1987-06-03,http://www.jmtc.cn,31,1,"存续,真实工厂","绘图、计算及测量仪器制造,其他未列明专业技术服务业",2026-09-15T16:08:20.726521+00:00
泊头市恒丰工量具有限公司,泊头市交河镇新华路,河北省,沧州市,泊头市,"设备研究,机床附件,工程设计,量仪,安装调试,量具,大理石平板,直角尺,弯板,机械设备,平板维修,HT200-300大型铸铁平板,咨询服务,偏摆检查仪,调整垫铁",刘*,00000000000,1100.0,1100万人民币,存续,,"绘图、计算及测量仪器制造,通用设备制造业,金属加工机械制造,其他金属加工机械制造,其他未列明金属制品制造",80.0,enterprise,true,approved,tianxiagongchang.com,3960295,https://www.tianxiagongchang.com/detail/3960295_bo-tou-shi-heng-feng-gong-liang-ju-you-xian-gong-si,量具,91130981550413491D,2010-01-14,http://www.hflj.cn,27,3,"存续,真实工厂","绘图、计算及测量仪器制造,通用设备制造业,金属加工机械制造,其他金属加工机械制造,其他未列明金属制品制造",2026-09-15T16:08:20.726521+00:00
万载县江明精密量具有限公司,江西省宜春市万载县工业园B4区,江西省,宜春市,万载县,"电镀,量具,工具,电子产品,塑胶,工艺装备的制造与销售,刃具,进出口贸易,热处理,五金,一般经营项目：量具",刘**,00000000000,3500.0,3500万人民币,存续,,其他金属工具制造,80.0,enterprise,true,approved,tianxiagongchang.com,4300320,https://www.tianxiagongchang.com/detail/4300320_wan-zai-xian-jiang-ming-jing-mi-liang-ju-you-xian-gong-si,量具,91360922690969416J,2009-07-09,,4,1,"存续,真实工厂",其他金属工具制造,2026-09-15T16:08:20.726521+00:00
江苏苏工量具有限公司,兴化市大垛镇民政工业园,江苏省,泰州市,兴化市,量具器件制造、加工、销售,陆**,00000000000,518.0,518万人民币,存续,,"绘图、计算及测量仪器制造,金属工具制造",80.0,enterprise,true,approved,tianxiagongchang.com,313416,https://www.tianxiagongchang.com/detail/313416_jiang-su-su-gong-liang-ju-you-xian-gong-si,量具,9132128166131383X7,2007-04-24,,10,1,"存续,真实工厂","绘图、计算及测量仪器制造,金属工具制造",2026-09-15T16:08:20.726521+00:00
靖江市德庆量具有限公司,靖江市季市镇季市北路88号,江苏省,泰州市,靖江市,"气体保护连续淬火炉,游标卡尺,量具类产品,1,深度尺,2,3,带表卡尺,异型量具产品的开发及工艺设计,卡尺角尺标激光刻线螺,角尺,各类游标卡尺,数显卡尺,各种专用,高度尺",孙**,00000000000,588.0,588万人民币,存续,,绘图、计算及测量仪器制造,80.0,enterprise,true,approved,tianxiagongchang.com,986132,https://www.tianxiagongchang.com/detail/986132_jing-jiang-shi-de-qing-liang-ju-you-xian-gong-si,量具,91321282740679186E,2002-07-13,,13,1,"存续,真实工厂,曾用名,靖江市三丰量具有限公司",绘图、计算及测量仪器制造,2026-09-15T16:08:20.726521+00:00
浙江中量量具科技有限公司,温岭市城西街道九龙大道1059-3号,浙江省,台州市,温岭市,"激光打标机,量具及配件,塑料制品制造,金属工具及配件研发,仪器,外径千分尺,销售,制造,略",金**,00000000000,500.0,500万人民币,存续,,"绘图、计算及测量仪器制造,其他金属工具制造",80.0,enterprise,true,approved,tianxiagongchang.com,1163212,https://www.tianxiagongchang.com/detail/1163212_zhe-jiang-zhong-liang-liang-ju-ke-ji-you-xian-gong-si,量具,913310817782597429,2005-07-22,,17,1,"存续,真实工厂,曾用名,台州市新上量量具有限公司","绘图、计算及测量仪器制造,其他金属工具制造",2026-09-15T16:08:20.726521+00:00
温岭市鸿泰工量具有限公司,浙江省台州市温岭市城西街道工业城九龙大道北（温岭市贺云汽车钣金厂内）,浙江省,台州市,温岭市,"工具,量具,金属切削刃具制造、加工、销售,货物进出口,技术进出口",王**,00000000000,1000.0,1000万人民币,存续,,"切削工具制造,其他金属加工机械制造",80.0,enterprise,true,approved,tianxiagongchang.com,1550818,https://www.tianxiagongchang.com/detail/1550818_wen-ling-shi-hong-tai-gong-liang-ju-you-xian-gong-si,量具,91331081778280939F,2005-08-03,,9,2,"存续,真实工厂","切削工具制造,其他金属加工机械制造",2026-09-15T16:08:20.726521+00:00
永嘉跃龙密封件有限公司,浙江省温州市永嘉县瓯北街道五星工业区（浙江稀品流体设备有限公司内）,浙江省,温州市,永嘉县,"密封件,技术进出口,丁晴橡胶O型圈,五金机电,机电设备,货物进出口,木箱,泵,水暖洁具,四氟包覆O型圈,工程塑料制品,阀门配件,消防器材,橡胶O型圈,电动装置,电控设备,阀门,橡胶制品,电线电缆,氟橡胶O型圈,阀门维修",杨**,00000000000,5180.0,5180万人民币,存续,,"通用零部件制造,金属密封件制造",80.0,enterprise,true,approved,tianxiagongchang.com,1230301,https://www.tianxiagongchang.com/detail/1230301_yong-jia-yue-long-mi-feng-jian-you-xian-gong-si,密封件,913303245586457488,2010-07-22,http://www.yuelongseal.com,17,1,"存续,真实工厂","通用零部件制造,金属密封件制造",2026-09-15T16:08:20.726521+00:00
慈溪埃弗龙密封件有限公司,浙江省慈溪市观海卫镇工业园东区通业路21号,浙江省,宁波市,慈溪市,"钢带开条机,密封填料,芳纶盘根,密封垫片,碟簧垫片,四氟包覆垫片,金属缠绕垫,埃弗龙AIFLON”密封件,盘根工具,其他行业,石棉盘根垫片,四氟板,金属包覆机,橡胶板,无石棉垫片,生产各种盘根产品,金属包覆垫,膨胀石墨盘,塔填料,云母板,石墨板,中小型缠绕机,无石棉板,橡胶垫片,石棉橡胶板密封设备,石墨开条机,工具盒,橡胶密封件,石墨高强垫片,密封板材,密封机械设备,碳纤维盘,板材滚压机密封填料,膨胀四氟盘,纤维板,金属齿形垫",胡*,00000000000,5800.0,5800万人民币,存续,,"金属密封件制造,石墨及碳素制品制造",80.0,enterprise,true,approved,tianxiagongchang.com,2537726,https://www.tianxiagongchang.com/detail/2537726_ci-xi-ai-fu-long-mi-feng-jian-you-xian-gong-si,密封件,9133020074737748XT,2003-05-06,https://www.aiflon.cn,71,2,"存续,真实工厂","金属密封件制造,石墨及碳素制品制造",2026-09-15T16:08:20.726521+00:00
四川久龙密封件制造有限公司,自贡市沿滩区卫坪镇蔡市村四组（胡家桥）,四川省,自贡市,沿滩区,"进出口贸易,化工产品,生产,非标准件加工,钢材,百货,销售机械密封件,电器,五金,销售水泵",雷*,00000000000,6800.0,6800万人民币,存续,,"金属密封件制造,制浆和造纸专用设备制造",80.0,enterprise,true,approved,tianxiagongchang.com,3431348,https://www.tianxiagongchang.com/detail/3431348_si-chuan-jiu-long-mi-feng-jian-zhi-zao-you-xian-gong-si,密封件,91510300MA6205126L,1997-10-15,http://www.scjlmf.com,12,1,"存续,真实工厂,曾用名,自贡市久龙机械制造有限公司","金属密封件制造,制浆和造纸专用设备制造",2026-09-15T16:08:20.726521+00:00
宁波奉化骏华工业密封件厂,浙江省宁波市奉化区尚田街道(楼岩工业区)尚董公路8号2号楼（自主申报）,浙江省,宁波市,奉化区,"五金配件,机械密封制造,石油机械,泵,密封件,环保设备,化工产品,磁性器材,汽车配件,家用电器",徐**,00000000000,5286.0,5286万人民币,存续,,"通用设备制造业,通用零部件制造,金属密封件制造",80.0,enterprise,true,approved,tianxiagongchang.com,3577216,https://www.tianxiagongchang.com/detail/3577216_ning-bo-feng-hua-jun-hua-gong-ye-mi-feng-jian-chang,密封件,91330283724092641F,1999-08-30,,6,1,"存续,真实工厂,曾用名,奉化市工业密封件厂","通用设备制造业,通用零部件制造,金属密封件制造",2026-09-15T16:08:20.726521+00:00
浙江省青田县石化密封件有限公司,浙江青田县鹤城街道平演村前路街129号,浙江省,丽水市,青田县,"碳纤维盘根石墨密封件,加工,密封件,五金配件制造",林*,00000000000,7000.0,7000万人民币,存续,,"通用设备制造业,通用零部件制造,金属密封件制造",80.0,enterprise,true,approved,tianxiagongchang.com,3670393,https://www.tianxiagongchang.com/detail/3670393_zhe-jiang-sheng-qing-tian-xian-shi-hua-mi-feng-jian-you-xian-gong-si,密封件,913311217047612540,1998-09-28,http://www.zjqtsh.com,11,2,"存续,真实工厂","通用设备制造业,通用零部件制造,金属密封件制造",2026-09-15T16:08:20.726521+00:00
宁波艾克密封件制造有限公司,浙江省象山县经济开发区滨海工业园金城路15号,浙江省,宁波市,象山县,"但国家限定经营或禁止进出口的货物和技术除外,密封件设备的制造,石化机械配件,自营和代理各类货物和技术的进出口,密封件",郑**,00000000000,1050.0,1050万人民币,存续,,"金属密封件制造,其他医疗设备及器械制造",80.0,enterprise,true,approved,tianxiagongchang.com,242191,https://www.tianxiagongchang.com/detail/242191_ning-bo-ai-ke-mi-feng-jian-zhi-zao-you-xian-gong-si,密封件,91330225671225796T,2008-03-07,,8,1,"存续,真实工厂","金属密封件制造,其他医疗设备及器械制造",2026-09-15T16:08:20.726521+00:00
无锡市豪达石化核电密封件有限公司,无锡市滨湖区胡埭镇钱胡路1370号,江苏省,无锡市,滨湖区,"化工设备配件,金属水暖管道零件,石墨制品,金属油罐附件,过滤器,塑料制品,阻火器,加工,金属缠绕垫,密封件,橡胶制品,石墨复合垫等密封件产品,通用设备配件,法兰的制造",吴**,00000000000,1068.0,1068万人民币,存续,,"金属密封件制造,其他通用设备制造业",80.0,enterprise,true,approved,tianxiagongchang.com,364296,https://www.tianxiagongchang.com/detail/364296_wu-xi-shi-hao-da-shi-hua-he-dian-mi-feng-jian-you-xian-gong-si,密封件,913202117035624135,1999-05-06,http://www.wxhaoda.com,11,1,"存续,真实工厂","金属密封件制造,其他通用设备制造业",2026-09-15T16:08:20.726521+00:00
宁波新艺密封件有限公司,浙江省宁波象保合作区航天大道99号12幢551室,浙江省,宁波市,象山县,"石墨垫片,密封盘根,密封垫片,原材料,密封件,密封垫,四氟垫片,盘根,石墨增强垫片,金属缠绕垫片",宋**,00000000000,1518.0,1518万人民币,存续,,"金属密封件制造,其他机械设备及电子产品批发",80.0,enterprise,true,approved,tianxiagongchang.com,420477,https://www.tianxiagongchang.com/detail/420477_ning-bo-xin-yi-mi-feng-jian-you-xian-gong-si,密封件,9133020675628164XE,2003-12-24,http://www.nbxymf.cn,24,2,"存续,真实工厂,曾用名,宁波经济技术开发区新艺密封件有限公司","金属密封件制造,其他机械设备及电子产品批发",2026-09-15T16:08:20.726521+00:00
浙江中吉机械密封件有限公司,浙江省嘉兴市嘉善县惠民街道鑫达路99号17号厂房、研发楼第6、7层,浙江省,嘉兴市,嘉善县,"机械密封件及配件,橡胶制品,五金制品,碳化硅制品,进出口业务",应**,00000000000,2800.0,2800万人民币,存续,,"液压动力机械及元件制造,金属密封件制造",80.0,enterprise,true,approved,tianxiagongchang.com,825964,https://www.tianxiagongchang.com/detail/825964_zhe-jiang-zhong-ji-ji-xie-mi-feng-jian-you-xian-gong-si,密封件,91330421MA2BCN973H,2019-01-03,http://www.zjzjmfj.com,5,1,"存续,真实工厂","液压动力机械及元件制造,金属密封件制造",2026-09-15T16:08:20.726521+00:00
浙江天书密封件有限公司,浙江省嘉兴市嘉善县陶庄镇夏湖大道88号,浙江省,嘉兴市,嘉善县,密封件,王**,00000000000,3600.0,3600万人民币,存续,,"橡胶零件制造,金属密封件制造",80.0,enterprise,true,approved,tianxiagongchang.com,1042314,https://www.tianxiagongchang.com/detail/1042314_zhe-jiang-tian-shu-mi-feng-jian-you-xian-gong-si,密封件,91330421MA28A314X1,2015-11-26,http://www.tianshuseal.cn,14,3,"存续,真实工厂","橡胶零件制造,金属密封件制造",2026-09-15T16:08:20.726521+00:00
沧州方舟橡胶制品有限公司,沧东经济开发区,河北省,沧州市,运河区,"再生胶,橡胶制品,生产,橡胶制品及各种橡胶辅料,各种橡胶辅料,货物及技术进出口,销售：再生胶",蔡**,00000000000,8940.0,8940万人民币,存续,,再生橡胶制造,80.0,enterprise,true,approved,tianxiagongchang.com,2428,https://www.tianxiagongchang.com/detail/2428_cang-zhou-fang-zhou-xiang-jiao-zhi-pin-you-xian-gong-si,橡胶制品,91130921084991787M,2013-12-12,,2,1,"存续,真实工厂",再生橡胶制造,2026-09-15T16:08:20.726521+00:00
河北岳盟橡胶制品有限公司,河北省衡水市景县景州镇橡塑管业辅导基地168号,河北省,衡水市,景县,"外墙保温,橡塑线缆密封组件,伸缩缝及施工,泡沫板,智能井盖,防水,管材,防火涂料及施工,防水卷材及施工,遇水膨胀止水条,五金劳保,条,橡胶坝袋及安装,锚具,钢板止水,公路护栏,防腐,土工材料,桥梁充气芯膜,件,橡胶制品,密封胶,铜止水,桥梁支座,桥涵波纹管,止水条,透水管,线缆密组件,标线及施工,哈芬槽,止水带,标志牌,膏,盲沟",李*,00000000000,10800.0,10800万人民币,存续,,橡胶板、管、带制造,80.0,enterprise,true,approved,tianxiagongchang.com,603062,https://www.tianxiagongchang.com/detail/603062_he-bei-yue-meng-xiang-jiao-zhi-pin-you-xian-gong-si,橡胶制品,91131127MA07M37G7P,2015-12-22,https://www.hbsenwei.com,14,2,"存续,真实工厂",橡胶板、管、带制造,2026-09-15T16:08:20.726521+00:00
邢台山峰特种橡胶制品有限公司,河北省邢台市任泽区任城镇邢州东大街266号,河北省,邢台市,任泽区,"橡胶制品,汽摩配件,密封制品,橡胶,塑料制品,聚氨酯制品,聚乙烯制品,模具,油管,骨壳,弹簧,石棉垫,油封,出口本企业自产产品,进口本企业生产所需原辅材料",栾**,00000000000,15000.0,15000万人民币,存续,,"其他橡胶制品制造,其他未列明制造业",80.0,enterprise,true,approved,tianxiagongchang.com,625350,https://www.tianxiagongchang.com/detail/625350_xing-tai-shan-feng-te-zhong-xiang-jiao-zhi-pin-you-xian-gong-si,橡胶制品,91130526093146374W,2014-03-07,http://www.nqkoilseal.com,15,1,"存续,真实工厂","其他橡胶制品制造,其他未列明制造业",2026-09-15T16:08:20.726521+00:00
醴陵市橡胶制品厂有限责任公司,湖南省株洲市醴陵市阳三石街道立新村橡胶制品厂,湖南省,株洲市,醴陵市,"橡胶防水材料,输送带,工业棉帆布,支架制造销售,聚脂V带,橡胶止水带,铁路钢轨橡胶垫板,胶管球磨机橡胶衬里,输送带的出口业务,特种橡胶制品,橡胶杂件制品,工业用橡胶制品,传动带",何**,00000000000,5057.0,5057万人民币,存续,,橡胶板、管、带制造,80.0,enterprise,true,approved,tianxiagongchang.com,1510332,https://www.tianxiagongchang.com/detail/1510332_li-ling-shi-xiang-jiao-zhi-pin-chang-you-xian-ze-ren-gong-si,橡胶制品,91430281189925348U,1979-09-03,,12,1,"存续,真实工厂,曾用名,醴陵市橡胶制品厂 醴陵市工业橡塑制品厂",橡胶板、管、带制造,2026-09-15T16:08:20.726521+00:00
河北腾宇橡胶制品有限公司,河北省衡水市景县杜桥镇车佛街2号,河北省,衡水市,景县,"波纹补偿器,托辊,叶轮盖板,配件,橡塑制品,货物,密封圈,销售高压油管,生产,托辊滚筒,膨胀节,接头,喷砂管,销售高低压胶管及总成,橡胶制品,滤芯,金属软管,输送带,风炮管,液压机械,密封件,金属接头",戚**,00000000000,6000.0,6000万人民币,存续,,橡胶板、管、带制造,80.0,enterprise,true,approved,tianxiagongchang.com,2789174,https://www.tianxiagongchang.com/detail/2789174_he-bei-teng-yu-xiang-jiao-zhi-pin-you-xian-gong-si,橡胶制品,9113112707083625XC,2013-06-18,,6,2,"存续,真实工厂",橡胶板、管、带制造,2026-09-15T16:08:20.726521+00:00
衡水尚拓橡胶制品有限公司,河北省衡水滨湖新区滨河路与339国道交叉口南行800米路东,河北省,保定市,易县,"橡胶板,密封胶,橡塑,护栏支架的安装与维护,工业用橡胶制品,桥面隧道防水工程施工,桥梁支座,金属防护网,桥梁伸缩装置,止水条,抗震限位挡块,阻尼器,止水带,橡胶套靴,梁底钢板,桥梁金属预埋件,土工格栅,建筑支座,橡胶护舷,生产,护栏支架,防水材料,充气芯模,泄水管,桥梁伸缩缝,土工布,钢索,声测管,锚具",王**,00000000000,10050.0,10050万人民币,存续,,"金属制品业,橡胶和塑料制品业,橡胶制品业,橡胶板、管、带制造",80.0,enterprise,true,approved,tianxiagongchang.com,3604978,https://www.tianxiagongchang.com/detail/3604978_heng-shui-shang-tuo-xiang-jiao-zhi-pin-you-xian-gong-si,橡胶制品,91131106MA07NHN799,2016-03-04,http://shangtuoxj.com,16,3,"存续,真实工厂","金属制品业,橡胶和塑料制品业,橡胶制品业,橡胶板、管、带制造",2026-09-15T16:08:20.726521+00:00
山东金钰鼎橡胶制品有限公司,山东省济宁市兖州区颜店镇府前路（镇政府东500米）,山东省,济宁市,,"橡胶制品制造,橡胶制品销售,塑料制品制造,塑料制品销售,产业用纺织制成品制造,产业用纺织制成品销售,化工产品销售,塑胶表面处理,橡胶加工专用设备销售,塑料加工专用设备销售,纺织专用设备销售,矿山机械销售,五金产品零售,劳动保护用品销售,办公设备耗材销售,劳动保护用品生产,货物进出口,技术进出口",岳**,00000000000,11180.0,11180万人民币,存续,,"其他橡胶制品制造,橡胶制品业,橡胶和塑料制品业",80.0,enterprise,true,approved,tianxiagongchang.com,4158598,https://www.tianxiagongchang.com/detail/4158598_shan-dong-jin-yu-ding-xiang-jiao-zhi-pin-you-xian-gong-si,橡胶制品,91370811MA3PLURG4M,2019-04-24,http://www.sdjydxs.com,6,1,存续,"其他橡胶制品制造,橡胶制品业,橡胶和塑料制品业",2026-09-15T16:08:20.726521+00:00
扬州市世海橡胶制品有限公司,高邮市车逻工业集中区,江苏省,扬州市,高邮市,"橡胶制品,灯具,五金生产、销售,钢结构生产、安装、销售,道路普通货物运输",赵*,00000000000,3018.0,3018万人民币,存续,,"橡胶零件制造,其他橡胶制品制造",80.0,enterprise,true,approved,tianxiagongchang.com,234382,https://www.tianxiagongchang.com/detail/234382_yang-zhou-shi-shi-hai-xiang-jiao-zhi-pin-you-xian-gong-si,橡胶制品,913210846789931061,2008-08-20,http://www.yzsshxj.com,8,2,"存续,真实工厂","橡胶零件制造,其他橡胶制品制造",2026-09-15T16:08:20.726521+00:00
河北哈瑞橡胶制品有限公司,阜城县漫河乡祁庄村（原灶具厂院内）,河北省,衡水市,阜城县,"胶管总成,金属软管,胶管组合件,本产品,胶管组合及各种接头制造,尼龙制品,橡胶制品,高压胶管,高压油管,接头制造",吴**,00000000000,2000.0,2000万人民币,存续,,"橡胶板、管、带制造,其他橡胶制品制造",80.0,enterprise,true,approved,tianxiagongchang.com,329139,https://www.tianxiagongchang.com/detail/329139_he-bei-ha-rui-xiang-jiao-zhi-pin-you-xian-gong-si,橡胶制品,91131128599948315F,2013-07-09,http://www.haruihose.com,29,2,"存续,真实工厂","橡胶板、管、带制造,其他橡胶制品制造",2026-09-15T16:08:20.726521+00:00
保定富森橡胶制品有限公司,河北省保定市蠡县蠡吾镇大宋村,河北省,保定市,蠡县,"制造、加工、销售、设计,安装输送带,橡胶制品（不含医用）,尼龙布,帆布、托辊,滚筒,托辊支架,矿山机械设备及配件,机电设备及配件,刮板机,采煤机,提升机,输送机设备及配件",何**,00000000000,5000.0,5000万人民币,存续,,橡胶板、管、带制造,80.0,enterprise,true,approved,tianxiagongchang.com,365286,https://www.tianxiagongchang.com/detail/365286_bao-ding-fu-sen-xiang-jiao-zhi-pin-you-xian-gong-si,橡胶制品,9113063569588282XC,2009-10-28,,12,1,"存续,真实工厂",橡胶板、管、带制造,2026-09-15T16:08:20.726521+00:00
东莞市增元硅胶制品有限公司,广东省东莞市茶山镇横圳路16号,广东省,东莞市,东莞市,"五金制品,产销：硅胶制品,硅胶制品,橡胶制品,塑胶制品",吴**,00000000000,2000.0,2000万人民币,存续,,"其他橡胶制品制造,橡胶制品业",80.0,enterprise,true,approved,tianxiagongchang.com,1168196,https://www.tianxiagongchang.com/detail/1168196_dong-guan-shi-zeng-yuan-gui-jiao-zhi-pin-you-xian-gong-si,硅胶制品,91441900079575623L,2013-10-10,http://www.dgzengyuan.com,4,1,"存续,真实工厂","其他橡胶制品制造,橡胶制品业",2026-09-15T16:08:20.726521+00:00
东莞市广利硅胶制品有限公司,广东省东莞市黄江镇大冚西龙路6号2栋202室,广东省,东莞市,东莞市,"硅胶制品,橡胶制品,模具,塑胶制品,五金制品,玩具,硅胶制品的技术转让,货物或技术进出口",何*,00000000000,500.0,500万人民币,存续,,"橡胶制品业,其他橡胶制品制造",80.0,enterprise,true,approved,tianxiagongchang.com,587031,https://www.tianxiagongchang.com/detail/587031_dong-guan-shi-guang-li-gui-jiao-zhi-pin-you-xian-gong-si,硅胶制品,91441900MA5692TT8N,2021-04-14,,1,1,"存续,真实工厂","橡胶制品业,其他橡胶制品制造",2026-09-15T16:08:20.726521+00:00
东莞市鸿兴硅胶制品有限公司,广东省东莞市中堂镇茶煲横路1号3栋101室,广东省,东莞市,东莞市,"硅胶制品,塑料制品,货物或技术进出口",王**,00000000000,1000.0,1000万人民币,存续,,塑料制品业,80.0,enterprise,true,approved,tianxiagongchang.com,693638,https://www.tianxiagongchang.com/detail/693638_dong-guan-shi-hong-xing-gui-jiao-zhi-pin-you-xian-gong-si,硅胶制品,91441900MA53RLL4X5,2019-09-24,,2,2,"存续,真实工厂",塑料制品业,2026-09-15T16:08:20.726521+00:00
青岛美特硅胶制品有限公司,青岛平度市同和街道办事处电站路8号,山东省,青岛市,平度市,"硅胶套,硅胶餐具,硅胶密封圈,橡胶制品,硅胶手套,硅胶杯垫,硅胶冰格,儿童硅胶牙刷,硅胶烟灰缸,生活日用橡胶制品,硅胶勺,导电胶,硅胶筷子,硅胶奶嘴,硅胶垫餐具,硅胶钱包,硅胶制品,硅胶蛋糕模,硅胶手机套,硅橡胶按键,橡胶零件制品,硅胶手表带",黄**,00000000000,800.0,800万人民币,存续,,"橡胶零件制造,其他橡胶制品制造",80.0,enterprise,true,approved,tianxiagongchang.com,2335391,https://www.tianxiagongchang.com/detail/2335391_qing-dao-mei-te-gui-jiao-zhi-pin-you-xian-gong-si,硅胶制品,913702836678780069,2007-12-04,,18,1,"存续,真实工厂,曾用名,青岛美特硅胶制品有限公司 青岛凯美特电子有限公司","橡胶零件制造,其他橡胶制品制造",2026-09-15T16:08:20.726521+00:00
苏州成升硅胶制品有限公司,吴江区松陵镇友谊工业区,江苏省,苏州市,吴江区,"销售,五金配件,硅胶片材切割,塑胶制品销售,硅胶制品生产,电子配件",严*,00000000000,500.0,500万人民币,存续,,"日用及医用橡胶制品制造,橡胶和塑料制品业,塑料制品业",80.0,enterprise,true,approved,tianxiagongchang.com,3745445,https://www.tianxiagongchang.com/detail/3745445_su-zhou-cheng-sheng-gui-jiao-zhi-pin-you-xian-gong-si,硅胶制品,91320509MA1MECHM67,2016-01-13,,3,1,"存续,真实工厂","日用及医用橡胶制品制造,橡胶和塑料制品业,塑料制品业",2026-09-15T16:08:20.726521+00:00
东莞市昌圣硅胶制品有限公司,广东省东莞市寮步镇良平路141号3栋202室,广东省,东莞市,,"硅胶制品,硅胶垫片,导热胶片,硅橡胶杂件,模具制品,货物进出口,技术进出口",钱**,00000000000,505.06,505.06万人民币,存续,,"其他橡胶制品制造,橡胶制品业,橡胶和塑料制品业",80.0,enterprise,true,approved,tianxiagongchang.com,4188091,https://www.tianxiagongchang.com/detail/4188091_dong-guan-shi-chang-sheng-gui-jiao-zhi-pin-you-xian-gong-si,硅胶制品,914419000825549979,2013-11-06,http://www.changshengcpu.com,13,1,存续,"其他橡胶制品制造,橡胶制品业,橡胶和塑料制品业",2026-09-15T16:08:20.726521+00:00
东莞市汇心硅胶制品有限公司,东莞市长安镇乌沙社区第四工业区振源路12号西门三楼,广东省,东莞市,,"硅胶制品,电子产品,智能产品,健身设备,手机,电脑配件,汽车配件,智能家具及配件,工艺品（象牙及其制品除外),木制品,皮具制品,金属制品,塑胶制品,模具设计,夹具,冶具的设计及制造,手板模型制作,化妆品,护肤品的销售,货物或技术进出口",谢**,00000000000,600.0,600.00万人民币,存续,,其他制造业,80.0,enterprise,true,approved,tianxiagongchang.com,4385878,https://www.tianxiagongchang.com/detail/4385878_dong-guan-shi-hui-xin-gui-jiao-zhi-pin-you-xian-gong-si,硅胶制品,91441900MA51CX7Y53,2018-03-06,,7,1,"存续,曾用名,东莞市汇心电子科技有限公司",其他制造业,2026-09-15T16:08:20.726521+00:00
东莞市鑫耀达硅胶制品有限公司,广东省东莞市大岭山镇鸡翅岭香山路66号2栋202室,广东省,东莞市,东莞市,"硅胶制品,塑胶制品,电子烟（不含烟草制品）,厨具,数码产品,日用品,户外用品,五金模具,母婴产品,宠物用品",贺*,00000000000,200.0,200万人民币,存续,,"塑料零件及其他塑料制品制造,其他橡胶制品制造",80.0,enterprise,true,approved,tianxiagongchang.com,590179,https://www.tianxiagongchang.com/detail/590179_dong-guan-shi-xin-yao-da-gui-jiao-zhi-pin-you-xian-gong-si,硅胶制品,91441900MA53WUTW13,2019-10-17,,1,1,"存续,真实工厂","塑料零件及其他塑料制品制造,其他橡胶制品制造",2026-09-15T16:08:20.726521+00:00
东莞市贝嘉硅胶制品有限公司,广东省东莞市高埗镇高埗大道90号6号楼102室,广东省,东莞市,东莞市,"蛋糕模,鼠标垫,手机套,冰箱贴,U盘套,服装洗水唛,服装主唛,包包拉片,硅胶手机套,相框,塑胶制品,生产硅橡胶制品,橡皮筋,织唛,洗涤商标,压布微章,热熔胶商标,PVC拉链头,PVC胶章,硅胶拉链头,硅胶手环,硅胶商标,钥匙链,行李牌,海棉瓶套,电脑袋,手机防滑垫,泳帽,挂饰,绕线器,服装商标,杯垫,织唛标,饰品,密封圈,硅胶手表,CD袋,冰格,冲浪衣,烟灰缸,硅胶制品,pvc软胶制品",朱**,00000000000,300.0,300万人民币,存续,,其他橡胶制品制造,80.0,enterprise,true,approved,tianxiagongchang.com,1214182,https://www.tianxiagongchang.com/detail/1214182_dong-guan-shi-bei-jia-gui-jiao-zhi-pin-you-xian-gong-si,硅胶制品,914419005779292958,2011-07-12,,12,3,"存续,真实工厂",其他橡胶制品制造,2026-09-15T16:08:20.726521+00:00
东莞市龙绪硅胶制品有限公司,广东省东莞市石排镇侨业路1号1号楼601室,广东省,东莞市,东莞市,"硅胶制品,五金制品,厨具用品,家居用品,礼品饰品,货物进出口,技术进出口",龙**,00000000000,200.0,200万人民币,存续,,塑料制品业,80.0,enterprise,true,approved,tianxiagongchang.com,1351764,https://www.tianxiagongchang.com/detail/1351764_dong-guan-shi-long-xu-gui-jiao-zhi-pin-you-xian-gong-si,硅胶制品,91441900MA51ET6W2U,2018-03-21,https://www.longxudg.com,15,2,"存续,真实工厂",塑料制品业,2026-09-15T16:08:20.726521+00:00
天津嫣稳伟业塑料制品有限责任公司,天津海河教育园区新慧路1号管理中心二区301-24CY341室（存在多址信息）,天津市,天津市,东丽区,"塑料制品,塑胶制品,铜管,塑胶枕木,塑胶挤出机,模具制造,铁路配件加工、制造,塑胶枕木技术研发,塑胶马路边道牙,塑胶井盖研发及制造,环保技术开发,技术服务,技术转让,技术咨询",孙*,00000000000,56356.45,56356.45万人民币,存续,,塑料板、管、型材制造,80.0,enterprise,true,approved,tianxiagongchang.com,407765,https://www.tianxiagongchang.com/detail/407765_tian-jin-yan-wen-wei-ye-su-liao-zhi-pin-you-xian-ze-ren-gong-si,塑料制品,91120111069872421Y,2013-05-31,,6,2,"存续,真实工厂",塑料板、管、型材制造,2026-09-15T16:08:20.726521+00:00
大庆市红岗区庆德福塑料制品有限公司,黑龙江省大庆市红岗区杏树岗镇杏六路（经营场所：黑龙江省大庆市红岗区杏树岗镇金山堡村369号）,黑龙江省,大庆市,红岗区,"玻璃制品的加工及销售,废旧物资回收,塑料制品",慈**,00000000000,5500.0,5500万人民币,存续,,塑料丝、绳及编织品制造,80.0,enterprise,true,approved,tianxiagongchang.com,588115,https://www.tianxiagongchang.com/detail/588115_da-qing-shi-hong-gang-qu-qing-de-fu-su-liao-zhi-pin-you-xian-gong-si,塑料制品,91230605551322022U,2010-03-31,,6,2,"存续,真实工厂",塑料丝、绳及编织品制造,2026-09-15T16:08:20.726521+00:00
湖北聚绿源塑料制品有限公司,湖北省天门工业园,湖北省,省直辖县级行政区划,天门市,"货物进出口,塑料制品,金属制品,金属包装物品及容器,五金制品,无纺布及无纺布制品,一次性防护口罩的生产、销售,再生资料（有毒和放射性物品除外）",陈*,00000000000,5899.0,5899万人民币,存续,,塑料包装箱及容器制造,80.0,enterprise,true,approved,tianxiagongchang.com,2462507,https://www.tianxiagongchang.com/detail/2462507_hu-bei-ju-lv-yuan-su-liao-zhi-pin-you-xian-gong-si,塑料制品,91429006080929820L,2013-10-24,,6,1,"存续,真实工厂,曾用名,武汉鑫意高数控刀具科技有限公司",塑料包装箱及容器制造,2026-09-15T16:08:20.726521+00:00
青州华诚塑料制品有限公司,山东省潍坊市青州市高柳镇东朱良村,山东省,潍坊市,,"农膜,农用塑编制品,编织袋,内衬袋,保温被生产、销售,塑料原料,助剂,化工产品,塑料制品,大棚材料,防水防潮保温材料销售,温室大棚设计、施工、维护,温室工程设计、施工,网上贸易代理,货物及技术进出口",陈**,00000000000,8000.0,8000万人民币,存续,,"塑料制品业,塑料薄膜制造,橡胶和塑料制品业",80.0,enterprise,true,approved,tianxiagongchang.com,4156202,https://www.tianxiagongchang.com/detail/4156202_qing-zhou-hua-cheng-su-liao-zhi-pin-you-xian-gong-si,塑料制品,91370781MA3NAY5L45,2018-09-29,,6,3,存续,"塑料制品业,塑料薄膜制造,橡胶和塑料制品业",2026-09-15T16:08:20.726521+00:00
宁波弘盛塑料制品有限公司,浙江省象山县定塘镇元亨路29号,浙江省,宁波市,,"塑料制品,橡胶制品制造、加工、批发、零售,基础设施项目开发,建材研发、批发、零售",盛**,00000000000,6000.0,6000.00万元,存续,,"塑料制品业,塑料零件及其他塑料制品制造,橡胶和塑料制品业",80.0,enterprise,true,approved,tianxiagongchang.com,4380112,https://www.tianxiagongchang.com/detail/4380112_ning-bo-hong-sheng-su-liao-zhi-pin-you-xian-gong-si,塑料制品,91330225MA2923E66R,2017-06-27,,5,1,存续,"塑料制品业,塑料零件及其他塑料制品制造,橡胶和塑料制品业",2026-09-15T16:08:20.726521+00:00
福清市弘旭塑料制品有限公司,福建省福州市福清市江阴镇江阴港城经济区西部片区林芝路东侧,福建省,福州市,福清市,"塑料制品加工,塑料制品批发零售",吕**,00000000000,3800.0,3800万人民币,存续,,塑料零件及其他塑料制品制造,80.0,enterprise,true,approved,tianxiagongchang.com,7879,https://www.tianxiagongchang.com/detail/7879_fu-qing-shi-hong-xu-su-liao-zhi-pin-you-xian-gong-si,塑料制品,91350181MA2XN69R0Q,2015-10-20,,5,1,"存续,真实工厂",塑料零件及其他塑料制品制造,2026-09-15T16:08:20.726521+00:00
永城市创达塑料制品有限公司,永城市陈官庄乡固尚村,河南省,商丘市,永城市,塑料制品回收、加工销售,代**,00000000000,2900.0,2900万人民币,存续,,"非金属废料和碎屑加工处理,塑料零件及其他塑料制品制造",80.0,enterprise,true,approved,tianxiagongchang.com,16752,https://www.tianxiagongchang.com/detail/16752_yong-cheng-shi-chuang-da-su-liao-zhi-pin-you-xian-gong-si,塑料制品,91411481MA44PXWG93,2017-12-15,,2,2,"存续,真实工厂","非金属废料和碎屑加工处理,塑料零件及其他塑料制品制造",2026-09-15T16:08:20.726521+00:00
霸州市万康塑料制品有限公司,河北省廊坊市霸州市东杨庄乡杜台子村,河北省,廊坊市,霸州市,"垃圾箱,塑料托盘,五金零件加工,钣金箱体,环卫设备,床头柜,医疗器械,abs床头柜原材料,推车,塑料垃圾桶,病床塑料制品配件,生产和销售日用塑料制品,钢塑制品,果壳箱,模具制造",杜**,00000000000,2000.0,2000万人民币,存续,,"非金属废料和碎屑加工处理,日用塑料制品制造",80.0,enterprise,true,approved,tianxiagongchang.com,24711,https://www.tianxiagongchang.com/detail/24711_ba-zhou-shi-wan-kang-su-liao-zhi-pin-you-xian-gong-si,塑料制品,91131081MA07K8KG22,2015-10-19,http://www.bzwankang.cn,11,2,"存续,真实工厂","非金属废料和碎屑加工处理,日用塑料制品制造",2026-09-15T16:08:20.726521+00:00
福州宇恒万泉塑料制品有限公司,闽清县白樟镇云渡村小溪工业区,福建省,福州市,闽清县,"加工、生产、销售塑料制品,技术出口业务,原辅材料,机械设备,零配件及技术的进出口业务",吴**,00000000000,1200.0,1200万人民币,存续,,"非金属废料和碎屑加工处理,塑料零件及其他塑料制品制造",80.0,enterprise,true,approved,tianxiagongchang.com,35339,https://www.tianxiagongchang.com/detail/35339_fu-zhou-yu-heng-wan-quan-su-liao-zhi-pin-you-xian-gong-si,塑料制品,91350124569268941Y,2011-02-16,,4,1,"存续,真实工厂","非金属废料和碎屑加工处理,塑料零件及其他塑料制品制造",2026-09-15T16:08:20.726521+00:00
金华市联宾塑料制品有限公司,浙江省金东经济开发区金港大道东888号,浙江省,金华市,义乌市,"其他印刷品印刷,注塑类塑料制品生产,塑料薄膜制造,吹塑类,道路货物运输,销售,包装装潢",胡**,00000000000,2000.0,2000万人民币,存续,,"塑料薄膜制造,塑料零件及其他塑料制品制造",80.0,enterprise,true,approved,tianxiagongchang.com,45948,https://www.tianxiagongchang.com/detail/45948_jin-hua-shi-lian-bin-su-liao-zhi-pin-you-xian-gong-si,塑料制品,9133070366391361X8,2007-06-08,http://www.jhlianbin.com,11,1,"存续,真实工厂","塑料薄膜制造,塑料零件及其他塑料制品制造",2026-09-15T16:08:20.726521+00:00
吉安市佳威吸塑包装制品有限公司,江西省吉安市峡江县城南工业园区,江西省,吉安市,峡江县,"吸塑包装制品加工销售,无记录",肖**,00000000000,500.0,500万人民币,存续,,"塑料包装箱及容器制造,塑料零件及其他塑料制品制造",80.0,enterprise,true,approved,tianxiagongchang.com,875361,https://www.tianxiagongchang.com/detail/875361_ji-an-shi-jia-wei-xi-su-bao-zhuang-zhi-pin-you-xian-gong-si,吸塑包装,9136082379477148X7,2006-11-03,,4,1,"存续,真实工厂","塑料包装箱及容器制造,塑料零件及其他塑料制品制造",2026-09-15T16:08:20.726521+00:00
常州昌辉吸塑包装有限公司,常州市新北区薛家镇春江中路185号,江苏省,常州市,新北区,"吸塑,PP,吸塑泡壳,PS,塑料包装产品,APET,圆筒,折盒,塑胶包装制品,PVC,PETG,全自动折边`粘合机6台,吸塑包装",梁**,00000000000,600.0,600万人民币,存续,,"塑料包装箱及容器制造,塑料制品业",80.0,enterprise,true,approved,tianxiagongchang.com,2136270,https://www.tianxiagongchang.com/detail/2136270_chang-zhou-chang-hui-xi-su-bao-zhuang-you-xian-gong-si,吸塑包装,913204115642608367,2010-10-26,,13,1,"存续,真实工厂","塑料包装箱及容器制造,塑料制品业",2026-09-15T16:08:20.726521+00:00
宁波尚基吸塑包装有限公司,浙江省慈溪市桥头镇上林湖村,浙江省,宁波市,慈溪市,"圆筒,公共,PS,安全,植绒,能采用PVC,胶盒,PET,吸塑包装,防护",毛**,00000000000,150.0,150万人民币,存续,,"塑料包装箱及容器制造,塑料零件及其他塑料制品制造",80.0,enterprise,true,approved,tianxiagongchang.com,1396700,https://www.tianxiagongchang.com/detail/1396700_ning-bo-shang-ji-xi-su-bao-zhuang-you-xian-gong-si,吸塑包装,913302826712075206,2008-01-23,,10,2,"存续,真实工厂","塑料包装箱及容器制造,塑料零件及其他塑料制品制造",2026-09-15T16:08:20.726521+00:00
慈溪市名泰吸塑包装有限公司,浙江省慈溪滨海经济开发区天叙东路399号5幢1层101室,浙江省,宁波市,慈溪市,"纸制品,PVCPET等吸塑PVCPET胶盒,化工产品,机械配件,玻璃及玻璃制品,日用品,塑料制品,金属制品,吸塑包装产品",谭**,00000000000,200.0,200万人民币,存续,,"塑料制品业,塑料包装箱及容器制造",80.0,enterprise,true,approved,tianxiagongchang.com,1546090,https://www.tianxiagongchang.com/detail/1546090_ci-xi-shi-ming-tai-xi-su-bao-zhuang-you-xian-gong-si,吸塑包装,9133028255795774XU,2010-07-02,,15,3,"存续,真实工厂,曾用名,宁波市镇海名泰吸塑包装有限公司","塑料制品业,塑料包装箱及容器制造",2026-09-15T16:08:20.726521+00:00
武汉市运兴吸塑包装有限公司,江岸区后湖乡罗家嘴５号,湖北省,武汉市,江岸区,"镀金片,防静电,PET,吸塑包装产品,植绒片,PP,PVC,吸塑包装制品,PS,HIPS,塑料制品,塑料片材,吸塑包装模具,吸塑包装",孔**,00000000000,101.0,101万人民币,存续,,"塑料包装箱及容器制造,其他未列明批发业",80.0,enterprise,true,approved,tianxiagongchang.com,2571452,https://www.tianxiagongchang.com/detail/2571452_wu-han-shi-yun-xing-xi-su-bao-zhuang-you-xian-gong-si,吸塑包装,91420102761243816M,2004-06-21,,9,1,"存续,真实工厂","塑料包装箱及容器制造,其他未列明批发业",2026-09-15T16:08:20.726521+00:00
深圳市联运达吸塑包装有限公司,深圳市宝安区航城街道黄田社区下洋贝工业园2栋501,广东省,深圳市,宝安区,"圆筒,货物及技术的进出口业务,折盒,PP,PVC,PS植绒吸塑成型,模具的制作,五金塑胶制品销售,高周波,国内贸易,PET,五金塑胶制品加工,超声波设备,吸塑产品,丝印胶盒,吸塑托盘,吸塑包装",王**,00000000000,3.0,3万人民币,存续,,"塑料包装箱及容器制造,塑料制品业",80.0,enterprise,true,approved,tianxiagongchang.com,1135514,https://www.tianxiagongchang.com/detail/1135514_shen-zhen-shi-lian-yun-da-xi-su-bao-zhuang-you-xian-gong-si,吸塑包装,91440300311793941G,2014-07-29,,8,1,"存续,真实工厂","塑料包装箱及容器制造,塑料制品业",2026-09-15T16:08:20.726521+00:00
宁波市江北鸿益吸塑包装用品厂,浙江省宁波市江北区洪塘街道慈江村周陈村大滩严家34,浙江省,宁波市,江北区,"吸塑包装用品,吸塑包装,塑料制品,纸制品,机械配件",周**,00000000000,10.0,10万人民币,存续,,"塑料包装箱及容器制造,塑料零件及其他塑料制品制造",80.0,enterprise,true,approved,tianxiagongchang.com,1170175,https://www.tianxiagongchang.com/detail/1170175_ning-bo-shi-jiang-bei-hong-yi-xi-su-bao-zhuang-yong-pin-chang,吸塑包装,91330205570524631F,2011-03-22,,4,1,"存续,真实工厂","塑料包装箱及容器制造,塑料零件及其他塑料制品制造",2026-09-15T16:08:20.726521+00:00
余姚市精诚吸塑包装有限公司,余姚市凤山街道蜀山村,浙江省,宁波市,余姚市,"塑料制品,吸塑片材,五金件的制造,吸塑包装,加工",叶**,00000000000,50.0,50万人民币,存续,,"塑料包装箱及容器制造,塑料板、管、型材制造",80.0,enterprise,true,approved,tianxiagongchang.com,1251237,https://www.tianxiagongchang.com/detail/1251237_yu-yao-shi-jing-cheng-xi-su-bao-zhuang-you-xian-gong-si,吸塑包装,913302817473859221,2003-04-24,,8,1,"存续,真实工厂","塑料包装箱及容器制造,塑料板、管、型材制造",2026-09-15T16:08:20.726521+00:00
宁海县凡力吸塑包装厂,宁海县西店镇团堧村,浙江省,宁波市,宁海县,"工作灯,检修灯,自行车灯,铝合金手电筒吸塑包装野营灯手电筒,钥匙灯,户外手电筒,车灯,笔灯,感应灯,手电筒,防水手电筒,酒店应急灯,潜水灯,礼品手电筒",戴**,00000000000,,,存续,,塑料零件及其他塑料制品制造,80.0,enterprise,true,approved,tianxiagongchang.com,1382391,https://www.tianxiagongchang.com/detail/1382391_ning-hai-xian-fan-li-xi-su-bao-zhuang-chang,吸塑包装,92330226MA2EMKD00A,2012-08-29,,5,1,"存续,真实工厂",塑料零件及其他塑料制品制造,2026-09-15T16:08:20.726521+00:00
宁波市鄞州东吴晗旭吸塑包装厂,宁波市鄞州区东吴镇生姜村,浙江省,宁波市,鄞州区,"吸塑包装,塑料制品,五金件",林**,00000000000,0.0,0.001万人民币,存续,,"塑料零件及其他塑料制品制造,塑料包装箱及容器制造",80.0,enterprise,true,approved,tianxiagongchang.com,1591853,https://www.tianxiagongchang.com/detail/1591853_ning-bo-shi-yin-zhou-dong-wu-han-xu-xi-su-bao-zhuang-chang,吸塑包装,92330212MA2EF5N99M,2007-05-11,,1,1,"存续,真实工厂","塑料零件及其他塑料制品制造,塑料包装箱及容器制造",2026-09-15T16:08:20.726521+00:00
项城市群康纸箱包装有限公司,项城市产业集聚区经一路北段,河南省,周口市,项城市,"纸杯,设备租赁,礼盒,材料,普通货物仓储服务,物流服务,养老项目建设及经营管理,纸碗,不干胶标签,仓库,封箱胶带加工销售,手提袋,纸筒,纸箱,纸盒,纸箱包装,厂房,其它印刷品印制",张**,00000000000,700.0,700万人民币,存续,,"其他纸制品制造,纸和纸板容器制造",80.0,enterprise,true,approved,tianxiagongchang.com,1038009,https://www.tianxiagongchang.com/detail/1038009_xiang-cheng-shi-qun-kang-zhi-xiang-bao-zhuang-you-xian-gong-si,纸箱包装,91411681554237093M,2010-04-30,,4,1,"存续,真实工厂","其他纸制品制造,纸和纸板容器制造",2026-09-15T16:08:20.726521+00:00
湖北东旭纸箱包装有限公司,湖北省荆门市京山市开发区(镇)新阳大道群光村路口以东,湖北省,荆门市,京山市,"日用化工产品购销,包装装潢,其他印刷品印刷,销售,加工,五金,一般经营项目：纸箱包装生产,机电产品,纸箱包装生产",魏*,00000000000,1000.0,1000万人民币,存续,,"纸制品制造,其他纸制品制造",80.0,enterprise,true,approved,tianxiagongchang.com,2863142,https://www.tianxiagongchang.com/detail/2863142_hu-bei-dong-xu-zhi-xiang-bao-zhuang-you-xian-gong-si,纸箱包装,914208210740843076,2013-07-26,,7,3,"存续,真实工厂","纸制品制造,其他纸制品制造",2026-09-15T16:08:20.726521+00:00
临沂宏顺纸箱包装有限公司,山东省临沂市罗庄区傅庄街道驻地罗七路与金都路交汇西300米路南,山东省,临沂市,罗庄区,"纸箱包装,纸箱,纸盒,礼盒",庞*,00000000000,500.0,500万人民币,存续,,"纸和纸板容器制造,造纸和纸制品业,纸制品制造,其他纸制品制造",80.0,enterprise,true,approved,tianxiagongchang.com,3816778,https://www.tianxiagongchang.com/detail/3816778_lin-yi-hong-shun-zhi-xiang-bao-zhuang-you-xian-gong-si,纸箱包装,91371311MA3RJKBY30,2020-03-16,,1,1,"存续,真实工厂","纸和纸板容器制造,造纸和纸制品业,纸制品制造,其他纸制品制造",2026-09-15T16:08:20.726521+00:00
海南广泰纸箱包装有限公司,海南省澄迈县老城开发区南二环路6.5公里处南侧海南港邦印刷包装有限公司综合楼二楼,海南省,省直辖县级行政区划,澄迈县,"纸箱包装,包装纸盒,包装材料,纸制品加工及销售,代购代销,纸箱印刷服务,货物进出口业务",雷**,00000000000,150.0,150万人民币,存续,,"包装装潢及其他印刷,其他纸制品制造",80.0,enterprise,true,approved,tianxiagongchang.com,851434,https://www.tianxiagongchang.com/detail/851434_hai-nan-guang-tai-zhi-xiang-bao-zhuang-you-xian-gong-si,纸箱包装,91469027687290103L,2009-07-15,,3,1,"存续,真实工厂,曾用名,海南生泰纸箱包装有限公司","包装装潢及其他印刷,其他纸制品制造",2026-09-15T16:08:20.726521+00:00
河北平安纸箱包装机械有限公司,东光县城关镇白马刘村,河北省,沧州市,东光县,"其他包装机械胶印机其他印刷设备包装机械配件,制造销售纸箱包装机械及本公司产品",王*,00000000000,300.0,300万人民币,存续,,农林牧渔机械配件制造,80.0,enterprise,true,approved,tianxiagongchang.com,1062339,https://www.tianxiagongchang.com/detail/1062339_he-bei-ping-an-zhi-xiang-bao-zhuang-ji-xie-you-xian-gong-si,纸箱包装,91130923L1219495X8,2006-09-08,,22,2,"存续,真实工厂,曾用名,沧州平安纸箱包装机械有限公司",农林牧渔机械配件制造,2026-09-15T16:08:20.726521+00:00
沈阳合众鑫纸箱包装有限公司,辽宁省沈阳市辽宁康平经济开发区朝阳堡村,辽宁省,沈阳市,康平县,"纸箱包装、装订与销售,水泥袋,编织袋,封口纸加工,胶带生产与销售,纸制品加工与销售",房*,00000000000,150.0,150万人民币,存续,,"纸和纸板容器制造,纸制品制造",80.0,enterprise,true,approved,tianxiagongchang.com,1222520,https://www.tianxiagongchang.com/detail/1222520_shen-yang-he-zhong-xin-zhi-xiang-bao-zhuang-you-xian-gong-si,纸箱包装,91210123MA0U51PH2M,2017-05-15,,2,1,"存续,真实工厂","纸和纸板容器制造,纸制品制造",2026-09-15T16:08:20.726521+00:00
启东市正亿纸箱包装有限公司,启东市北新镇民主工业集中区民新路12号,江苏省,南通市,启东市,"包装装潢印刷品印刷,销售,纸箱包装",张**,00000000000,150.0,150万人民币,存续,,"其他纸制品制造,包装装潢及其他印刷",80.0,enterprise,true,approved,tianxiagongchang.com,1665555,https://www.tianxiagongchang.com/detail/1665555_qi-dong-shi-zheng-yi-zhi-xiang-bao-zhuang-you-xian-gong-si,纸箱包装,9132068105020655XF,2012-07-10,,2,1,"存续,真实工厂","其他纸制品制造,包装装潢及其他印刷",2026-09-15T16:08:20.726521+00:00
绩溪县鸿盛纸箱包装有限公司,安徽省宣城市绩溪县华阳镇生态工业园区永强路9号,安徽省,宣城市,绩溪县,纸箱包装装潢、印刷、加工、销售,方*,00000000000,150.0,150万人民币,存续,,"纸制品制造,包装装潢及其他印刷",80.0,enterprise,true,approved,tianxiagongchang.com,2005752,https://www.tianxiagongchang.com/detail/2005752_ji-xi-xian-hong-sheng-zhi-xiang-bao-zhuang-you-xian-gong-si,纸箱包装,91341824MA2RJKYBXT,2018-03-15,,1,1,"存续,真实工厂","纸制品制造,包装装潢及其他印刷",2026-09-15T16:08:20.726521+00:00
丹阳市恒诚纸箱包装有限公司,丹阳市开发区立曜路10号-6,江苏省,镇江市,丹阳市,"包装装潢印刷品排版、制版、印刷,装订,其他印刷品印刷,纸制品,纸箱包装生产销售",杜**,00000000000,150.0,150万人民币,存续,,纸制品制造,80.0,enterprise,true,approved,tianxiagongchang.com,2558024,https://www.tianxiagongchang.com/detail/2558024_dan-yang-shi-heng-cheng-zhi-xiang-bao-zhuang-you-xian-gong-si,纸箱包装,91321181782704167Q,2008-09-16,,4,1,"存续,真实工厂",纸制品制造,2026-09-15T16:08:20.726521+00:00
